LogID,Timestamp,Level,Service,Message
10000001,2026-08-28 00:00:02,INFO,Storage,"Request completed"
10000002,2026-08-28 00:00:03,DEBUG,Database,"Server overloaded"
10000003,2026-08-28 00:00:05,INFO,Payment,"Authentication failed"
10000004,2026-08-28 00:00:06,WARN,Database,"Authentication failed"
10000005,2026-08-28 00:00:07,DEBUG,API,"Payment failed"
10000006,2026-08-28 00:00:10,INFO,Database,"Database unavailable"
10000007,2026-08-28 00:00:12,DEBUG,API,"Server overloaded"
10000008,2026-08-28 00:00:12,INFO,Network,"File not found"
10000009,2026-08-28 00:00:12,WARN,Payment,"Invalid request"
10000010,2026-08-28 00:00:12,INFO,API,"Request completed"
10000011,2026-08-28 00:00:15,ERROR,API,"Invalid request"
10000012,2026-08-28 00:00:17,INFO,Storage,"High memory usage"
10000013,2026-08-28 00:00:17,WARN,Network,"Connection timeout"
10000014,2026-08-28 00:00:20,INFO,Authentication,"Connection timeout"
10000015,2026-08-28 00:00:23,INFO,Database,"Database unavailable"
10000016,2026-08-28 00:00:24,DEBUG,Server,"Connection refused"
10000017,2026-08-28 00:00:27,ERROR,Storage,"Payment failed"
10000018,2026-08-28 00:00:29,WARN,Payment,"Connection refused"
10000019,2026-08-28 00:00:30,WARN,Database,"Database unavailable"
10000020,2026-08-28 00:00:31,ERROR,Payment,"Database unavailable"
10000021,2026-08-28 00:00:32,ERROR,Storage,"Authentication failed"
10000022,2026-08-28 00:00:32,INFO,Authentication,"Request completed"
10000023,2026-08-28 00:00:33,DEBUG,API,"File not found"
10000024,2026-08-28 00:00:33,WARN,Payment,"Database unavailable"
10000025,2026-08-28 00:00:36,WARN,Database,"Server overloaded"
10000026,2026-08-28 00:00:37,INFO,Database,"Payment failed"
10000027,2026-08-28 00:00:39,ERROR,Storage,"File not found"
10000028,2026-08-28 00:00:41,WARN,Server,"Request completed"
10000029,2026-08-28 00:00:44,INFO,Server,"Connection timeout"
10000030,2026-08-28 00:00:46,WARN,Payment,"Payment failed"
10000031,2026-08-28 00:00:48,INFO,Database,"Database unavailable"
10000032,2026-08-28 00:00:48,INFO,API,"Database unavailable"
10000033,2026-08-28 00:00:50,DEBUG,Database,"Authentication failed"
10000034,2026-08-28 00:00:51,DEBUG,Storage,"Server overloaded"
10000035,2026-08-28 00:00:53,ERROR,Storage,"Database unavailable"
10000036,2026-08-28 00:00:54,DEBUG,Server,"Database unavailable"
10000037,2026-08-28 00:00:54,WARN,API,"Database unavailable"
10000038,2026-08-28 00:00:56,WARN,Server,"High memory usage"
10000039,2026-08-28 00:00:59,INFO,Server,"Payment failed"
10000040,2026-08-28 00:01:01,DEBUG,Storage,"Connection refused"
10000041,2026-08-28 00:01:04,WARN,Server,"Connection timeout"
10000042,2026-08-28 00:01:07,ERROR,Storage,"Payment failed"
10000043,2026-08-28 00:01:10,WARN,Authentication,"Request completed"
10000044,2026-08-28 00:01:13,INFO,Database,"Connection refused"
10000045,2026-08-28 00:01:14,WARN,Authentication,"Authentication failed"
10000046,2026-08-28 00:01:15,DEBUG,API,"Payment failed"
10000047,2026-08-28 00:01:15,WARN,API,"High memory usage"
10000048,2026-08-28 00:01:15,DEBUG,Payment,"Database unavailable"
10000049,2026-08-28 00:01:15,DEBUG,API,"Payment failed"
10000050,2026-08-28 00:01:15,ERROR,Payment,"Request completed"
10000051,2026-08-28 00:01:16,WARN,Server,"Server overloaded"
10000052,2026-08-28 00:01:19,DEBUG,Network,"Connection refused"
10000053,2026-08-28 00:01:19,INFO,Payment,"Database unavailable"
10000054,2026-08-28 00:01:21,WARN,API,"High memory usage"
10000055,2026-08-28 00:01:23,WARN,Network,"Database unavailable"
10000056,2026-08-28 00:01:25,WARN,Storage,"Database unavailable"
10000057,2026-08-28 00:01:27,INFO,Network,"Database unavailable"
10000058,2026-08-28 00:01:29,ERROR,Payment,"Invalid request"
10000059,2026-08-28 00:01:32,ERROR,Storage,"Payment failed"
10000060,2026-08-28 00:01:33,INFO,API,"Connection timeout"
10000061,2026-08-28 00:01:34,DEBUG,Network,"Connection timeout"
10000062,2026-08-28 00:01:35,DEBUG,Authentication,"Connection refused"
10000063,2026-08-28 00:01:37,INFO,Storage,"High memory usage"
10000064,2026-08-28 00:01:38,INFO,API,"High memory usage"
10000065,2026-08-28 00:01:40,DEBUG,Storage,"Connection refused"
10000066,2026-08-28 00:01:41,ERROR,Network,"File not found"
10000067,2026-08-28 00:01:43,ERROR,Storage,"Invalid request"
10000068,2026-08-28 00:01:46,DEBUG,Network,"Connection timeout"
10000069,2026-08-28 00:01:49,INFO,Authentication,"Payment failed"
10000070,2026-08-28 00:01:49,INFO,Server,"Authentication failed"
10000071,2026-08-28 00:01:51,WARN,Authentication,"Invalid request"
10000072,2026-08-28 00:01:54,ERROR,Authentication,"Server overloaded"
10000073,2026-08-28 00:01:57,ERROR,API,"Server overloaded"
10000074,2026-08-28 00:01:59,INFO,Server,"Invalid request"
10000075,2026-08-28 00:01:59,ERROR,Payment,"Database unavailable"
10000076,2026-08-28 00:02:01,DEBUG,Payment,"File not found"
10000077,2026-08-28 00:02:03,DEBUG,Database,"Database unavailable"
10000078,2026-08-28 00:02:03,WARN,Authentication,"Server overloaded"
10000079,2026-08-28 00:02:03,WARN,API,"Request completed"
10000080,2026-08-28 00:02:06,INFO,Network,"Connection timeout"
10000081,2026-08-28 00:02:09,WARN,Storage,"Payment failed"
10000082,2026-08-28 00:02:10,INFO,Payment,"Connection refused"
10000083,2026-08-28 00:02:12,DEBUG,Database,"Database unavailable"
10000084,2026-08-28 00:02:13,INFO,Payment,"File not found"
10000085,2026-08-28 00:02:15,ERROR,Storage,"File not found"
10000086,2026-08-28 00:02:17,INFO,Payment,"File not found"
10000087,2026-08-28 00:02:20,WARN,Authentication,"Database unavailable"
10000088,2026-08-28 00:02:21,INFO,Storage,"Invalid request"
10000089,2026-08-28 00:02:22,WARN,Storage,"Payment failed"
10000090,2026-08-28 00:02:24,ERROR,Database,"Authentication failed"
10000091,2026-08-28 00:02:25,WARN,Authentication,"Authentication failed"
10000092,2026-08-28 00:02:27,DEBUG,Authentication,"File not found"
10000093,2026-08-28 00:02:29,WARN,Database,"Connection refused"
10000094,2026-08-28 00:02:32,DEBUG,Database,"File not found"
10000095,2026-08-28 00:02:34,ERROR,Server,"Server overloaded"
10000096,2026-08-28 00:02:34,WARN,Payment,"High memory usage"
10000097,2026-08-28 00:02:36,ERROR,Authentication,"High memory usage"
10000098,2026-08-28 00:02:36,DEBUG,Storage,"Connection timeout"
10000099,2026-08-28 00:02:38,ERROR,Payment,"File not found"
10000100,2026-08-28 00:02:40,ERROR,Database,"Connection timeout"
10000101,2026-08-28 00:02:41,INFO,Network,"Database unavailable"
10000102,2026-08-28 00:02:42,ERROR,Database,"Connection refused"
10000103,2026-08-28 00:02:44,DEBUG,Network,"Connection refused"
10000104,2026-08-28 00:02:46,DEBUG,Server,"Request completed"
10000105,2026-08-28 00:02:48,INFO,Storage,"Connection timeout"
10000106,2026-08-28 00:02:50,WARN,Payment,"High memory usage"
10000107,2026-08-28 00:02:51,ERROR,Storage,"Server overloaded"
10000108,2026-08-28 00:02:51,WARN,Server,"Payment failed"
10000109,2026-08-28 00:02:53,WARN,Authentication,"Payment failed"
10000110,2026-08-28 00:02:55,WARN,Server,"Connection timeout"
10000111,2026-08-28 00:02:57,INFO,Database,"High memory usage"
10000112,2026-08-28 00:02:58,ERROR,Server,"Connection refused"
10000113,2026-08-28 00:03:00,DEBUG,Storage,"Server overloaded"
10000114,2026-08-28 00:03:01,INFO,Network,"Invalid request"
10000115,2026-08-28 00:03:02,WARN,Authentication,"High memory usage"
10000116,2026-08-28 00:03:04,DEBUG,Network,"Payment failed"
10000117,2026-08-28 00:03:05,INFO,Network,"Request completed"
10000118,2026-08-28 00:03:05,ERROR,API,"Invalid request"
10000119,2026-08-28 00:03:06,DEBUG,API,"Request completed"
10000120,2026-08-28 00:03:09,WARN,API,"File not found"
10000121,2026-08-28 00:03:11,ERROR,API,"Server overloaded"
10000122,2026-08-28 00:03:12,ERROR,Network,"Request completed"
10000123,2026-08-28 00:03:15,ERROR,Authentication,"Invalid request"
10000124,2026-08-28 00:03:17,WARN,Database,"Connection refused"
10000125,2026-08-28 00:03:19,WARN,Server,"Database unavailable"
10000126,2026-08-28 00:03:21,INFO,API,"Database unavailable"
10000127,2026-08-28 00:03:23,ERROR,Network,"High memory usage"
10000128,2026-08-28 00:03:26,INFO,Payment,"Database unavailable"
10000129,2026-08-28 00:03:27,ERROR,Authentication,"Invalid request"
10000130,2026-08-28 00:03:30,DEBUG,Server,"High memory usage"
10000131,2026-08-28 00:03:32,WARN,Network,"Connection refused"
10000132,2026-08-28 00:03:35,WARN,Network,"Server overloaded"
10000133,2026-08-28 00:03:38,ERROR,API,"Request completed"
10000134,2026-08-28 00:03:41,INFO,Storage,"High memory usage"
10000135,2026-08-28 00:03:44,WARN,Server,"Connection refused"
10000136,2026-08-28 00:03:46,DEBUG,API,"Request completed"
10000137,2026-08-28 00:03:49,ERROR,API,"Invalid request"
10000138,2026-08-28 00:03:49,ERROR,Database,"Connection timeout"
10000139,2026-08-28 00:03:49,ERROR,Database,"Authentication failed"
10000140,2026-08-28 00:03:49,INFO,API,"Invalid request"
10000141,2026-08-28 00:03:52,WARN,Database,"Server overloaded"
10000142,2026-08-28 00:03:54,WARN,Server,"Invalid request"
10000143,2026-08-28 00:03:54,WARN,API,"Authentication failed"
10000144,2026-08-28 00:03:56,DEBUG,Storage,"Payment failed"
10000145,2026-08-28 00:03:58,ERROR,Network,"Request completed"
10000146,2026-08-28 00:03:58,ERROR,API,"Connection refused"
10000147,2026-08-28 00:04:01,INFO,Payment,"Database unavailable"
10000148,2026-08-28 00:04:01,INFO,Database,"High memory usage"
10000149,2026-08-28 00:04:03,INFO,Server,"Request completed"
10000150,2026-08-28 00:04:03,WARN,API,"Payment failed"
10000151,2026-08-28 00:04:04,DEBUG,Network,"Database unavailable"
10000152,2026-08-28 00:04:06,WARN,API,"Server overloaded"
10000153,2026-08-28 00:04:09,DEBUG,Authentication,"Payment failed"
10000154,2026-08-28 00:04:09,INFO,Authentication,"Connection refused"
10000155,2026-08-28 00:04:09,ERROR,Network,"High memory usage"
10000156,2026-08-28 00:04:11,WARN,Authentication,"Authentication failed"
10000157,2026-08-28 00:04:12,INFO,Database,"Connection timeout"
10000158,2026-08-28 00:04:15,ERROR,API,"Server overloaded"
10000159,2026-08-28 00:04:16,WARN,Authentication,"Database unavailable"
10000160,2026-08-28 00:04:18,WARN,Payment,"Server overloaded"
10000161,2026-08-28 00:04:18,INFO,Database,"Server overloaded"
10000162,2026-08-28 00:04:20,WARN,Server,"Payment failed"
10000163,2026-08-28 00:04:20,ERROR,Authentication,"Connection timeout"
10000164,2026-08-28 00:04:21,DEBUG,Payment,"Invalid request"
10000165,2026-08-28 00:04:23,ERROR,API,"High memory usage"
10000166,2026-08-28 00:04:25,DEBUG,Database,"Payment failed"
10000167,2026-08-28 00:04:27,DEBUG,Server,"Payment failed"
10000168,2026-08-28 00:04:29,DEBUG,Database,"Connection refused"
10000169,2026-08-28 00:04:31,DEBUG,Authentication,"Authentication failed"
10000170,2026-08-28 00:04:31,DEBUG,Payment,"Connection refused"
10000171,2026-08-28 00:04:33,INFO,Payment,"Payment failed"
10000172,2026-08-28 00:04:35,ERROR,API,"Connection timeout"
10000173,2026-08-28 00:04:35,INFO,API,"Connection refused"
10000174,2026-08-28 00:04:38,ERROR,API,"Request completed"
10000175,2026-08-28 00:04:39,ERROR,Database,"Server overloaded"
10000176,2026-08-28 00:04:42,DEBUG,API,"Invalid request"
10000177,2026-08-28 00:04:43,WARN,API,"Connection timeout"
10000178,2026-08-28 00:04:44,DEBUG,Database,"Server overloaded"
10000179,2026-08-28 00:04:46,DEBUG,Database,"Request completed"
10000180,2026-08-28 00:04:46,INFO,Network,"Connection refused"
10000181,2026-08-28 00:04:48,DEBUG,Payment,"Payment failed"
10000182,2026-08-28 00:04:48,INFO,Payment,"File not found"
10000183,2026-08-28 00:04:49,ERROR,Storage,"High memory usage"
10000184,2026-08-28 00:04:51,DEBUG,Network,"Server overloaded"
10000185,2026-08-28 00:04:51,ERROR,Network,"Server overloaded"
10000186,2026-08-28 00:04:52,INFO,Storage,"Connection timeout"
10000187,2026-08-28 00:04:53,WARN,Database,"Payment failed"
10000188,2026-08-28 00:04:53,ERROR,Payment,"Request completed"
10000189,2026-08-28 00:04:54,WARN,Network,"Connection refused"
10000190,2026-08-28 00:04:55,WARN,Database,"Invalid request"
10000191,2026-08-28 00:04:56,WARN,Storage,"Database unavailable"
10000192,2026-08-28 00:04:56,INFO,Storage,"File not found"
10000193,2026-08-28 00:04:57,DEBUG,API,"Connection refused"
10000194,2026-08-28 00:04:57,ERROR,Server,"Invalid request"
10000195,2026-08-28 00:04:58,ERROR,Storage,"Payment failed"
10000196,2026-08-28 00:05:00,INFO,Network,"File not found"
10000197,2026-08-28 00:05:00,DEBUG,API,"Payment failed"
10000198,2026-08-28 00:05:02,WARN,Authentication,"File not found"
10000199,2026-08-28 00:05:05,DEBUG,API,"Request completed"
10000200,2026-08-28 00:05:07,ERROR,Server,"File not found"
10000201,2026-08-28 00:05:09,DEBUG,Network,"File not found"
10000202,2026-08-28 00:05:10,ERROR,Authentication,"Authentication failed"
10000203,2026-08-28 00:05:12,ERROR,Payment,"Connection refused"
10000204,2026-08-28 00:05:14,INFO,Server,"High memory usage"
10000205,2026-08-28 00:05:17,INFO,API,"Request completed"
10000206,2026-08-28 00:05:18,DEBUG,Payment,"Database unavailable"
10000207,2026-08-28 00:05:21,ERROR,API,"Connection refused"
10000208,2026-08-28 00:05:23,DEBUG,Database,"Server overloaded"
10000209,2026-08-28 00:05:26,WARN,Database,"Server overloaded"
10000210,2026-08-28 00:05:26,INFO,Network,"Connection refused"
10000211,2026-08-28 00:05:26,WARN,Database,"High memory usage"
10000212,2026-08-28 00:05:29,WARN,Network,"Payment failed"
10000213,2026-08-28 00:05:31,DEBUG,Authentication,"Connection timeout"
10000214,2026-08-28 00:05:32,ERROR,Storage,"High memory usage"
10000215,2026-08-28 00:05:35,WARN,Payment,"Database unavailable"
10000216,2026-08-28 00:05:37,DEBUG,Database,"Request completed"
10000217,2026-08-28 00:05:39,ERROR,Network,"Connection timeout"
10000218,2026-08-28 00:05:40,WARN,Payment,"Payment failed"
10000219,2026-08-28 00:05:43,DEBUG,Database,"File not found"
10000220,2026-08-28 00:05:44,INFO,API,"Request completed"
10000221,2026-08-28 00:05:44,DEBUG,Authentication,"Authentication failed"
10000222,2026-08-28 00:05:45,ERROR,API,"High memory usage"
10000223,2026-08-28 00:05:47,WARN,Storage,"Authentication failed"
10000224,2026-08-28 00:05:48,WARN,Server,"Authentication failed"
10000225,2026-08-28 00:05:49,INFO,Authentication,"Connection refused"
10000226,2026-08-28 00:05:50,DEBUG,Network,"Invalid request"
10000227,2026-08-28 00:05:52,ERROR,Network,"Payment failed"
10000228,2026-08-28 00:05:53,ERROR,Network,"File not found"
10000229,2026-08-28 00:05:53,INFO,Network,"Connection timeout"
10000230,2026-08-28 00:05:53,WARN,Server,"Database unavailable"
10000231,2026-08-28 00:05:55,WARN,Storage,"High memory usage"
10000232,2026-08-28 00:05:58,ERROR,Server,"File not found"
10000233,2026-08-28 00:05:59,DEBUG,Network,"Request completed"
10000234,2026-08-28 00:06:01,WARN,Server,"Server overloaded"
10000235,2026-08-28 00:06:01,INFO,Database,"Connection refused"
10000236,2026-08-28 00:06:03,DEBUG,Authentication,"Connection timeout"
10000237,2026-08-28 00:06:03,DEBUG,Server,"Request completed"
10000238,2026-08-28 00:06:04,ERROR,Database,"Payment failed"
10000239,2026-08-28 00:06:06,INFO,Server,"Authentication failed"
10000240,2026-08-28 00:06:09,WARN,Authentication,"High memory usage"
10000241,2026-08-28 00:06:10,INFO,Authentication,"Database unavailable"
10000242,2026-08-28 00:06:10,INFO,Payment,"High memory usage"
10000243,2026-08-28 00:06:10,WARN,Network,"High memory usage"
10000244,2026-08-28 00:06:11,DEBUG,Server,"Connection refused"
10000245,2026-08-28 00:06:11,ERROR,Server,"Invalid request"
10000246,2026-08-28 00:06:13,ERROR,Storage,"Request completed"
10000247,2026-08-28 00:06:16,ERROR,Server,"Payment failed"
10000248,2026-08-28 00:06:18,WARN,Payment,"Invalid request"
10000249,2026-08-28 00:06:21,WARN,Server,"Connection refused"
10000250,2026-08-28 00:06:23,ERROR,Storage,"Server overloaded"
10000251,2026-08-28 00:06:25,ERROR,Server,"Server overloaded"
10000252,2026-08-28 00:06:27,DEBUG,API,"Database unavailable"
10000253,2026-08-28 00:06:30,DEBUG,Authentication,"High memory usage"
10000254,2026-08-28 00:06:31,DEBUG,Network,"Authentication failed"
10000255,2026-08-28 00:06:33,INFO,Authentication,"Request completed"
10000256,2026-08-28 00:06:34,ERROR,Database,"File not found"
10000257,2026-08-28 00:06:35,ERROR,Authentication,"Payment failed"
10000258,2026-08-28 00:06:38,INFO,API,"Authentication failed"
10000259,2026-08-28 00:06:40,DEBUG,API,"File not found"
10000260,2026-08-28 00:06:42,INFO,Server,"Invalid request"
10000261,2026-08-28 00:06:44,DEBUG,Server,"Connection refused"
10000262,2026-08-28 00:06:47,INFO,Authentication,"High memory usage"
10000263,2026-08-28 00:06:50,DEBUG,Storage,"Payment failed"
10000264,2026-08-28 00:06:52,WARN,Payment,"Connection timeout"
10000265,2026-08-28 00:06:54,WARN,Server,"Database unavailable"
10000266,2026-08-28 00:06:54,DEBUG,Authentication,"Database unavailable"
10000267,2026-08-28 00:06:56,ERROR,API,"Connection timeout"
10000268,2026-08-28 00:06:58,INFO,Authentication,"Connection timeout"
10000269,2026-08-28 00:07:00,ERROR,Server,"Payment failed"
10000270,2026-08-28 00:07:01,WARN,Storage,"Connection refused"
10000271,2026-08-28 00:07:02,ERROR,Server,"High memory usage"
10000272,2026-08-28 00:07:04,ERROR,API,"Payment failed"
10000273,2026-08-28 00:07:04,INFO,API,"Request completed"
10000274,2026-08-28 00:07:06,WARN,API,"Invalid request"
10000275,2026-08-28 00:07:09,WARN,Network,"Invalid request"
10000276,2026-08-28 00:07:11,INFO,Storage,"Authentication failed"
10000277,2026-08-28 00:07:13,ERROR,Storage,"Request completed"
10000278,2026-08-28 00:07:15,INFO,API,"Server overloaded"
10000279,2026-08-28 00:07:18,DEBUG,Storage,"File not found"
10000280,2026-08-28 00:07:20,WARN,Network,"Authentication failed"
10000281,2026-08-28 00:07:23,WARN,Storage,"File not found"
10000282,2026-08-28 00:07:24,DEBUG,API,"Request completed"
10000283,2026-08-28 00:07:24,WARN,API,"Authentication failed"
10000284,2026-08-28 00:07:27,ERROR,Database,"File not found"
10000285,2026-08-28 00:07:29,WARN,Authentication,"Connection refused"
10000286,2026-08-28 00:07:30,ERROR,Server,"Connection timeout"
10000287,2026-08-28 00:07:33,INFO,API,"Invalid request"
10000288,2026-08-28 00:07:33,DEBUG,Network,"High memory usage"
10000289,2026-08-28 00:07:33,DEBUG,Authentication,"Payment failed"
10000290,2026-08-28 00:07:33,WARN,Storage,"Invalid request"
10000291,2026-08-28 00:07:34,DEBUG,Authentication,"Request completed"
10000292,2026-08-28 00:07:37,INFO,Authentication,"Database unavailable"
10000293,2026-08-28 00:07:37,DEBUG,Authentication,"Authentication failed"
10000294,2026-08-28 00:07:40,ERROR,Storage,"Invalid request"
10000295,2026-08-28 00:07:41,INFO,Database,"Payment failed"
10000296,2026-08-28 00:07:43,DEBUG,Network,"Authentication failed"
10000297,2026-08-28 00:07:46,DEBUG,Authentication,"Server overloaded"
10000298,2026-08-28 00:07:48,DEBUG,API,"Request completed"
10000299,2026-08-28 00:07:51,ERROR,Network,"Database unavailable"
10000300,2026-08-28 00:07:52,ERROR,Database,"Invalid request"
10000301,2026-08-28 00:07:53,INFO,Database,"Authentication failed"
10000302,2026-08-28 00:07:55,DEBUG,Payment,"File not found"
10000303,2026-08-28 00:07:58,DEBUG,API,"Database unavailable"
10000304,2026-08-28 00:07:58,ERROR,Storage,"Connection refused"
10000305,2026-08-28 00:07:59,INFO,Storage,"Authentication failed"
10000306,2026-08-28 00:08:02,ERROR,Storage,"Authentication failed"
10000307,2026-08-28 00:08:05,ERROR,Payment,"Authentication failed"
10000308,2026-08-28 00:08:05,ERROR,Database,"Request completed"
10000309,2026-08-28 00:08:08,DEBUG,Network,"Connection timeout"
10000310,2026-08-28 00:08:08,DEBUG,Storage,"Database unavailable"
10000311,2026-08-28 00:08:10,INFO,Network,"Authentication failed"
10000312,2026-08-28 00:08:12,WARN,Network,"Authentication failed"
10000313,2026-08-28 00:08:14,INFO,Network,"Payment failed"
10000314,2026-08-28 00:08:15,DEBUG,Network,"Server overloaded"
10000315,2026-08-28 00:08:15,ERROR,Server,"Authentication failed"
10000316,2026-08-28 00:08:15,WARN,Storage,"File not found"
10000317,2026-08-28 00:08:16,ERROR,API,"Connection refused"
10000318,2026-08-28 00:08:19,ERROR,Network,"Authentication failed"
10000319,2026-08-28 00:08:21,WARN,Server,"Connection timeout"
10000320,2026-08-28 00:08:22,INFO,Network,"Invalid request"
10000321,2026-08-28 00:08:25,INFO,Database,"Database unavailable"
10000322,2026-08-28 00:08:28,DEBUG,Storage,"Connection refused"
10000323,2026-08-28 00:08:30,DEBUG,Payment,"Connection timeout"
10000324,2026-08-28 00:08:31,ERROR,Network,"High memory usage"
10000325,2026-08-28 00:08:32,INFO,Storage,"Authentication failed"
10000326,2026-08-28 00:08:35,DEBUG,Storage,"Connection timeout"
10000327,2026-08-28 00:08:36,DEBUG,Database,"Authentication failed"
10000328,2026-08-28 00:08:39,WARN,Server,"Server overloaded"
10000329,2026-08-28 00:08:42,DEBUG,Server,"Connection timeout"
10000330,2026-08-28 00:08:44,WARN,Network,"Request completed"
10000331,2026-08-28 00:08:46,INFO,Server,"Database unavailable"
10000332,2026-08-28 00:08:47,ERROR,Network,"Server overloaded"
10000333,2026-08-28 00:08:49,DEBUG,Payment,"Server overloaded"
10000334,2026-08-28 00:08:51,WARN,Payment,"Connection timeout"
10000335,2026-08-28 00:08:53,ERROR,API,"High memory usage"
10000336,2026-08-28 00:08:55,ERROR,Server,"Request completed"
10000337,2026-08-28 00:08:58,INFO,Server,"Payment failed"
10000338,2026-08-28 00:09:00,INFO,Server,"High memory usage"
10000339,2026-08-28 00:09:00,WARN,Authentication,"High memory usage"
10000340,2026-08-28 00:09:00,DEBUG,Database,"Payment failed"
10000341,2026-08-28 00:09:00,DEBUG,Server,"Connection timeout"
10000342,2026-08-28 00:09:03,ERROR,Payment,"Connection timeout"
10000343,2026-08-28 00:09:04,ERROR,API,"Connection timeout"
10000344,2026-08-28 00:09:07,DEBUG,Storage,"Invalid request"
10000345,2026-08-28 00:09:09,ERROR,Authentication,"Invalid request"
10000346,2026-08-28 00:09:12,WARN,Authentication,"Connection refused"
10000347,2026-08-28 00:09:15,WARN,Database,"Payment failed"
10000348,2026-08-28 00:09:16,DEBUG,Server,"Server overloaded"
10000349,2026-08-28 00:09:16,DEBUG,Payment,"Connection timeout"
10000350,2026-08-28 00:09:16,ERROR,Network,"High memory usage"
10000351,2026-08-28 00:09:17,DEBUG,Server,"Connection timeout"
10000352,2026-08-28 00:09:20,ERROR,Network,"Database unavailable"
10000353,2026-08-28 00:09:20,INFO,Authentication,"Request completed"
10000354,2026-08-28 00:09:22,WARN,Database,"Request completed"
10000355,2026-08-28 00:09:24,DEBUG,Storage,"File not found"
10000356,2026-08-28 00:09:26,INFO,API,"High memory usage"
10000357,2026-08-28 00:09:28,ERROR,Server,"High memory usage"
10000358,2026-08-28 00:09:29,ERROR,Network,"Connection refused"
10000359,2026-08-28 00:09:31,INFO,Authentication,"Authentication failed"
10000360,2026-08-28 00:09:32,DEBUG,Authentication,"Invalid request"
10000361,2026-08-28 00:09:35,DEBUG,Database,"Connection timeout"
10000362,2026-08-28 00:09:36,ERROR,Authentication,"Connection timeout"
10000363,2026-08-28 00:09:38,ERROR,Server,"Database unavailable"
10000364,2026-08-28 00:09:40,INFO,Authentication,"Connection refused"
10000365,2026-08-28 00:09:42,INFO,Storage,"Request completed"
10000366,2026-08-28 00:09:44,WARN,Network,"Server overloaded"
10000367,2026-08-28 00:09:46,ERROR,Server,"Authentication failed"
10000368,2026-08-28 00:09:49,DEBUG,Payment,"Invalid request"
10000369,2026-08-28 00:09:52,ERROR,API,"High memory usage"
10000370,2026-08-28 00:09:55,DEBUG,Network,"Invalid request"
10000371,2026-08-28 00:09:58,INFO,Database,"Payment failed"
10000372,2026-08-28 00:09:58,ERROR,Server,"Connection timeout"
10000373,2026-08-28 00:09:58,INFO,Database,"Connection refused"
10000374,2026-08-28 00:09:59,ERROR,Storage,"Database unavailable"
10000375,2026-08-28 00:10:00,INFO,API,"Invalid request"
10000376,2026-08-28 00:10:02,DEBUG,API,"Authentication failed"
10000377,2026-08-28 00:10:03,ERROR,Storage,"Authentication failed"
10000378,2026-08-28 00:10:04,ERROR,Database,"Server overloaded"
10000379,2026-08-28 00:10:04,WARN,Database,"Request completed"
10000380,2026-08-28 00:10:06,ERROR,Network,"Connection refused"
10000381,2026-08-28 00:10:09,ERROR,Payment,"Database unavailable"
10000382,2026-08-28 00:10:10,ERROR,Network,"Server overloaded"
10000383,2026-08-28 00:10:10,ERROR,Database,"Server overloaded"
10000384,2026-08-28 00:10:10,DEBUG,Storage,"Authentication failed"
10000385,2026-08-28 00:10:13,INFO,Payment,"Connection timeout"
10000386,2026-08-28 00:10:15,DEBUG,Storage,"Connection refused"
10000387,2026-08-28 00:10:17,INFO,Authentication,"High memory usage"
10000388,2026-08-28 00:10:20,WARN,Authentication,"Database unavailable"
10000389,2026-08-28 00:10:23,ERROR,Payment,"Request completed"
10000390,2026-08-28 00:10:24,ERROR,Authentication,"Database unavailable"
10000391,2026-08-28 00:10:26,DEBUG,Payment,"High memory usage"
10000392,2026-08-28 00:10:28,INFO,Storage,"High memory usage"
10000393,2026-08-28 00:10:31,DEBUG,Database,"High memory usage"
10000394,2026-08-28 00:10:32,WARN,Network,"Server overloaded"
10000395,2026-08-28 00:10:35,WARN,Server,"Connection refused"
10000396,2026-08-28 00:10:35,DEBUG,Server,"Payment failed"
10000397,2026-08-28 00:10:38,DEBUG,API,"Request completed"
10000398,2026-08-28 00:10:39,WARN,Server,"Authentication failed"
10000399,2026-08-28 00:10:41,DEBUG,Authentication,"Connection timeout"
10000400,2026-08-28 00:10:43,DEBUG,Network,"High memory usage"
10000401,2026-08-28 00:10:44,WARN,Payment,"High memory usage"
10000402,2026-08-28 00:10:47,INFO,Payment,"High memory usage"
10000403,2026-08-28 00:10:48,DEBUG,Network,"Connection refused"
10000404,2026-08-28 00:10:48,WARN,Payment,"Server overloaded"
10000405,2026-08-28 00:10:49,ERROR,API,"High memory usage"
10000406,2026-08-28 00:10:49,INFO,Payment,"Database unavailable"
10000407,2026-08-28 00:10:50,WARN,Payment,"Authentication failed"
10000408,2026-08-28 00:10:52,ERROR,Server,"Connection refused"
10000409,2026-08-28 00:10:55,WARN,Authentication,"Invalid request"
10000410,2026-08-28 00:10:56,INFO,Payment,"Authentication failed"
10000411,2026-08-28 00:10:57,ERROR,Authentication,"Authentication failed"
10000412,2026-08-28 00:10:58,ERROR,Authentication,"Server overloaded"
10000413,2026-08-28 00:10:59,ERROR,API,"Payment failed"
10000414,2026-08-28 00:10:59,DEBUG,Storage,"Request completed"
10000415,2026-08-28 00:10:59,WARN,Authentication,"Database unavailable"
10000416,2026-08-28 00:11:01,DEBUG,API,"Payment failed"
10000417,2026-08-28 00:11:01,DEBUG,Authentication,"Connection refused"
10000418,2026-08-28 00:11:04,DEBUG,Server,"Authentication failed"
10000419,2026-08-28 00:11:04,WARN,Storage,"High memory usage"
10000420,2026-08-28 00:11:05,WARN,Authentication,"File not found"
10000421,2026-08-28 00:11:08,INFO,Server,"Invalid request"
10000422,2026-08-28 00:11:08,WARN,Authentication,"Connection refused"
10000423,2026-08-28 00:11:09,DEBUG,Payment,"File not found"
10000424,2026-08-28 00:11:09,DEBUG,Storage,"Request completed"
10000425,2026-08-28 00:11:11,INFO,Storage,"Request completed"
10000426,2026-08-28 00:11:13,INFO,Database,"High memory usage"
10000427,2026-08-28 00:11:15,DEBUG,Storage,"High memory usage"
10000428,2026-08-28 00:11:15,INFO,Payment,"Server overloaded"
10000429,2026-08-28 00:11:15,INFO,API,"High memory usage"
10000430,2026-08-28 00:11:15,DEBUG,Payment,"Connection refused"
10000431,2026-08-28 00:11:15,DEBUG,Database,"Request completed"
10000432,2026-08-28 00:11:16,ERROR,Database,"Authentication failed"
10000433,2026-08-28 00:11:18,WARN,Database,"High memory usage"
10000434,2026-08-28 00:11:20,DEBUG,Payment,"Payment failed"
10000435,2026-08-28 00:11:21,WARN,Payment,"File not found"
10000436,2026-08-28 00:11:24,INFO,Payment,"Connection timeout"
10000437,2026-08-28 00:11:25,INFO,API,"File not found"
10000438,2026-08-28 00:11:27,DEBUG,Database,"Request completed"
10000439,2026-08-28 00:11:28,ERROR,Database,"Payment failed"
10000440,2026-08-28 00:11:29,DEBUG,Storage,"Invalid request"
10000441,2026-08-28 00:11:32,INFO,API,"File not found"
10000442,2026-08-28 00:11:34,WARN,Authentication,"Authentication failed"
10000443,2026-08-28 00:11:35,WARN,Payment,"Database unavailable"
10000444,2026-08-28 00:11:37,DEBUG,Authentication,"File not found"
10000445,2026-08-28 00:11:38,INFO,Database,"Invalid request"
10000446,2026-08-28 00:11:39,ERROR,Storage,"Authentication failed"
10000447,2026-08-28 00:11:42,INFO,Payment,"Request completed"
10000448,2026-08-28 00:11:44,ERROR,Payment,"Connection timeout"
10000449,2026-08-28 00:11:47,DEBUG,API,"Request completed"
10000450,2026-08-28 00:11:49,ERROR,Authentication,"Authentication failed"
10000451,2026-08-28 00:11:50,INFO,API,"Database unavailable"
10000452,2026-08-28 00:11:50,ERROR,Server,"Connection refused"
10000453,2026-08-28 00:11:50,INFO,Network,"Invalid request"
10000454,2026-08-28 00:11:53,WARN,Database,"Connection refused"
10000455,2026-08-28 00:11:53,INFO,Authentication,"Payment failed"
10000456,2026-08-28 00:11:55,WARN,Authentication,"Payment failed"
10000457,2026-08-28 00:11:56,DEBUG,Network,"File not found"
10000458,2026-08-28 00:11:56,WARN,Server,"Database unavailable"
10000459,2026-08-28 00:11:56,INFO,Database,"Request completed"
10000460,2026-08-28 00:11:57,ERROR,Database,"Connection refused"
10000461,2026-08-28 00:12:00,INFO,Payment,"Database unavailable"
10000462,2026-08-28 00:12:03,WARN,Payment,"File not found"
10000463,2026-08-28 00:12:05,WARN,Storage,"Connection timeout"
10000464,2026-08-28 00:12:06,DEBUG,Authentication,"Request completed"
10000465,2026-08-28 00:12:06,DEBUG,Server,"Connection refused"
10000466,2026-08-28 00:12:07,WARN,Authentication,"High memory usage"
10000467,2026-08-28 00:12:10,ERROR,API,"Payment failed"
10000468,2026-08-28 00:12:12,ERROR,Storage,"Authentication failed"
10000469,2026-08-28 00:12:14,WARN,Database,"Payment failed"
10000470,2026-08-28 00:12:14,INFO,Payment,"High memory usage"
10000471,2026-08-28 00:12:15,DEBUG,Authentication,"Invalid request"
10000472,2026-08-28 00:12:15,WARN,Storage,"High memory usage"
10000473,2026-08-28 00:12:18,WARN,API,"Connection timeout"
10000474,2026-08-28 00:12:20,DEBUG,API,"Invalid request"
10000475,2026-08-28 00:12:22,DEBUG,Server,"Server overloaded"
10000476,2026-08-28 00:12:22,DEBUG,Storage,"File not found"
10000477,2026-08-28 00:12:22,DEBUG,Storage,"Authentication failed"
10000478,2026-08-28 00:12:25,ERROR,Payment,"Authentication failed"
10000479,2026-08-28 00:12:27,ERROR,Database,"Connection timeout"
10000480,2026-08-28 00:12:27,DEBUG,Authentication,"Authentication failed"
10000481,2026-08-28 00:12:29,INFO,Authentication,"Connection timeout"
10000482,2026-08-28 00:12:32,INFO,Authentication,"Payment failed"
10000483,2026-08-28 00:12:32,ERROR,API,"High memory usage"
10000484,2026-08-28 00:12:32,WARN,Server,"Invalid request"
10000485,2026-08-28 00:12:33,INFO,Payment,"Connection refused"
10000486,2026-08-28 00:12:35,DEBUG,Authentication,"Connection refused"
10000487,2026-08-28 00:12:38,WARN,API,"Request completed"
10000488,2026-08-28 00:12:38,DEBUG,Payment,"Payment failed"
10000489,2026-08-28 00:12:39,WARN,Authentication,"Connection timeout"
10000490,2026-08-28 00:12:42,WARN,Network,"High memory usage"
10000491,2026-08-28 00:12:44,INFO,Database,"Server overloaded"
10000492,2026-08-28 00:12:46,INFO,Server,"Authentication failed"
10000493,2026-08-28 00:12:46,ERROR,Database,"Payment failed"
10000494,2026-08-28 00:12:46,WARN,Authentication,"File not found"
10000495,2026-08-28 00:12:46,WARN,Network,"Payment failed"
10000496,2026-08-28 00:12:49,INFO,Server,"Server overloaded"
10000497,2026-08-28 00:12:52,DEBUG,Network,"Server overloaded"
10000498,2026-08-28 00:12:53,ERROR,Authentication,"File not found"
10000499,2026-08-28 00:12:54,INFO,API,"High memory usage"
10000500,2026-08-28 00:12:57,INFO,Network,"Database unavailable"
10000501,2026-08-28 00:12:59,WARN,Database,"Invalid request"
10000502,2026-08-28 00:12:59,DEBUG,Payment,"Request completed"
10000503,2026-08-28 00:13:02,ERROR,Authentication,"Connection timeout"
10000504,2026-08-28 00:13:03,ERROR,Authentication,"Request completed"
10000505,2026-08-28 00:13:03,INFO,Payment,"High memory usage"
10000506,2026-08-28 00:13:03,DEBUG,API,"Payment failed"
10000507,2026-08-28 00:13:04,DEBUG,Server,"Database unavailable"
10000508,2026-08-28 00:13:06,ERROR,Network,"Invalid request"
10000509,2026-08-28 00:13:07,ERROR,Server,"Payment failed"
10000510,2026-08-28 00:13:08,WARN,API,"Connection timeout"
10000511,2026-08-28 00:13:09,ERROR,Storage,"Request completed"
10000512,2026-08-28 00:13:10,INFO,API,"Invalid request"
10000513,2026-08-28 00:13:12,WARN,Storage,"Connection timeout"
10000514,2026-08-28 00:13:13,INFO,API,"File not found"
10000515,2026-08-28 00:13:15,WARN,Server,"Server overloaded"
10000516,2026-08-28 00:13:15,DEBUG,API,"Invalid request"
10000517,2026-08-28 00:13:18,WARN,Database,"Request completed"
10000518,2026-08-28 00:13:19,INFO,API,"File not found"
10000519,2026-08-28 00:13:19,WARN,Server,"File not found"
10000520,2026-08-28 00:13:19,DEBUG,API,"Connection refused"
10000521,2026-08-28 00:13:22,DEBUG,Payment,"High memory usage"
10000522,2026-08-28 00:13:24,DEBUG,Database,"Connection timeout"
10000523,2026-08-28 00:13:25,INFO,Payment,"High memory usage"
10000524,2026-08-28 00:13:27,WARN,Server,"Server overloaded"
10000525,2026-08-28 00:13:30,DEBUG,Database,"Connection timeout"
10000526,2026-08-28 00:13:32,ERROR,Database,"Database unavailable"
10000527,2026-08-28 00:13:35,ERROR,Authentication,"Connection refused"
10000528,2026-08-28 00:13:37,ERROR,Network,"Connection refused"
10000529,2026-08-28 00:13:38,DEBUG,Storage,"Database unavailable"
10000530,2026-08-28 00:13:39,WARN,API,"High memory usage"
10000531,2026-08-28 00:13:40,WARN,API,"Database unavailable"
10000532,2026-08-28 00:13:41,INFO,Storage,"Database unavailable"
10000533,2026-08-28 00:13:42,WARN,Storage,"High memory usage"
10000534,2026-08-28 00:13:45,ERROR,Network,"Connection timeout"
10000535,2026-08-28 00:13:48,DEBUG,Payment,"Database unavailable"
10000536,2026-08-28 00:13:49,INFO,API,"Server overloaded"
10000537,2026-08-28 00:13:50,ERROR,API,"Server overloaded"
10000538,2026-08-28 00:13:51,DEBUG,API,"File not found"
10000539,2026-08-28 00:13:53,ERROR,Storage,"Connection refused"
10000540,2026-08-28 00:13:56,DEBUG,Payment,"Server overloaded"
10000541,2026-08-28 00:13:57,WARN,API,"Payment failed"
10000542,2026-08-28 00:14:00,DEBUG,Payment,"High memory usage"
10000543,2026-08-28 00:14:00,DEBUG,Network,"Payment failed"
10000544,2026-08-28 00:14:00,WARN,Server,"Server overloaded"
10000545,2026-08-28 00:14:03,INFO,Storage,"Server overloaded"
10000546,2026-08-28 00:14:04,ERROR,Payment,"Database unavailable"
10000547,2026-08-28 00:14:07,WARN,Server,"Server overloaded"
10000548,2026-08-28 00:14:08,ERROR,Authentication,"Connection timeout"
10000549,2026-08-28 00:14:09,INFO,API,"File not found"
10000550,2026-08-28 00:14:11,DEBUG,Authentication,"Connection refused"
10000551,2026-08-28 00:14:11,INFO,Server,"Server overloaded"
10000552,2026-08-28 00:14:12,DEBUG,Payment,"Connection timeout"
10000553,2026-08-28 00:14:12,INFO,API,"Request completed"
10000554,2026-08-28 00:14:15,INFO,Authentication,"Invalid request"
10000555,2026-08-28 00:14:18,DEBUG,Authentication,"Server overloaded"
10000556,2026-08-28 00:14:18,WARN,Payment,"Payment failed"
10000557,2026-08-28 00:14:18,INFO,Authentication,"Database unavailable"
10000558,2026-08-28 00:14:21,WARN,Storage,"Invalid request"
10000559,2026-08-28 00:14:23,ERROR,Payment,"Invalid request"
10000560,2026-08-28 00:14:26,WARN,Database,"Connection timeout"
10000561,2026-08-28 00:14:26,ERROR,Payment,"Database unavailable"
10000562,2026-08-28 00:14:28,WARN,API,"Invalid request"
10000563,2026-08-28 00:14:31,DEBUG,API,"Connection timeout"
10000564,2026-08-28 00:14:33,DEBUG,Database,"Payment failed"
10000565,2026-08-28 00:14:34,WARN,Server,"Request completed"
10000566,2026-08-28 00:14:37,INFO,Payment,"Database unavailable"
10000567,2026-08-28 00:14:39,WARN,Network,"Payment failed"
10000568,2026-08-28 00:14:40,ERROR,Database,"Authentication failed"
10000569,2026-08-28 00:14:42,ERROR,Storage,"Payment failed"
10000570,2026-08-28 00:14:42,ERROR,Authentication,"Payment failed"
10000571,2026-08-28 00:14:45,ERROR,API,"High memory usage"
10000572,2026-08-28 00:14:47,WARN,Authentication,"Request completed"
10000573,2026-08-28 00:14:49,WARN,Network,"Server overloaded"
10000574,2026-08-28 00:14:50,INFO,Storage,"High memory usage"
10000575,2026-08-28 00:14:50,DEBUG,Payment,"Connection timeout"
10000576,2026-08-28 00:14:50,ERROR,Payment,"Payment failed"
10000577,2026-08-28 00:14:52,WARN,API,"Connection timeout"
10000578,2026-08-28 00:14:52,INFO,Database,"High memory usage"
10000579,2026-08-28 00:14:54,INFO,Database,"Server overloaded"
10000580,2026-08-28 00:14:55,DEBUG,Database,"Authentication failed"
10000581,2026-08-28 00:14:55,WARN,Network,"Connection timeout"
10000582,2026-08-28 00:14:58,ERROR,Payment,"Invalid request"
10000583,2026-08-28 00:15:01,ERROR,Payment,"Payment failed"
10000584,2026-08-28 00:15:03,WARN,Network,"Connection refused"
10000585,2026-08-28 00:15:05,INFO,Server,"Server overloaded"
10000586,2026-08-28 00:15:06,DEBUG,Payment,"Server overloaded"
10000587,2026-08-28 00:15:08,INFO,API,"Authentication failed"
10000588,2026-08-28 00:15:10,INFO,Storage,"Connection timeout"
10000589,2026-08-28 00:15:12,ERROR,Payment,"Server overloaded"
10000590,2026-08-28 00:15:12,INFO,Payment,"Database unavailable"
10000591,2026-08-28 00:15:15,DEBUG,Network,"Payment failed"
10000592,2026-08-28 00:15:18,WARN,Payment,"High memory usage"
10000593,2026-08-28 00:15:20,DEBUG,API,"Connection timeout"
10000594,2026-08-28 00:15:21,WARN,Database,"Connection refused"
10000595,2026-08-28 00:15:21,WARN,Authentication,"Invalid request"
10000596,2026-08-28 00:15:23,DEBUG,Authentication,"Authentication failed"
10000597,2026-08-28 00:15:23,WARN,Storage,"Invalid request"
10000598,2026-08-28 00:15:26,ERROR,Authentication,"Request completed"
10000599,2026-08-28 00:15:28,WARN,API,"High memory usage"
10000600,2026-08-28 00:15:29,WARN,Network,"Server overloaded"
10000601,2026-08-28 00:15:29,DEBUG,Network,"Connection refused"
10000602,2026-08-28 00:15:30,ERROR,Network,"Server overloaded"
10000603,2026-08-28 00:15:30,ERROR,Server,"Connection timeout"
10000604,2026-08-28 00:15:30,WARN,Payment,"Connection timeout"
10000605,2026-08-28 00:15:31,DEBUG,Network,"Connection timeout"
10000606,2026-08-28 00:15:32,WARN,Authentication,"Server overloaded"
10000607,2026-08-28 00:15:34,WARN,Server,"Authentication failed"
10000608,2026-08-28 00:15:34,DEBUG,Storage,"Invalid request"
10000609,2026-08-28 00:15:36,INFO,Network,"Database unavailable"
10000610,2026-08-28 00:15:36,ERROR,Server,"Authentication failed"
10000611,2026-08-28 00:15:36,WARN,Authentication,"Authentication failed"
10000612,2026-08-28 00:15:36,INFO,Payment,"File not found"
10000613,2026-08-28 00:15:37,ERROR,Authentication,"File not found"
10000614,2026-08-28 00:15:40,WARN,Authentication,"Payment failed"
10000615,2026-08-28 00:15:42,INFO,API,"File not found"
10000616,2026-08-28 00:15:44,INFO,Database,"High memory usage"
10000617,2026-08-28 00:15:46,DEBUG,Payment,"Connection timeout"
10000618,2026-08-28 00:15:46,DEBUG,Database,"Authentication failed"
10000619,2026-08-28 00:15:47,WARN,Storage,"Connection timeout"
10000620,2026-08-28 00:15:48,INFO,Network,"Database unavailable"
10000621,2026-08-28 00:15:49,ERROR,Storage,"File not found"
10000622,2026-08-28 00:15:51,WARN,Database,"Connection refused"
10000623,2026-08-28 00:15:54,INFO,Storage,"File not found"
10000624,2026-08-28 00:15:56,ERROR,Network,"Request completed"
10000625,2026-08-28 00:15:59,WARN,API,"Request completed"
10000626,2026-08-28 00:16:00,WARN,API,"Authentication failed"
10000627,2026-08-28 00:16:00,DEBUG,Storage,"High memory usage"
10000628,2026-08-28 00:16:03,INFO,Network,"Invalid request"
10000629,2026-08-28 00:16:03,ERROR,Payment,"Payment failed"
10000630,2026-08-28 00:16:05,INFO,Payment,"Payment failed"
10000631,2026-08-28 00:16:05,WARN,Payment,"High memory usage"
10000632,2026-08-28 00:16:08,ERROR,Server,"Connection refused"
10000633,2026-08-28 00:16:10,DEBUG,Network,"Request completed"
10000634,2026-08-28 00:16:10,INFO,Database,"Database unavailable"
10000635,2026-08-28 00:16:10,INFO,Database,"File not found"
10000636,2026-08-28 00:16:11,WARN,Server,"Authentication failed"
10000637,2026-08-28 00:16:12,WARN,API,"Server overloaded"
10000638,2026-08-28 00:16:13,ERROR,Authentication,"Database unavailable"
10000639,2026-08-28 00:16:14,INFO,Network,"Connection timeout"
10000640,2026-08-28 00:16:15,DEBUG,Network,"Request completed"
10000641,2026-08-28 00:16:16,INFO,Authentication,"Payment failed"
10000642,2026-08-28 00:16:19,INFO,Database,"Database unavailable"
10000643,2026-08-28 00:16:21,INFO,API,"Authentication failed"
10000644,2026-08-28 00:16:23,ERROR,Storage,"Request completed"
10000645,2026-08-28 00:16:24,INFO,Storage,"High memory usage"
10000646,2026-08-28 00:16:26,WARN,Payment,"Request completed"
10000647,2026-08-28 00:16:28,WARN,Server,"Authentication failed"
10000648,2026-08-28 00:16:29,INFO,Network,"Payment failed"
10000649,2026-08-28 00:16:32,INFO,Network,"Connection refused"
10000650,2026-08-28 00:16:33,WARN,Storage,"High memory usage"
10000651,2026-08-28 00:16:34,WARN,API,"Payment failed"
10000652,2026-08-28 00:16:37,ERROR,Authentication,"Database unavailable"
10000653,2026-08-28 00:16:38,DEBUG,Server,"Invalid request"
10000654,2026-08-28 00:16:38,WARN,Database,"Payment failed"
10000655,2026-08-28 00:16:38,INFO,Database,"Authentication failed"
10000656,2026-08-28 00:16:38,DEBUG,Server,"Authentication failed"
10000657,2026-08-28 00:16:41,DEBUG,Storage,"File not found"
10000658,2026-08-28 00:16:43,INFO,Storage,"File not found"
10000659,2026-08-28 00:16:44,WARN,Payment,"Payment failed"
10000660,2026-08-28 00:16:44,WARN,Storage,"Invalid request"
10000661,2026-08-28 00:16:47,WARN,Network,"Payment failed"
10000662,2026-08-28 00:16:50,DEBUG,Payment,"Connection refused"
10000663,2026-08-28 00:16:52,ERROR,Network,"Connection refused"
10000664,2026-08-28 00:16:54,DEBUG,Database,"Server overloaded"
10000665,2026-08-28 00:16:57,DEBUG,Storage,"Payment failed"
10000666,2026-08-28 00:16:59,ERROR,Network,"Invalid request"
10000667,2026-08-28 00:17:02,ERROR,Payment,"Authentication failed"
10000668,2026-08-28 00:17:03,DEBUG,Payment,"File not found"
10000669,2026-08-28 00:17:04,WARN,API,"File not found"
10000670,2026-08-28 00:17:04,WARN,Authentication,"Connection refused"
10000671,2026-08-28 00:17:07,ERROR,API,"Connection refused"
10000672,2026-08-28 00:17:10,WARN,Storage,"High memory usage"
10000673,2026-08-28 00:17:10,INFO,Payment,"Authentication failed"
10000674,2026-08-28 00:17:10,WARN,Server,"Connection timeout"
10000675,2026-08-28 00:17:12,INFO,API,"Invalid request"
10000676,2026-08-28 00:17:15,INFO,Network,"Invalid request"
10000677,2026-08-28 00:17:15,WARN,Server,"Connection timeout"
10000678,2026-08-28 00:17:16,WARN,Server,"Invalid request"
10000679,2026-08-28 00:17:19,DEBUG,Network,"Connection refused"
10000680,2026-08-28 00:17:22,WARN,Server,"Server overloaded"
10000681,2026-08-28 00:17:23,INFO,API,"Request completed"
10000682,2026-08-28 00:17:25,WARN,Server,"Authentication failed"
10000683,2026-08-28 00:17:26,DEBUG,Storage,"Connection timeout"
10000684,2026-08-28 00:17:27,DEBUG,Server,"Server overloaded"
10000685,2026-08-28 00:17:28,WARN,Authentication,"Authentication failed"
10000686,2026-08-28 00:17:30,WARN,Network,"Request completed"
10000687,2026-08-28 00:17:31,INFO,Network,"Request completed"
10000688,2026-08-28 00:17:34,DEBUG,Authentication,"Server overloaded"
10000689,2026-08-28 00:17:35,INFO,Database,"Request completed"
10000690,2026-08-28 00:17:37,INFO,Authentication,"Payment failed"
10000691,2026-08-28 00:17:38,INFO,Payment,"Request completed"
10000692,2026-08-28 00:17:38,ERROR,Authentication,"Database unavailable"
10000693,2026-08-28 00:17:41,INFO,Database,"Request completed"
10000694,2026-08-28 00:17:43,ERROR,Database,"Connection timeout"
10000695,2026-08-28 00:17:46,WARN,Payment,"Server overloaded"
10000696,2026-08-28 00:17:47,DEBUG,Server,"Request completed"
10000697,2026-08-28 00:17:47,ERROR,Server,"Server overloaded"
10000698,2026-08-28 00:17:47,ERROR,Network,"Database unavailable"
10000699,2026-08-28 00:17:49,INFO,Payment,"Server overloaded"
10000700,2026-08-28 00:17:50,WARN,API,"Invalid request"
10000701,2026-08-28 00:17:52,DEBUG,Database,"File not found"
10000702,2026-08-28 00:17:54,INFO,Server,"Payment failed"
10000703,2026-08-28 00:17:55,ERROR,Server,"Authentication failed"
10000704,2026-08-28 00:17:56,ERROR,Storage,"Connection refused"
10000705,2026-08-28 00:17:58,ERROR,Server,"Connection refused"
10000706,2026-08-28 00:18:01,INFO,Authentication,"Request completed"
10000707,2026-08-28 00:18:01,WARN,Server,"Invalid request"
10000708,2026-08-28 00:18:04,INFO,Database,"Authentication failed"
10000709,2026-08-28 00:18:05,DEBUG,Storage,"File not found"
10000710,2026-08-28 00:18:08,WARN,Payment,"Payment failed"
10000711,2026-08-28 00:18:11,WARN,Database,"Connection refused"
10000712,2026-08-28 00:18:14,INFO,API,"High memory usage"
10000713,2026-08-28 00:18:15,DEBUG,API,"Request completed"
10000714,2026-08-28 00:18:15,ERROR,API,"Server overloaded"
10000715,2026-08-28 00:18:18,INFO,Server,"Authentication failed"
10000716,2026-08-28 00:18:20,INFO,Network,"Connection refused"
10000717,2026-08-28 00:18:21,ERROR,Storage,"Invalid request"
10000718,2026-08-28 00:18:22,WARN,Payment,"Database unavailable"
10000719,2026-08-28 00:18:23,DEBUG,Server,"Connection timeout"
10000720,2026-08-28 00:18:26,WARN,API,"High memory usage"
10000721,2026-08-28 00:18:28,DEBUG,Network,"Connection timeout"
10000722,2026-08-28 00:18:29,DEBUG,Network,"Connection timeout"
10000723,2026-08-28 00:18:32,INFO,Database,"File not found"
10000724,2026-08-28 00:18:33,DEBUG,Server,"Database unavailable"
10000725,2026-08-28 00:18:34,ERROR,Network,"Invalid request"
10000726,2026-08-28 00:18:35,DEBUG,Storage,"High memory usage"
10000727,2026-08-28 00:18:36,DEBUG,Server,"Request completed"
10000728,2026-08-28 00:18:37,INFO,Database,"Database unavailable"
10000729,2026-08-28 00:18:39,INFO,Storage,"Request completed"
10000730,2026-08-28 00:18:41,ERROR,Payment,"Connection timeout"
10000731,2026-08-28 00:18:44,DEBUG,Payment,"Connection refused"
10000732,2026-08-28 00:18:47,INFO,API,"Authentication failed"
10000733,2026-08-28 00:18:49,DEBUG,API,"Connection refused"
10000734,2026-08-28 00:18:51,ERROR,Server,"File not found"
10000735,2026-08-28 00:18:51,ERROR,API,"Request completed"
10000736,2026-08-28 00:18:53,WARN,Authentication,"Invalid request"
10000737,2026-08-28 00:18:55,INFO,Payment,"High memory usage"
10000738,2026-08-28 00:18:58,WARN,Payment,"File not found"
10000739,2026-08-28 00:19:00,ERROR,API,"Authentication failed"
10000740,2026-08-28 00:19:02,DEBUG,Payment,"Request completed"
10000741,2026-08-28 00:19:04,ERROR,API,"Invalid request"
10000742,2026-08-28 00:19:06,INFO,API,"Connection refused"
10000743,2026-08-28 00:19:09,ERROR,Network,"Connection refused"
10000744,2026-08-28 00:19:10,WARN,Payment,"Connection timeout"
10000745,2026-08-28 00:19:12,WARN,Storage,"Request completed"
10000746,2026-08-28 00:19:12,DEBUG,Payment,"Connection timeout"
10000747,2026-08-28 00:19:15,DEBUG,API,"File not found"
10000748,2026-08-28 00:19:15,WARN,Server,"Server overloaded"
10000749,2026-08-28 00:19:17,ERROR,Server,"Payment failed"
10000750,2026-08-28 00:19:19,INFO,Database,"Database unavailable"
10000751,2026-08-28 00:19:19,ERROR,Payment,"High memory usage"
10000752,2026-08-28 00:19:19,ERROR,API,"Request completed"
10000753,2026-08-28 00:19:19,WARN,API,"Connection refused"
10000754,2026-08-28 00:19:20,WARN,Database,"Server overloaded"
10000755,2026-08-28 00:19:20,ERROR,Database,"Invalid request"
10000756,2026-08-28 00:19:21,INFO,Network,"Request completed"
10000757,2026-08-28 00:19:22,WARN,Storage,"Invalid request"
10000758,2026-08-28 00:19:23,WARN,Network,"Database unavailable"
10000759,2026-08-28 00:19:25,INFO,Authentication,"High memory usage"
10000760,2026-08-28 00:19:27,ERROR,Payment,"File not found"
10000761,2026-08-28 00:19:29,DEBUG,Authentication,"Database unavailable"
10000762,2026-08-28 00:19:30,INFO,Storage,"Payment failed"
10000763,2026-08-28 00:19:33,WARN,Database,"Request completed"
10000764,2026-08-28 00:19:36,WARN,Authentication,"Request completed"
10000765,2026-08-28 00:19:37,WARN,Network,"File not found"
10000766,2026-08-28 00:19:40,INFO,Network,"Payment failed"
10000767,2026-08-28 00:19:43,ERROR,Authentication,"Server overloaded"
10000768,2026-08-28 00:19:45,INFO,API,"High memory usage"
10000769,2026-08-28 00:19:45,DEBUG,Storage,"Connection refused"
10000770,2026-08-28 00:19:45,DEBUG,Payment,"Invalid request"
10000771,2026-08-28 00:19:46,INFO,API,"Connection refused"
10000772,2026-08-28 00:19:46,WARN,Network,"Server overloaded"
10000773,2026-08-28 00:19:49,WARN,Server,"File not found"
10000774,2026-08-28 00:19:49,DEBUG,Authentication,"Request completed"
10000775,2026-08-28 00:19:50,INFO,Payment,"Payment failed"
10000776,2026-08-28 00:19:52,DEBUG,Storage,"High memory usage"
10000777,2026-08-28 00:19:52,DEBUG,Authentication,"Connection refused"
10000778,2026-08-28 00:19:52,INFO,Payment,"File not found"
10000779,2026-08-28 00:19:52,DEBUG,Server,"Server overloaded"
10000780,2026-08-28 00:19:54,WARN,Payment,"Authentication failed"
10000781,2026-08-28 00:19:56,WARN,Server,"Server overloaded"
10000782,2026-08-28 00:19:56,DEBUG,Network,"Server overloaded"
10000783,2026-08-28 00:19:56,DEBUG,Database,"Payment failed"
10000784,2026-08-28 00:19:59,WARN,Storage,"Request completed"
10000785,2026-08-28 00:20:01,DEBUG,Storage,"Connection timeout"
10000786,2026-08-28 00:20:04,INFO,API,"Authentication failed"
10000787,2026-08-28 00:20:04,DEBUG,Storage,"Request completed"
10000788,2026-08-28 00:20:05,ERROR,Network,"Authentication failed"
10000789,2026-08-28 00:20:06,WARN,Payment,"Payment failed"
10000790,2026-08-28 00:20:09,ERROR,Server,"Payment failed"
10000791,2026-08-28 00:20:10,WARN,Database,"File not found"
10000792,2026-08-28 00:20:10,WARN,Network,"High memory usage"
10000793,2026-08-28 00:20:13,ERROR,Network,"Server overloaded"
10000794,2026-08-28 00:20:14,WARN,Server,"High memory usage"
10000795,2026-08-28 00:20:15,ERROR,Network,"Request completed"
10000796,2026-08-28 00:20:18,WARN,Server,"File not found"
10000797,2026-08-28 00:20:21,INFO,Storage,"Server overloaded"
10000798,2026-08-28 00:20:23,ERROR,Payment,"Request completed"
10000799,2026-08-28 00:20:26,WARN,API,"Connection refused"
10000800,2026-08-28 00:20:29,INFO,API,"Connection timeout"
10000801,2026-08-28 00:20:29,ERROR,Authentication,"Invalid request"
10000802,2026-08-28 00:20:32,INFO,Network,"High memory usage"
10000803,2026-08-28 00:20:33,INFO,Storage,"File not found"
10000804,2026-08-28 00:20:35,ERROR,Network,"Payment failed"
10000805,2026-08-28 00:20:35,INFO,Authentication,"High memory usage"
10000806,2026-08-28 00:20:36,INFO,API,"High memory usage"
10000807,2026-08-28 00:20:39,INFO,Database,"Connection refused"
10000808,2026-08-28 00:20:40,WARN,API,"Connection refused"
10000809,2026-08-28 00:20:43,ERROR,Storage,"File not found"
10000810,2026-08-28 00:20:44,ERROR,Network,"High memory usage"
10000811,2026-08-28 00:20:44,INFO,Authentication,"Connection timeout"
10000812,2026-08-28 00:20:47,WARN,Authentication,"High memory usage"
10000813,2026-08-28 00:20:50,WARN,Payment,"High memory usage"
10000814,2026-08-28 00:20:53,DEBUG,Database,"Database unavailable"
10000815,2026-08-28 00:20:56,ERROR,Network,"Invalid request"
10000816,2026-08-28 00:20:58,WARN,Network,"Request completed"
10000817,2026-08-28 00:20:59,ERROR,Authentication,"Authentication failed"
10000818,2026-08-28 00:21:00,INFO,Authentication,"Database unavailable"
10000819,2026-08-28 00:21:00,ERROR,Payment,"Connection timeout"
10000820,2026-08-28 00:21:01,WARN,Storage,"File not found"
10000821,2026-08-28 00:21:02,INFO,API,"Invalid request"
10000822,2026-08-28 00:21:04,DEBUG,Database,"Database unavailable"
10000823,2026-08-28 00:21:05,ERROR,Server,"Connection timeout"
10000824,2026-08-28 00:21:08,DEBUG,API,"Payment failed"
10000825,2026-08-28 00:21:08,INFO,Authentication,"Connection refused"
10000826,2026-08-28 00:21:09,INFO,Storage,"Connection refused"
10000827,2026-08-28 00:21:10,INFO,API,"Database unavailable"
10000828,2026-08-28 00:21:10,ERROR,Authentication,"Database unavailable"
10000829,2026-08-28 00:21:12,ERROR,API,"Connection timeout"
10000830,2026-08-28 00:21:13,DEBUG,API,"Authentication failed"
10000831,2026-08-28 00:21:13,ERROR,API,"Request completed"
10000832,2026-08-28 00:21:15,WARN,Storage,"Request completed"
10000833,2026-08-28 00:21:16,DEBUG,Storage,"Database unavailable"
10000834,2026-08-28 00:21:17,INFO,Authentication,"Connection refused"
10000835,2026-08-28 00:21:17,ERROR,API,"Request completed"
10000836,2026-08-28 00:21:19,DEBUG,Storage,"Connection refused"
10000837,2026-08-28 00:21:20,DEBUG,Server,"Database unavailable"
10000838,2026-08-28 00:21:21,DEBUG,Payment,"Invalid request"
10000839,2026-08-28 00:21:23,DEBUG,Database,"Request completed"
10000840,2026-08-28 00:21:23,ERROR,Network,"Authentication failed"
10000841,2026-08-28 00:21:25,INFO,Database,"Server overloaded"
10000842,2026-08-28 00:21:27,ERROR,Database,"Database unavailable"
10000843,2026-08-28 00:21:30,ERROR,Storage,"Payment failed"
10000844,2026-08-28 00:21:31,INFO,API,"Connection timeout"
10000845,2026-08-28 00:21:32,INFO,Server,"Database unavailable"
10000846,2026-08-28 00:21:32,DEBUG,Network,"Authentication failed"
10000847,2026-08-28 00:21:33,WARN,Network,"Invalid request"
10000848,2026-08-28 00:21:35,INFO,Storage,"High memory usage"
10000849,2026-08-28 00:21:38,INFO,Payment,"Invalid request"
10000850,2026-08-28 00:21:40,WARN,Storage,"Connection timeout"
10000851,2026-08-28 00:21:41,INFO,Server,"Authentication failed"
10000852,2026-08-28 00:21:41,DEBUG,Storage,"Payment failed"
10000853,2026-08-28 00:21:43,ERROR,API,"Database unavailable"
10000854,2026-08-28 00:21:44,ERROR,Server,"Request completed"
10000855,2026-08-28 00:21:44,DEBUG,Payment,"Connection timeout"
10000856,2026-08-28 00:21:46,INFO,Payment,"Payment failed"
10000857,2026-08-28 00:21:48,ERROR,Network,"Connection refused"
10000858,2026-08-28 00:21:50,WARN,Storage,"Connection timeout"
10000859,2026-08-28 00:21:50,INFO,Storage,"File not found"
10000860,2026-08-28 00:21:51,DEBUG,Database,"Connection timeout"
10000861,2026-08-28 00:21:54,WARN,Database,"Connection refused"
10000862,2026-08-28 00:21:57,ERROR,API,"Database unavailable"
10000863,2026-08-28 00:22:00,WARN,Database,"Authentication failed"
10000864,2026-08-28 00:22:03,DEBUG,Payment,"Server overloaded"
10000865,2026-08-28 00:22:06,WARN,Storage,"Server overloaded"
10000866,2026-08-28 00:22:09,INFO,Storage,"Database unavailable"
10000867,2026-08-28 00:22:11,INFO,API,"Connection refused"
10000868,2026-08-28 00:22:14,ERROR,Storage,"File not found"
10000869,2026-08-28 00:22:15,ERROR,API,"Connection timeout"
10000870,2026-08-28 00:22:17,WARN,Server,"Invalid request"
10000871,2026-08-28 00:22:18,ERROR,Authentication,"Connection refused"
10000872,2026-08-28 00:22:21,WARN,API,"Connection timeout"
10000873,2026-08-28 00:22:24,WARN,API,"Authentication failed"
10000874,2026-08-28 00:22:26,DEBUG,Server,"Invalid request"
10000875,2026-08-28 00:22:27,WARN,Authentication,"Connection refused"
10000876,2026-08-28 00:22:27,WARN,Authentication,"Database unavailable"
10000877,2026-08-28 00:22:30,WARN,Storage,"Database unavailable"
10000878,2026-08-28 00:22:32,WARN,Server,"Request completed"
10000879,2026-08-28 00:22:33,DEBUG,API,"Authentication failed"
10000880,2026-08-28 00:22:36,ERROR,Authentication,"Connection timeout"
10000881,2026-08-28 00:22:36,WARN,Network,"Connection refused"
10000882,2026-08-28 00:22:36,DEBUG,Storage,"Authentication failed"
10000883,2026-08-28 00:22:39,ERROR,API,"Payment failed"
10000884,2026-08-28 00:22:39,ERROR,Payment,"Authentication failed"
10000885,2026-08-28 00:22:40,WARN,Payment,"Connection timeout"
10000886,2026-08-28 00:22:40,ERROR,Server,"Server overloaded"
10000887,2026-08-28 00:22:40,DEBUG,Database,"File not found"
10000888,2026-08-28 00:22:42,INFO,Database,"Connection timeout"
10000889,2026-08-28 00:22:44,INFO,Authentication,"Request completed"
10000890,2026-08-28 00:22:47,WARN,Payment,"Request completed"
10000891,2026-08-28 00:22:48,WARN,Server,"Connection refused"
10000892,2026-08-28 00:22:48,INFO,Server,"File not found"
10000893,2026-08-28 00:22:51,INFO,Payment,"Request completed"
10000894,2026-08-28 00:22:52,ERROR,API,"File not found"
10000895,2026-08-28 00:22:52,ERROR,API,"Server overloaded"
10000896,2026-08-28 00:22:52,INFO,Authentication,"Request completed"
10000897,2026-08-28 00:22:54,ERROR,Payment,"Server overloaded"
10000898,2026-08-28 00:22:57,DEBUG,Payment,"Authentication failed"
10000899,2026-08-28 00:22:59,ERROR,Network,"Request completed"
10000900,2026-08-28 00:23:00,WARN,Network,"Payment failed"
10000901,2026-08-28 00:23:00,WARN,Database,"Invalid request"
10000902,2026-08-28 00:23:02,ERROR,API,"Authentication failed"
10000903,2026-08-28 00:23:05,ERROR,Network,"Connection refused"
10000904,2026-08-28 00:23:08,DEBUG,Payment,"Connection timeout"
10000905,2026-08-28 00:23:11,INFO,API,"Database unavailable"
10000906,2026-08-28 00:23:13,DEBUG,Authentication,"Authentication failed"
10000907,2026-08-28 00:23:13,INFO,Server,"Request completed"
10000908,2026-08-28 00:23:13,INFO,Database,"Invalid request"
10000909,2026-08-28 00:23:14,INFO,Storage,"Payment failed"
10000910,2026-08-28 00:23:17,WARN,Storage,"Authentication failed"
10000911,2026-08-28 00:23:17,ERROR,Database,"Invalid request"
10000912,2026-08-28 00:23:18,DEBUG,Authentication,"File not found"
10000913,2026-08-28 00:23:21,ERROR,Storage,"Invalid request"
10000914,2026-08-28 00:23:21,WARN,Storage,"Server overloaded"
10000915,2026-08-28 00:23:22,INFO,Authentication,"File not found"
10000916,2026-08-28 00:23:22,WARN,Storage,"High memory usage"
10000917,2026-08-28 00:23:23,WARN,Database,"Connection timeout"
10000918,2026-08-28 00:23:26,ERROR,API,"Request completed"
10000919,2026-08-28 00:23:27,ERROR,Authentication,"Payment failed"
10000920,2026-08-28 00:23:28,INFO,API,"Connection timeout"
10000921,2026-08-28 00:23:28,WARN,Payment,"High memory usage"
10000922,2026-08-28 00:23:31,DEBUG,Payment,"Database unavailable"
10000923,2026-08-28 00:23:31,DEBUG,Server,"High memory usage"
10000924,2026-08-28 00:23:34,INFO,Server,"Request completed"
10000925,2026-08-28 00:23:36,ERROR,Authentication,"Server overloaded"
10000926,2026-08-28 00:23:39,DEBUG,Database,"File not found"
10000927,2026-08-28 00:23:39,INFO,Payment,"Invalid request"
10000928,2026-08-28 00:23:40,INFO,Payment,"High memory usage"
10000929,2026-08-28 00:23:41,DEBUG,Database,"High memory usage"
10000930,2026-08-28 00:23:42,INFO,Database,"File not found"
10000931,2026-08-28 00:23:45,DEBUG,Payment,"Database unavailable"
10000932,2026-08-28 00:23:48,INFO,Network,"Request completed"
10000933,2026-08-28 00:23:49,INFO,Server,"Server overloaded"
10000934,2026-08-28 00:23:49,ERROR,Payment,"Invalid request"
10000935,2026-08-28 00:23:50,ERROR,Server,"Invalid request"
10000936,2026-08-28 00:23:52,ERROR,Database,"Invalid request"
10000937,2026-08-28 00:23:53,WARN,Payment,"Authentication failed"
10000938,2026-08-28 00:23:53,ERROR,Network,"Connection refused"
10000939,2026-08-28 00:23:56,WARN,Server,"Database unavailable"
10000940,2026-08-28 00:23:59,DEBUG,Authentication,"Authentication failed"
10000941,2026-08-28 00:24:00,INFO,Authentication,"Request completed"
10000942,2026-08-28 00:24:02,ERROR,Network,"High memory usage"
10000943,2026-08-28 00:24:04,ERROR,Network,"Database unavailable"
10000944,2026-08-28 00:24:07,DEBUG,Payment,"Server overloaded"
10000945,2026-08-28 00:24:08,DEBUG,API,"Payment failed"
10000946,2026-08-28 00:24:11,WARN,Network,"Payment failed"
10000947,2026-08-28 00:24:14,INFO,Authentication,"Invalid request"
10000948,2026-08-28 00:24:15,ERROR,Authentication,"Connection timeout"
10000949,2026-08-28 00:24:18,WARN,Server,"Database unavailable"
10000950,2026-08-28 00:24:20,INFO,Storage,"Request completed"
10000951,2026-08-28 00:24:21,DEBUG,Payment,"Invalid request"
10000952,2026-08-28 00:24:21,DEBUG,API,"Connection timeout"
10000953,2026-08-28 00:24:22,DEBUG,API,"Authentication failed"
10000954,2026-08-28 00:24:23,INFO,Network,"Request completed"
10000955,2026-08-28 00:24:26,WARN,Network,"Payment failed"
10000956,2026-08-28 00:24:26,ERROR,Server,"High memory usage"
10000957,2026-08-28 00:24:29,ERROR,Server,"Server overloaded"
10000958,2026-08-28 00:24:29,WARN,Authentication,"Server overloaded"
10000959,2026-08-28 00:24:29,ERROR,Server,"Connection timeout"
10000960,2026-08-28 00:24:31,INFO,Database,"Connection refused"
10000961,2026-08-28 00:24:32,WARN,Network,"Authentication failed"
10000962,2026-08-28 00:24:33,ERROR,Server,"Authentication failed"
10000963,2026-08-28 00:24:33,DEBUG,Network,"Connection refused"
10000964,2026-08-28 00:24:35,ERROR,Server,"Database unavailable"
10000965,2026-08-28 00:24:36,INFO,Server,"Connection timeout"
10000966,2026-08-28 00:24:38,INFO,Network,"Database unavailable"
10000967,2026-08-28 00:24:38,INFO,API,"Authentication failed"
10000968,2026-08-28 00:24:39,WARN,Network,"Server overloaded"
10000969,2026-08-28 00:24:40,DEBUG,Network,"Connection timeout"
10000970,2026-08-28 00:24:40,ERROR,Payment,"Connection timeout"
10000971,2026-08-28 00:24:43,DEBUG,Network,"High memory usage"
10000972,2026-08-28 00:24:43,WARN,Payment,"Connection refused"
10000973,2026-08-28 00:24:44,INFO,Network,"Authentication failed"
10000974,2026-08-28 00:24:45,INFO,Network,"High memory usage"
10000975,2026-08-28 00:24:45,ERROR,API,"Server overloaded"
10000976,2026-08-28 00:24:45,INFO,Database,"Payment failed"
10000977,2026-08-28 00:24:48,ERROR,Authentication,"Database unavailable"
10000978,2026-08-28 00:24:49,DEBUG,Network,"Authentication failed"
10000979,2026-08-28 00:24:49,INFO,Network,"Connection timeout"
10000980,2026-08-28 00:24:52,INFO,Database,"Request completed"
10000981,2026-08-28 00:24:55,ERROR,Network,"Request completed"
10000982,2026-08-28 00:24:55,INFO,Storage,"Payment failed"
10000983,2026-08-28 00:24:55,INFO,Database,"Payment failed"
10000984,2026-08-28 00:24:58,ERROR,Payment,"Server overloaded"
10000985,2026-08-28 00:24:59,WARN,Database,"Request completed"
10000986,2026-08-28 00:24:59,ERROR,Storage,"Connection refused"
10000987,2026-08-28 00:25:00,ERROR,Authentication,"Server overloaded"
10000988,2026-08-28 00:25:02,ERROR,Payment,"Request completed"
10000989,2026-08-28 00:25:02,WARN,API,"High memory usage"
10000990,2026-08-28 00:25:05,INFO,Database,"Invalid request"
10000991,2026-08-28 00:25:08,DEBUG,Authentication,"Request completed"
10000992,2026-08-28 00:25:11,DEBUG,API,"Invalid request"
10000993,2026-08-28 00:25:13,INFO,Storage,"File not found"
10000994,2026-08-28 00:25:15,ERROR,Database,"Server overloaded"
10000995,2026-08-28 00:25:17,ERROR,Network,"Server overloaded"
10000996,2026-08-28 00:25:18,DEBUG,Server,"Database unavailable"
10000997,2026-08-28 00:25:21,ERROR,Authentication,"Request completed"
10000998,2026-08-28 00:25:21,DEBUG,Server,"High memory usage"
10000999,2026-08-28 00:25:24,INFO,Authentication,"File not found"
10001000,2026-08-28 00:25:27,WARN,Storage,"Request completed"
10001001,2026-08-28 00:25:29,INFO,Server,"File not found"
10001002,2026-08-28 00:25:29,ERROR,Server,"File not found"
10001003,2026-08-28 00:25:29,DEBUG,Payment,"Payment failed"
10001004,2026-08-28 00:25:32,WARN,Authentication,"Server overloaded"
10001005,2026-08-28 00:25:35,DEBUG,Network,"File not found"
10001006,2026-08-28 00:25:37,WARN,Database,"File not found"
10001007,2026-08-28 00:25:37,INFO,Authentication,"Connection refused"
10001008,2026-08-28 00:25:38,DEBUG,Authentication,"Payment failed"
10001009,2026-08-28 00:25:40,ERROR,Authentication,"Server overloaded"
10001010,2026-08-28 00:25:41,WARN,API,"Server overloaded"
10001011,2026-08-28 00:25:44,DEBUG,Network,"Request completed"
10001012,2026-08-28 00:25:44,WARN,Network,"Invalid request"
10001013,2026-08-28 00:25:44,WARN,Authentication,"Authentication failed"
10001014,2026-08-28 00:25:47,INFO,Network,"Invalid request"
10001015,2026-08-28 00:25:47,INFO,Database,"File not found"
10001016,2026-08-28 00:25:50,WARN,Payment,"Database unavailable"
10001017,2026-08-28 00:25:52,WARN,Payment,"High memory usage"
10001018,2026-08-28 00:25:55,ERROR,Database,"File not found"
10001019,2026-08-28 00:25:56,INFO,API,"Authentication failed"
10001020,2026-08-28 00:25:57,INFO,Database,"Server overloaded"
10001021,2026-08-28 00:25:57,ERROR,Database,"Payment failed"
10001022,2026-08-28 00:26:00,WARN,Server,"Connection timeout"
10001023,2026-08-28 00:26:00,WARN,Payment,"Authentication failed"
10001024,2026-08-28 00:26:03,DEBUG,Authentication,"File not found"
10001025,2026-08-28 00:26:04,ERROR,Storage,"Server overloaded"
10001026,2026-08-28 00:26:06,ERROR,Storage,"Database unavailable"
10001027,2026-08-28 00:26:09,DEBUG,Network,"Database unavailable"
10001028,2026-08-28 00:26:09,WARN,Authentication,"Connection refused"
10001029,2026-08-28 00:26:10,DEBUG,API,"Database unavailable"
10001030,2026-08-28 00:26:12,DEBUG,API,"Server overloaded"
10001031,2026-08-28 00:26:13,INFO,Server,"Database unavailable"
10001032,2026-08-28 00:26:14,INFO,Storage,"File not found"
10001033,2026-08-28 00:26:15,WARN,Payment,"Connection refused"
10001034,2026-08-28 00:26:16,DEBUG,Network,"Database unavailable"
10001035,2026-08-28 00:26:19,INFO,Payment,"File not found"
10001036,2026-08-28 00:26:19,DEBUG,Payment,"Request completed"
10001037,2026-08-28 00:26:21,ERROR,Payment,"Invalid request"
10001038,2026-08-28 00:26:22,INFO,API,"Payment failed"
10001039,2026-08-28 00:26:24,WARN,Storage,"File not found"
10001040,2026-08-28 00:26:24,INFO,Network,"Server overloaded"
10001041,2026-08-28 00:26:26,DEBUG,Payment,"Payment failed"
10001042,2026-08-28 00:26:29,ERROR,Storage,"Server overloaded"
10001043,2026-08-28 00:26:30,DEBUG,Server,"Request completed"
10001044,2026-08-28 00:26:31,INFO,Database,"Connection refused"
10001045,2026-08-28 00:26:34,WARN,API,"Authentication failed"
10001046,2026-08-28 00:26:35,INFO,Server,"Connection refused"
10001047,2026-08-28 00:26:38,ERROR,Payment,"Payment failed"
10001048,2026-08-28 00:26:38,WARN,API,"Payment failed"
10001049,2026-08-28 00:26:40,ERROR,Network,"Server overloaded"
10001050,2026-08-28 00:26:40,ERROR,Authentication,"Connection timeout"
10001051,2026-08-28 00:26:42,ERROR,Storage,"Connection refused"
10001052,2026-08-28 00:26:42,INFO,API,"Connection timeout"
10001053,2026-08-28 00:26:43,WARN,Storage,"Server overloaded"
10001054,2026-08-28 00:26:43,ERROR,Payment,"Database unavailable"
10001055,2026-08-28 00:26:45,WARN,Storage,"Invalid request"
10001056,2026-08-28 00:26:47,DEBUG,Server,"High memory usage"
10001057,2026-08-28 00:26:48,INFO,Storage,"High memory usage"
10001058,2026-08-28 00:26:50,DEBUG,Storage,"Authentication failed"
10001059,2026-08-28 00:26:53,WARN,Payment,"Authentication failed"
10001060,2026-08-28 00:26:54,WARN,Network,"Server overloaded"
10001061,2026-08-28 00:26:56,INFO,Database,"Database unavailable"
10001062,2026-08-28 00:26:57,ERROR,Server,"Payment failed"
10001063,2026-08-28 00:26:59,ERROR,Network,"Connection timeout"
10001064,2026-08-28 00:26:59,WARN,Database,"Payment failed"
10001065,2026-08-28 00:27:02,INFO,Network,"Connection timeout"
10001066,2026-08-28 00:27:05,DEBUG,Database,"Server overloaded"
10001067,2026-08-28 00:27:06,WARN,Storage,"Payment failed"
10001068,2026-08-28 00:27:09,WARN,Server,"Payment failed"
10001069,2026-08-28 00:27:11,DEBUG,Network,"Authentication failed"
10001070,2026-08-28 00:27:11,INFO,API,"File not found"
10001071,2026-08-28 00:27:13,DEBUG,Payment,"File not found"
10001072,2026-08-28 00:27:16,WARN,Server,"High memory usage"
10001073,2026-08-28 00:27:17,ERROR,Network,"Payment failed"
10001074,2026-08-28 00:27:17,ERROR,Database,"Invalid request"
10001075,2026-08-28 00:27:18,DEBUG,Network,"Connection refused"
10001076,2026-08-28 00:27:19,INFO,Storage,"Connection refused"
10001077,2026-08-28 00:27:20,INFO,API,"Database unavailable"
10001078,2026-08-28 00:27:23,ERROR,Database,"Invalid request"
10001079,2026-08-28 00:27:23,WARN,Authentication,"Request completed"
10001080,2026-08-28 00:27:26,ERROR,Network,"File not found"
10001081,2026-08-28 00:27:29,INFO,Storage,"Payment failed"
10001082,2026-08-28 00:27:32,DEBUG,Network,"Connection timeout"
10001083,2026-08-28 00:27:33,ERROR,Payment,"Request completed"
10001084,2026-08-28 00:27:36,WARN,Server,"Invalid request"
10001085,2026-08-28 00:27:38,DEBUG,API,"Connection refused"
10001086,2026-08-28 00:27:41,ERROR,API,"Connection timeout"
10001087,2026-08-28 00:27:42,WARN,API,"File not found"
10001088,2026-08-28 00:27:44,DEBUG,Payment,"Server overloaded"
10001089,2026-08-28 00:27:45,DEBUG,Payment,"Connection timeout"
10001090,2026-08-28 00:27:45,WARN,API,"File not found"
10001091,2026-08-28 00:27:48,WARN,Payment,"Payment failed"
10001092,2026-08-28 00:27:48,DEBUG,Server,"Request completed"
10001093,2026-08-28 00:27:49,INFO,Database,"Connection refused"
10001094,2026-08-28 00:27:49,DEBUG,Payment,"Connection refused"
10001095,2026-08-28 00:27:52,INFO,Network,"High memory usage"
10001096,2026-08-28 00:27:54,ERROR,Server,"Request completed"
10001097,2026-08-28 00:27:54,ERROR,Storage,"Request completed"
10001098,2026-08-28 00:27:57,ERROR,Payment,"Server overloaded"
10001099,2026-08-28 00:27:58,DEBUG,Payment,"Database unavailable"
10001100,2026-08-28 00:27:59,INFO,Storage,"File not found"
10001101,2026-08-28 00:27:59,DEBUG,Database,"Database unavailable"
10001102,2026-08-28 00:28:00,INFO,Database,"Database unavailable"
10001103,2026-08-28 00:28:03,DEBUG,Authentication,"Payment failed"
10001104,2026-08-28 00:28:05,ERROR,API,"High memory usage"
10001105,2026-08-28 00:28:05,WARN,Storage,"Authentication failed"
10001106,2026-08-28 00:28:07,WARN,API,"Request completed"
10001107,2026-08-28 00:28:08,WARN,Database,"File not found"
10001108,2026-08-28 00:28:08,ERROR,Server,"File not found"
10001109,2026-08-28 00:28:10,DEBUG,Authentication,"Request completed"
10001110,2026-08-28 00:28:12,DEBUG,API,"Authentication failed"
10001111,2026-08-28 00:28:14,WARN,Storage,"File not found"
10001112,2026-08-28 00:28:14,INFO,Storage,"Database unavailable"
10001113,2026-08-28 00:28:14,DEBUG,Storage,"Database unavailable"
10001114,2026-08-28 00:28:17,ERROR,Database,"Invalid request"
10001115,2026-08-28 00:28:19,DEBUG,Storage,"Payment failed"
10001116,2026-08-28 00:28:19,DEBUG,Authentication,"Server overloaded"
10001117,2026-08-28 00:28:19,INFO,Network,"Connection refused"
10001118,2026-08-28 00:28:22,WARN,Authentication,"Request completed"
10001119,2026-08-28 00:28:25,INFO,Payment,"Authentication failed"
10001120,2026-08-28 00:28:28,INFO,Payment,"Connection timeout"
10001121,2026-08-28 00:28:31,INFO,API,"Connection refused"
10001122,2026-08-28 00:28:34,DEBUG,Server,"Invalid request"
10001123,2026-08-28 00:28:37,ERROR,Server,"Payment failed"
10001124,2026-08-28 00:28:37,ERROR,Authentication,"Invalid request"
10001125,2026-08-28 00:28:37,INFO,Network,"Connection refused"
10001126,2026-08-28 00:28:39,INFO,API,"Connection refused"
10001127,2026-08-28 00:28:39,ERROR,Authentication,"Server overloaded"
10001128,2026-08-28 00:28:41,DEBUG,Storage,"Connection timeout"
10001129,2026-08-28 00:28:42,ERROR,Network,"Server overloaded"
10001130,2026-08-28 00:28:45,ERROR,API,"Authentication failed"
10001131,2026-08-28 00:28:48,DEBUG,Storage,"High memory usage"
10001132,2026-08-28 00:28:49,INFO,API,"High memory usage"
10001133,2026-08-28 00:28:50,DEBUG,Network,"Database unavailable"
10001134,2026-08-28 00:28:52,INFO,Network,"High memory usage"
10001135,2026-08-28 00:28:54,WARN,Payment,"Connection timeout"
10001136,2026-08-28 00:28:56,ERROR,Server,"Database unavailable"
10001137,2026-08-28 00:28:58,WARN,Storage,"Database unavailable"
10001138,2026-08-28 00:29:01,DEBUG,Storage,"Authentication failed"
10001139,2026-08-28 00:29:04,INFO,API,"Connection timeout"
10001140,2026-08-28 00:29:06,INFO,Storage,"Connection refused"
10001141,2026-08-28 00:29:07,INFO,Database,"Server overloaded"
10001142,2026-08-28 00:29:07,ERROR,Storage,"Authentication failed"
10001143,2026-08-28 00:29:07,ERROR,Authentication,"High memory usage"
10001144,2026-08-28 00:29:08,INFO,Network,"Server overloaded"
10001145,2026-08-28 00:29:09,ERROR,Storage,"Authentication failed"
10001146,2026-08-28 00:29:12,WARN,Payment,"File not found"
10001147,2026-08-28 00:29:14,DEBUG,Payment,"File not found"
10001148,2026-08-28 00:29:16,DEBUG,Authentication,"File not found"
10001149,2026-08-28 00:29:17,DEBUG,Payment,"Payment failed"
10001150,2026-08-28 00:29:18,INFO,Authentication,"Invalid request"
10001151,2026-08-28 00:29:18,INFO,Database,"File not found"
10001152,2026-08-28 00:29:21,WARN,API,"Invalid request"
10001153,2026-08-28 00:29:22,DEBUG,API,"Database unavailable"
10001154,2026-08-28 00:29:22,DEBUG,Database,"Authentication failed"
10001155,2026-08-28 00:29:25,ERROR,API,"Authentication failed"
10001156,2026-08-28 00:29:26,ERROR,API,"Connection timeout"
10001157,2026-08-28 00:29:29,ERROR,Network,"File not found"
10001158,2026-08-28 00:29:32,INFO,Authentication,"Server overloaded"
10001159,2026-08-28 00:29:35,WARN,Storage,"Connection timeout"
10001160,2026-08-28 00:29:37,ERROR,Server,"Connection timeout"
10001161,2026-08-28 00:29:39,DEBUG,Server,"Database unavailable"
10001162,2026-08-28 00:29:40,WARN,API,"Request completed"
10001163,2026-08-28 00:29:41,DEBUG,API,"Connection refused"
10001164,2026-08-28 00:29:43,INFO,API,"Payment failed"
10001165,2026-08-28 00:29:46,INFO,API,"Authentication failed"
10001166,2026-08-28 00:29:46,ERROR,Payment,"Database unavailable"
10001167,2026-08-28 00:29:47,INFO,Server,"Payment failed"
10001168,2026-08-28 00:29:49,INFO,Authentication,"Connection refused"
10001169,2026-08-28 00:29:50,DEBUG,Authentication,"Server overloaded"
10001170,2026-08-28 00:29:53,INFO,Database,"File not found"
10001171,2026-08-28 00:29:53,INFO,Database,"Authentication failed"
10001172,2026-08-28 00:29:56,DEBUG,Payment,"File not found"
10001173,2026-08-28 00:29:57,INFO,Server,"File not found"
10001174,2026-08-28 00:29:58,INFO,Network,"Connection timeout"
10001175,2026-08-28 00:29:59,ERROR,Server,"Authentication failed"
10001176,2026-08-28 00:30:01,ERROR,Payment,"Connection refused"
10001177,2026-08-28 00:30:02,ERROR,Payment,"Connection refused"
10001178,2026-08-28 00:30:05,ERROR,Storage,"Request completed"
10001179,2026-08-28 00:30:06,ERROR,Network,"Request completed"
10001180,2026-08-28 00:30:08,DEBUG,Payment,"File not found"
10001181,2026-08-28 00:30:09,DEBUG,Network,"Invalid request"
10001182,2026-08-28 00:30:12,DEBUG,Payment,"Database unavailable"
10001183,2026-08-28 00:30:15,DEBUG,Storage,"Server overloaded"
10001184,2026-08-28 00:30:17,WARN,Storage,"File not found"
10001185,2026-08-28 00:30:19,WARN,API,"Request completed"
10001186,2026-08-28 00:30:19,DEBUG,Network,"High memory usage"
10001187,2026-08-28 00:30:20,DEBUG,API,"Server overloaded"
10001188,2026-08-28 00:30:23,DEBUG,Database,"Invalid request"
10001189,2026-08-28 00:30:25,INFO,Payment,"File not found"
10001190,2026-08-28 00:30:26,INFO,Authentication,"Connection refused"
10001191,2026-08-28 00:30:28,INFO,Network,"File not found"
10001192,2026-08-28 00:30:31,DEBUG,Server,"File not found"
10001193,2026-08-28 00:30:31,DEBUG,Server,"Request completed"
10001194,2026-08-28 00:30:34,ERROR,Storage,"Database unavailable"
10001195,2026-08-28 00:30:35,ERROR,Database,"Invalid request"
10001196,2026-08-28 00:30:38,DEBUG,Payment,"Authentication failed"
10001197,2026-08-28 00:30:40,WARN,Server,"Invalid request"
10001198,2026-08-28 00:30:43,INFO,Network,"Server overloaded"
10001199,2026-08-28 00:30:43,ERROR,Authentication,"Database unavailable"
10001200,2026-08-28 00:30:46,DEBUG,Database,"Invalid request"
10001201,2026-08-28 00:30:49,WARN,Authentication,"Request completed"
10001202,2026-08-28 00:30:52,DEBUG,Database,"File not found"
10001203,2026-08-28 00:30:54,WARN,Authentication,"Connection refused"
10001204,2026-08-28 00:30:55,ERROR,Storage,"Invalid request"
10001205,2026-08-28 00:30:56,INFO,Network,"Payment failed"
10001206,2026-08-28 00:30:56,WARN,Storage,"Request completed"
10001207,2026-08-28 00:30:59,WARN,Server,"Authentication failed"
10001208,2026-08-28 00:31:02,WARN,Storage,"Connection refused"
10001209,2026-08-28 00:31:02,ERROR,API,"File not found"
10001210,2026-08-28 00:31:03,ERROR,Payment,"Server overloaded"
10001211,2026-08-28 00:31:03,DEBUG,Network,"High memory usage"
10001212,2026-08-28 00:31:04,DEBUG,Authentication,"Invalid request"
10001213,2026-08-28 00:31:07,ERROR,Network,"Connection refused"
10001214,2026-08-28 00:31:10,WARN,Database,"Invalid request"
10001215,2026-08-28 00:31:10,WARN,Server,"Server overloaded"
10001216,2026-08-28 00:31:12,DEBUG,API,"High memory usage"
10001217,2026-08-28 00:31:12,WARN,Payment,"Invalid request"
10001218,2026-08-28 00:31:13,INFO,Storage,"Connection refused"
10001219,2026-08-28 00:31:15,INFO,Network,"Server overloaded"
10001220,2026-08-28 00:31:18,WARN,Database,"Server overloaded"
10001221,2026-08-28 00:31:18,ERROR,Authentication,"Server overloaded"
10001222,2026-08-28 00:31:18,DEBUG,Server,"Invalid request"
10001223,2026-08-28 00:31:18,ERROR,Network,"Invalid request"
10001224,2026-08-28 00:31:21,WARN,Authentication,"Connection timeout"
10001225,2026-08-28 00:31:23,DEBUG,API,"Request completed"
10001226,2026-08-28 00:31:26,WARN,Payment,"Invalid request"
10001227,2026-08-28 00:31:28,INFO,Storage,"Authentication failed"
10001228,2026-08-28 00:31:28,DEBUG,API,"High memory usage"
10001229,2026-08-28 00:31:29,INFO,Storage,"High memory usage"
10001230,2026-08-28 00:31:31,DEBUG,Authentication,"Connection timeout"
10001231,2026-08-28 00:31:32,INFO,API,"File not found"
10001232,2026-08-28 00:31:32,WARN,Storage,"Request completed"
10001233,2026-08-28 00:31:35,INFO,Server,"Request completed"
10001234,2026-08-28 00:31:38,ERROR,Database,"Authentication failed"
10001235,2026-08-28 00:31:38,INFO,Database,"Connection timeout"
10001236,2026-08-28 00:31:38,ERROR,Payment,"High memory usage"
10001237,2026-08-28 00:31:38,ERROR,Database,"Authentication failed"
10001238,2026-08-28 00:31:40,WARN,API,"Database unavailable"
10001239,2026-08-28 00:31:40,INFO,Payment,"Server overloaded"
10001240,2026-08-28 00:31:41,WARN,Storage,"Authentication failed"
10001241,2026-08-28 00:31:44,INFO,Database,"File not found"
10001242,2026-08-28 00:31:45,DEBUG,API,"High memory usage"
10001243,2026-08-28 00:31:47,WARN,API,"Connection refused"
10001244,2026-08-28 00:31:47,ERROR,Server,"Request completed"
10001245,2026-08-28 00:31:48,ERROR,Storage,"Connection timeout"
10001246,2026-08-28 00:31:49,WARN,API,"Connection timeout"
10001247,2026-08-28 00:31:49,ERROR,Authentication,"Invalid request"
10001248,2026-08-28 00:31:49,WARN,Network,"High memory usage"
10001249,2026-08-28 00:31:49,DEBUG,Server,"Payment failed"
10001250,2026-08-28 00:31:50,DEBUG,API,"File not found"
10001251,2026-08-28 00:31:52,DEBUG,Database,"Authentication failed"
10001252,2026-08-28 00:31:54,DEBUG,API,"Request completed"
10001253,2026-08-28 00:31:57,ERROR,API,"File not found"
10001254,2026-08-28 00:31:57,ERROR,API,"Invalid request"
10001255,2026-08-28 00:32:00,DEBUG,Storage,"Authentication failed"
10001256,2026-08-28 00:32:02,WARN,Network,"Payment failed"
10001257,2026-08-28 00:32:02,WARN,Server,"Request completed"
10001258,2026-08-28 00:32:05,INFO,Payment,"High memory usage"
10001259,2026-08-28 00:32:06,DEBUG,Server,"File not found"
10001260,2026-08-28 00:32:08,DEBUG,Network,"Request completed"
10001261,2026-08-28 00:32:08,DEBUG,Storage,"Connection refused"
10001262,2026-08-28 00:32:11,ERROR,Server,"File not found"
10001263,2026-08-28 00:32:13,WARN,Storage,"Connection refused"
10001264,2026-08-28 00:32:13,DEBUG,Storage,"Invalid request"
10001265,2026-08-28 00:32:15,INFO,Storage,"Invalid request"
10001266,2026-08-28 00:32:15,ERROR,API,"Invalid request"
10001267,2026-08-28 00:32:15,DEBUG,Storage,"Connection timeout"
10001268,2026-08-28 00:32:16,ERROR,Authentication,"Connection timeout"
10001269,2026-08-28 00:32:19,INFO,API,"File not found"
10001270,2026-08-28 00:32:21,INFO,API,"High memory usage"
10001271,2026-08-28 00:32:24,ERROR,Payment,"Server overloaded"
10001272,2026-08-28 00:32:27,ERROR,Server,"Database unavailable"
10001273,2026-08-28 00:32:29,DEBUG,Payment,"Invalid request"
10001274,2026-08-28 00:32:31,DEBUG,API,"Payment failed"
10001275,2026-08-28 00:32:32,WARN,Server,"High memory usage"
10001276,2026-08-28 00:32:32,INFO,Database,"Authentication failed"
10001277,2026-08-28 00:32:33,ERROR,Authentication,"Invalid request"
10001278,2026-08-28 00:32:33,DEBUG,Payment,"Connection refused"
10001279,2026-08-28 00:32:34,ERROR,Payment,"Server overloaded"
10001280,2026-08-28 00:32:37,INFO,Network,"Server overloaded"
10001281,2026-08-28 00:32:39,INFO,Storage,"Payment failed"
10001282,2026-08-28 00:32:40,ERROR,API,"Database unavailable"
10001283,2026-08-28 00:32:41,INFO,Storage,"Payment failed"
10001284,2026-08-28 00:32:43,WARN,Payment,"Connection timeout"
10001285,2026-08-28 00:32:46,DEBUG,Database,"Invalid request"
10001286,2026-08-28 00:32:48,INFO,Payment,"File not found"
10001287,2026-08-28 00:32:51,DEBUG,API,"Connection timeout"
10001288,2026-08-28 00:32:53,INFO,API,"Payment failed"
10001289,2026-08-28 00:32:54,DEBUG,Payment,"Payment failed"
10001290,2026-08-28 00:32:56,ERROR,API,"Server overloaded"
10001291,2026-08-28 00:32:59,DEBUG,Payment,"Connection refused"
10001292,2026-08-28 00:32:59,DEBUG,Database,"Connection timeout"
10001293,2026-08-28 00:33:00,ERROR,Network,"Invalid request"
10001294,2026-08-28 00:33:03,WARN,Database,"Server overloaded"
10001295,2026-08-28 00:33:04,DEBUG,Payment,"Server overloaded"
10001296,2026-08-28 00:33:06,INFO,Storage,"Payment failed"
10001297,2026-08-28 00:33:08,DEBUG,Payment,"File not found"
10001298,2026-08-28 00:33:11,INFO,Network,"Request completed"
10001299,2026-08-28 00:33:13,INFO,Network,"File not found"
10001300,2026-08-28 00:33:14,DEBUG,Database,"Request completed"
10001301,2026-08-28 00:33:15,ERROR,Network,"Authentication failed"
10001302,2026-08-28 00:33:18,DEBUG,Server,"Database unavailable"
10001303,2026-08-28 00:33:18,ERROR,Storage,"Request completed"
10001304,2026-08-28 00:33:18,DEBUG,API,"Authentication failed"
10001305,2026-08-28 00:33:19,DEBUG,Authentication,"Connection timeout"
10001306,2026-08-28 00:33:22,INFO,Payment,"Connection timeout"
10001307,2026-08-28 00:33:23,WARN,API,"Connection refused"
10001308,2026-08-28 00:33:23,DEBUG,API,"Authentication failed"
10001309,2026-08-28 00:33:25,ERROR,Database,"Connection refused"
10001310,2026-08-28 00:33:28,WARN,API,"Connection refused"
10001311,2026-08-28 00:33:31,WARN,Server,"File not found"
10001312,2026-08-28 00:33:32,INFO,Database,"High memory usage"
10001313,2026-08-28 00:33:33,DEBUG,Storage,"Request completed"
10001314,2026-08-28 00:33:33,INFO,Server,"Connection timeout"
10001315,2026-08-28 00:33:34,DEBUG,Server,"Connection refused"
10001316,2026-08-28 00:33:36,WARN,API,"Connection refused"
10001317,2026-08-28 00:33:36,ERROR,Authentication,"Server overloaded"
10001318,2026-08-28 00:33:36,DEBUG,Database,"Connection refused"
10001319,2026-08-28 00:33:36,ERROR,Database,"Payment failed"
10001320,2026-08-28 00:33:38,WARN,Payment,"File not found"
10001321,2026-08-28 00:33:38,DEBUG,Database,"Server overloaded"
10001322,2026-08-28 00:33:40,WARN,Storage,"Connection refused"
10001323,2026-08-28 00:33:40,WARN,Server,"File not found"
10001324,2026-08-28 00:33:41,WARN,Payment,"Database unavailable"
10001325,2026-08-28 00:33:41,WARN,Payment,"Connection timeout"
10001326,2026-08-28 00:33:41,DEBUG,Storage,"Payment failed"
10001327,2026-08-28 00:33:42,INFO,API,"Connection timeout"
10001328,2026-08-28 00:33:43,WARN,Payment,"Database unavailable"
10001329,2026-08-28 00:33:44,INFO,Storage,"Request completed"
10001330,2026-08-28 00:33:45,DEBUG,Server,"File not found"
10001331,2026-08-28 00:33:48,INFO,Database,"Payment failed"
10001332,2026-08-28 00:33:49,INFO,Storage,"Server overloaded"
10001333,2026-08-28 00:33:51,WARN,Authentication,"Request completed"
10001334,2026-08-28 00:33:54,WARN,Authentication,"Payment failed"
10001335,2026-08-28 00:33:57,DEBUG,Authentication,"Invalid request"
10001336,2026-08-28 00:34:00,INFO,Payment,"Connection timeout"
10001337,2026-08-28 00:34:01,DEBUG,Authentication,"Invalid request"
10001338,2026-08-28 00:34:02,WARN,Authentication,"High memory usage"
10001339,2026-08-28 00:34:02,WARN,Storage,"Connection refused"
10001340,2026-08-28 00:34:05,ERROR,Network,"Database unavailable"
10001341,2026-08-28 00:34:05,DEBUG,Authentication,"High memory usage"
10001342,2026-08-28 00:34:05,ERROR,Server,"Connection refused"
10001343,2026-08-28 00:34:07,DEBUG,API,"Connection timeout"
10001344,2026-08-28 00:34:09,ERROR,Database,"High memory usage"
10001345,2026-08-28 00:34:12,DEBUG,Storage,"Payment failed"
10001346,2026-08-28 00:34:12,ERROR,Server,"Request completed"
10001347,2026-08-28 00:34:15,ERROR,Authentication,"Invalid request"
10001348,2026-08-28 00:34:17,INFO,Storage,"Authentication failed"
10001349,2026-08-28 00:34:20,ERROR,Database,"Authentication failed"
10001350,2026-08-28 00:34:21,DEBUG,Network,"Invalid request"
10001351,2026-08-28 00:34:22,INFO,Authentication,"Connection refused"
10001352,2026-08-28 00:34:24,DEBUG,Storage,"Database unavailable"
10001353,2026-08-28 00:34:27,WARN,Database,"File not found"
10001354,2026-08-28 00:34:30,INFO,Storage,"Authentication failed"
10001355,2026-08-28 00:34:33,DEBUG,Network,"Request completed"
10001356,2026-08-28 00:34:33,DEBUG,Server,"Connection timeout"
10001357,2026-08-28 00:34:36,DEBUG,Network,"Request completed"
10001358,2026-08-28 00:34:37,INFO,Network,"Authentication failed"
10001359,2026-08-28 00:34:38,WARN,Authentication,"Payment failed"
10001360,2026-08-28 00:34:41,ERROR,Storage,"Request completed"
10001361,2026-08-28 00:34:42,ERROR,Payment,"Payment failed"
10001362,2026-08-28 00:34:42,DEBUG,Storage,"High memory usage"
10001363,2026-08-28 00:34:44,WARN,API,"File not found"
10001364,2026-08-28 00:34:45,DEBUG,Database,"Connection refused"
10001365,2026-08-28 00:34:46,WARN,API,"Server overloaded"
10001366,2026-08-28 00:34:48,ERROR,Authentication,"Server overloaded"
10001367,2026-08-28 00:34:51,WARN,Network,"Invalid request"
10001368,2026-08-28 00:34:51,DEBUG,Database,"File not found"
10001369,2026-08-28 00:34:54,ERROR,Authentication,"Connection refused"
10001370,2026-08-28 00:34:54,DEBUG,Database,"Request completed"
10001371,2026-08-28 00:34:55,WARN,Payment,"Authentication failed"
10001372,2026-08-28 00:34:55,WARN,API,"File not found"
10001373,2026-08-28 00:34:55,INFO,Storage,"Request completed"
10001374,2026-08-28 00:34:58,ERROR,Payment,"Connection refused"
10001375,2026-08-28 00:35:00,DEBUG,Network,"Payment failed"
10001376,2026-08-28 00:35:00,ERROR,Storage,"Invalid request"
10001377,2026-08-28 00:35:00,WARN,Database,"Request completed"
10001378,2026-08-28 00:35:03,INFO,Server,"Invalid request"
10001379,2026-08-28 00:35:06,INFO,API,"Payment failed"
10001380,2026-08-28 00:35:08,ERROR,Payment,"Connection timeout"
10001381,2026-08-28 00:35:11,DEBUG,Payment,"Connection refused"
10001382,2026-08-28 00:35:11,INFO,Storage,"High memory usage"
10001383,2026-08-28 00:35:12,ERROR,Storage,"Connection refused"
10001384,2026-08-28 00:35:15,ERROR,Payment,"Connection refused"
10001385,2026-08-28 00:35:17,DEBUG,Network,"Request completed"
10001386,2026-08-28 00:35:18,ERROR,Payment,"Request completed"
10001387,2026-08-28 00:35:19,DEBUG,API,"File not found"
10001388,2026-08-28 00:35:20,ERROR,Database,"Payment failed"
10001389,2026-08-28 00:35:23,DEBUG,Server,"Connection timeout"
10001390,2026-08-28 00:35:26,INFO,Storage,"Request completed"
10001391,2026-08-28 00:35:27,DEBUG,Server,"Connection timeout"
10001392,2026-08-28 00:35:30,ERROR,Database,"High memory usage"
10001393,2026-08-28 00:35:33,INFO,Storage,"Connection timeout"
10001394,2026-08-28 00:35:36,WARN,Database,"Connection refused"
10001395,2026-08-28 00:35:36,ERROR,Authentication,"File not found"
10001396,2026-08-28 00:35:37,INFO,Storage,"Connection timeout"
10001397,2026-08-28 00:35:40,INFO,Database,"Connection refused"
10001398,2026-08-28 00:35:40,WARN,Storage,"Server overloaded"
10001399,2026-08-28 00:35:40,WARN,Payment,"Connection timeout"
10001400,2026-08-28 00:35:40,DEBUG,Database,"High memory usage"
10001401,2026-08-28 00:35:43,DEBUG,API,"Request completed"
10001402,2026-08-28 00:35:45,ERROR,Payment,"Database unavailable"
10001403,2026-08-28 00:35:45,ERROR,Storage,"Connection timeout"
10001404,2026-08-28 00:35:45,DEBUG,Authentication,"File not found"
10001405,2026-08-28 00:35:46,DEBUG,Network,"Database unavailable"
10001406,2026-08-28 00:35:48,DEBUG,Server,"Payment failed"
10001407,2026-08-28 00:35:51,ERROR,Server,"Connection timeout"
10001408,2026-08-28 00:35:52,WARN,API,"Database unavailable"
10001409,2026-08-28 00:35:52,INFO,Storage,"Request completed"
10001410,2026-08-28 00:35:52,DEBUG,Payment,"Invalid request"
10001411,2026-08-28 00:35:55,ERROR,API,"Authentication failed"
10001412,2026-08-28 00:35:57,DEBUG,Storage,"Payment failed"
10001413,2026-08-28 00:35:57,INFO,Authentication,"Authentication failed"
10001414,2026-08-28 00:35:59,INFO,Authentication,"Request completed"
10001415,2026-08-28 00:36:02,ERROR,Server,"Payment failed"
10001416,2026-08-28 00:36:02,WARN,Network,"Invalid request"
10001417,2026-08-28 00:36:04,WARN,Payment,"Database unavailable"
10001418,2026-08-28 00:36:05,INFO,Authentication,"Database unavailable"
10001419,2026-08-28 00:36:08,INFO,Payment,"Payment failed"
10001420,2026-08-28 00:36:11,DEBUG,Payment,"Payment failed"
10001421,2026-08-28 00:36:14,INFO,Network,"Authentication failed"
10001422,2026-08-28 00:36:15,INFO,API,"Invalid request"
10001423,2026-08-28 00:36:17,INFO,Payment,"Payment failed"
10001424,2026-08-28 00:36:18,DEBUG,Authentication,"Database unavailable"
10001425,2026-08-28 00:36:20,WARN,Authentication,"Database unavailable"
10001426,2026-08-28 00:36:21,ERROR,Database,"Invalid request"
10001427,2026-08-28 00:36:23,ERROR,Network,"Authentication failed"
10001428,2026-08-28 00:36:25,WARN,Network,"High memory usage"
10001429,2026-08-28 00:36:25,INFO,Server,"Server overloaded"
10001430,2026-08-28 00:36:27,ERROR,Server,"Request completed"
10001431,2026-08-28 00:36:28,ERROR,Network,"Database unavailable"
10001432,2026-08-28 00:36:30,INFO,Storage,"Database unavailable"
10001433,2026-08-28 00:36:30,INFO,Network,"Database unavailable"
10001434,2026-08-28 00:36:31,WARN,Server,"Connection refused"
10001435,2026-08-28 00:36:31,DEBUG,Server,"Payment failed"
10001436,2026-08-28 00:36:33,DEBUG,Server,"Connection refused"
10001437,2026-08-28 00:36:34,DEBUG,API,"Payment failed"
10001438,2026-08-28 00:36:36,ERROR,Storage,"File not found"
10001439,2026-08-28 00:36:37,WARN,Storage,"Authentication failed"
10001440,2026-08-28 00:36:40,WARN,API,"Connection timeout"
10001441,2026-08-28 00:36:41,WARN,Payment,"Invalid request"
10001442,2026-08-28 00:36:42,WARN,Payment,"Invalid request"
10001443,2026-08-28 00:36:45,INFO,Payment,"Server overloaded"
10001444,2026-08-28 00:36:46,WARN,Server,"Request completed"
10001445,2026-08-28 00:36:49,WARN,Payment,"Database unavailable"
10001446,2026-08-28 00:36:49,DEBUG,Payment,"Invalid request"
10001447,2026-08-28 00:36:51,ERROR,Database,"High memory usage"
10001448,2026-08-28 00:36:51,INFO,Network,"Server overloaded"
10001449,2026-08-28 00:36:53,ERROR,Network,"Request completed"
10001450,2026-08-28 00:36:53,ERROR,Server,"File not found"
10001451,2026-08-28 00:36:55,DEBUG,Storage,"File not found"
10001452,2026-08-28 00:36:58,WARN,Payment,"Authentication failed"
10001453,2026-08-28 00:37:01,WARN,Payment,"Payment failed"
10001454,2026-08-28 00:37:02,INFO,API,"Invalid request"
10001455,2026-08-28 00:37:04,ERROR,Storage,"Database unavailable"
10001456,2026-08-28 00:37:04,INFO,Database,"Connection refused"
10001457,2026-08-28 00:37:05,WARN,Database,"Invalid request"
10001458,2026-08-28 00:37:08,INFO,Server,"File not found"
10001459,2026-08-28 00:37:09,ERROR,Storage,"Invalid request"
10001460,2026-08-28 00:37:09,WARN,Server,"Connection refused"
10001461,2026-08-28 00:37:09,WARN,API,"Connection timeout"
10001462,2026-08-28 00:37:12,ERROR,Database,"Authentication failed"
10001463,2026-08-28 00:37:13,INFO,Database,"Connection refused"
10001464,2026-08-28 00:37:16,INFO,API,"Invalid request"
10001465,2026-08-28 00:37:16,ERROR,Authentication,"Authentication failed"
10001466,2026-08-28 00:37:16,ERROR,API,"Database unavailable"
10001467,2026-08-28 00:37:16,WARN,Authentication,"Authentication failed"
10001468,2026-08-28 00:37:16,ERROR,Authentication,"High memory usage"
10001469,2026-08-28 00:37:17,WARN,Storage,"Invalid request"
10001470,2026-08-28 00:37:18,DEBUG,Storage,"Authentication failed"
10001471,2026-08-28 00:37:18,WARN,Network,"Connection refused"
10001472,2026-08-28 00:37:19,WARN,Payment,"Connection timeout"
10001473,2026-08-28 00:37:21,WARN,Server,"Authentication failed"
10001474,2026-08-28 00:37:22,WARN,API,"High memory usage"
10001475,2026-08-28 00:37:22,ERROR,API,"Request completed"
10001476,2026-08-28 00:37:23,WARN,Payment,"Database unavailable"
10001477,2026-08-28 00:37:24,WARN,Database,"Payment failed"
10001478,2026-08-28 00:37:25,ERROR,Storage,"Connection refused"
10001479,2026-08-28 00:37:25,INFO,Database,"Request completed"
10001480,2026-08-28 00:37:28,INFO,Payment,"Connection refused"
10001481,2026-08-28 00:37:29,ERROR,Authentication,"Server overloaded"
10001482,2026-08-28 00:37:29,WARN,Authentication,"Authentication failed"
10001483,2026-08-28 00:37:30,INFO,Server,"High memory usage"
10001484,2026-08-28 00:37:32,ERROR,Network,"Connection refused"
10001485,2026-08-28 00:37:32,WARN,API,"Database unavailable"
10001486,2026-08-28 00:37:34,DEBUG,Network,"Database unavailable"
10001487,2026-08-28 00:37:35,ERROR,API,"Server overloaded"
10001488,2026-08-28 00:37:35,WARN,Network,"Server overloaded"
10001489,2026-08-28 00:37:35,INFO,Storage,"Database unavailable"
10001490,2026-08-28 00:37:36,DEBUG,API,"Database unavailable"
10001491,2026-08-28 00:37:37,DEBUG,API,"Request completed"
10001492,2026-08-28 00:37:38,DEBUG,API,"File not found"
10001493,2026-08-28 00:37:41,DEBUG,Authentication,"High memory usage"
10001494,2026-08-28 00:37:42,ERROR,Database,"Payment failed"
10001495,2026-08-28 00:37:43,ERROR,Authentication,"Invalid request"
10001496,2026-08-28 00:37:46,WARN,Network,"Invalid request"
10001497,2026-08-28 00:37:48,ERROR,Database,"Server overloaded"
10001498,2026-08-28 00:37:51,DEBUG,Authentication,"Authentication failed"
10001499,2026-08-28 00:37:53,INFO,API,"Invalid request"
10001500,2026-08-28 00:37:53,ERROR,Server,"Database unavailable"
10001501,2026-08-28 00:37:54,ERROR,Payment,"Server overloaded"
10001502,2026-08-28 00:37:56,INFO,API,"Payment failed"
10001503,2026-08-28 00:37:59,WARN,Payment,"Database unavailable"
10001504,2026-08-28 00:38:02,ERROR,Network,"Authentication failed"
10001505,2026-08-28 00:38:04,WARN,Database,"Authentication failed"
10001506,2026-08-28 00:38:04,WARN,Database,"High memory usage"
10001507,2026-08-28 00:38:07,ERROR,API,"Server overloaded"
10001508,2026-08-28 00:38:07,INFO,Database,"Connection refused"
10001509,2026-08-28 00:38:07,ERROR,API,"High memory usage"
10001510,2026-08-28 00:38:07,INFO,Server,"Connection refused"
10001511,2026-08-28 00:38:10,ERROR,Authentication,"Invalid request"
10001512,2026-08-28 00:38:11,ERROR,Database,"High memory usage"
10001513,2026-08-28 00:38:13,ERROR,API,"File not found"
10001514,2026-08-28 00:38:16,INFO,Network,"File not found"
10001515,2026-08-28 00:38:18,WARN,Storage,"Server overloaded"
10001516,2026-08-28 00:38:21,DEBUG,Network,"File not found"
10001517,2026-08-28 00:38:21,DEBUG,Authentication,"High memory usage"
10001518,2026-08-28 00:38:21,DEBUG,Network,"Database unavailable"
10001519,2026-08-28 00:38:23,ERROR,Network,"Connection timeout"
10001520,2026-08-28 00:38:23,INFO,Storage,"High memory usage"
10001521,2026-08-28 00:38:25,INFO,Authentication,"Authentication failed"
10001522,2026-08-28 00:38:27,WARN,Storage,"Invalid request"
10001523,2026-08-28 00:38:30,ERROR,Server,"Authentication failed"
10001524,2026-08-28 00:38:32,WARN,Database,"Connection refused"
10001525,2026-08-28 00:38:34,DEBUG,API,"Connection refused"
10001526,2026-08-28 00:38:36,WARN,Storage,"Database unavailable"
10001527,2026-08-28 00:38:38,WARN,Authentication,"High memory usage"
10001528,2026-08-28 00:38:39,WARN,Network,"Server overloaded"
10001529,2026-08-28 00:38:39,ERROR,Database,"High memory usage"
10001530,2026-08-28 00:38:42,ERROR,API,"Invalid request"
10001531,2026-08-28 00:38:42,DEBUG,Authentication,"Server overloaded"
10001532,2026-08-28 00:38:42,INFO,Storage,"Authentication failed"
10001533,2026-08-28 00:38:44,WARN,Authentication,"File not found"
10001534,2026-08-28 00:38:47,WARN,Network,"File not found"
10001535,2026-08-28 00:38:50,DEBUG,API,"Connection refused"
10001536,2026-08-28 00:38:52,DEBUG,Server,"Server overloaded"
10001537,2026-08-28 00:38:55,ERROR,Storage,"Request completed"
10001538,2026-08-28 00:38:55,INFO,Database,"Request completed"
10001539,2026-08-28 00:38:57,DEBUG,Storage,"Request completed"
10001540,2026-08-28 00:39:00,ERROR,Network,"Invalid request"
10001541,2026-08-28 00:39:01,ERROR,Network,"Request completed"
10001542,2026-08-28 00:39:01,DEBUG,Database,"Request completed"
10001543,2026-08-28 00:39:03,WARN,Payment,"Database unavailable"
10001544,2026-08-28 00:39:06,WARN,Network,"High memory usage"
10001545,2026-08-28 00:39:08,INFO,Server,"Server overloaded"
10001546,2026-08-28 00:39:09,INFO,Storage,"File not found"
10001547,2026-08-28 00:39:10,ERROR,Server,"Authentication failed"
10001548,2026-08-28 00:39:12,WARN,API,"Server overloaded"
10001549,2026-08-28 00:39:12,WARN,Storage,"Connection timeout"
10001550,2026-08-28 00:39:13,WARN,Database,"Invalid request"
10001551,2026-08-28 00:39:14,WARN,Database,"Connection timeout"
10001552,2026-08-28 00:39:14,INFO,Network,"Connection refused"
10001553,2026-08-28 00:39:16,INFO,Storage,"Database unavailable"
10001554,2026-08-28 00:39:19,INFO,Database,"Payment failed"
10001555,2026-08-28 00:39:22,DEBUG,Network,"Connection timeout"
10001556,2026-08-28 00:39:25,ERROR,Database,"Payment failed"
10001557,2026-08-28 00:39:27,INFO,Network,"Payment failed"
10001558,2026-08-28 00:39:29,DEBUG,API,"Payment failed"
10001559,2026-08-28 00:39:29,DEBUG,Network,"Connection timeout"
10001560,2026-08-28 00:39:30,ERROR,Authentication,"Invalid request"
10001561,2026-08-28 00:39:33,DEBUG,Payment,"File not found"
10001562,2026-08-28 00:39:33,WARN,Payment,"Connection refused"
10001563,2026-08-28 00:39:35,WARN,Server,"Request completed"
10001564,2026-08-28 00:39:37,INFO,Storage,"Invalid request"
10001565,2026-08-28 00:39:37,DEBUG,Network,"Invalid request"
10001566,2026-08-28 00:39:38,WARN,Authentication,"Connection timeout"
10001567,2026-08-28 00:39:39,DEBUG,Server,"Request completed"
10001568,2026-08-28 00:39:40,DEBUG,Server,"Connection refused"
10001569,2026-08-28 00:39:41,WARN,Payment,"Database unavailable"
10001570,2026-08-28 00:39:41,WARN,API,"Server overloaded"
10001571,2026-08-28 00:39:41,INFO,Storage,"High memory usage"
10001572,2026-08-28 00:39:42,WARN,Storage,"Request completed"
10001573,2026-08-28 00:39:42,ERROR,Storage,"Connection timeout"
10001574,2026-08-28 00:39:43,INFO,Payment,"Database unavailable"
10001575,2026-08-28 00:39:44,DEBUG,Database,"High memory usage"
10001576,2026-08-28 00:39:46,DEBUG,Payment,"File not found"
10001577,2026-08-28 00:39:46,INFO,Database,"Request completed"
10001578,2026-08-28 00:39:49,INFO,Storage,"Invalid request"
10001579,2026-08-28 00:39:52,INFO,Database,"Payment failed"
10001580,2026-08-28 00:39:54,INFO,Storage,"Authentication failed"
10001581,2026-08-28 00:39:57,ERROR,Storage,"Connection refused"
10001582,2026-08-28 00:39:58,WARN,Server,"Authentication failed"
10001583,2026-08-28 00:40:01,DEBUG,Network,"Connection timeout"
10001584,2026-08-28 00:40:01,INFO,Database,"Connection refused"
10001585,2026-08-28 00:40:01,ERROR,Server,"Payment failed"
10001586,2026-08-28 00:40:01,INFO,Database,"Request completed"
10001587,2026-08-28 00:40:01,INFO,API,"Connection refused"
10001588,2026-08-28 00:40:03,DEBUG,Network,"Connection refused"
10001589,2026-08-28 00:40:04,ERROR,Network,"Request completed"
10001590,2026-08-28 00:40:06,ERROR,Server,"Connection timeout"
10001591,2026-08-28 00:40:07,INFO,Storage,"Authentication failed"
10001592,2026-08-28 00:40:10,DEBUG,Authentication,"High memory usage"
10001593,2026-08-28 00:40:11,WARN,Server,"Database unavailable"
10001594,2026-08-28 00:40:12,DEBUG,Authentication,"Invalid request"
10001595,2026-08-28 00:40:14,DEBUG,Server,"Authentication failed"
10001596,2026-08-28 00:40:15,ERROR,Payment,"High memory usage"
10001597,2026-08-28 00:40:18,DEBUG,API,"Authentication failed"
10001598,2026-08-28 00:40:20,ERROR,Network,"Request completed"
10001599,2026-08-28 00:40:23,WARN,Authentication,"Connection refused"
10001600,2026-08-28 00:40:25,ERROR,API,"Connection refused"
10001601,2026-08-28 00:40:25,ERROR,API,"File not found"
10001602,2026-08-28 00:40:28,ERROR,Storage,"File not found"
10001603,2026-08-28 00:40:30,ERROR,Authentication,"High memory usage"
10001604,2026-08-28 00:40:31,ERROR,Server,"Connection refused"
10001605,2026-08-28 00:40:31,DEBUG,Database,"Authentication failed"
10001606,2026-08-28 00:40:33,WARN,Network,"High memory usage"
10001607,2026-08-28 00:40:35,DEBUG,Network,"Request completed"
10001608,2026-08-28 00:40:36,ERROR,Storage,"High memory usage"
10001609,2026-08-28 00:40:38,INFO,Authentication,"Database unavailable"
10001610,2026-08-28 00:40:38,ERROR,Network,"Database unavailable"
10001611,2026-08-28 00:40:38,DEBUG,Database,"High memory usage"
10001612,2026-08-28 00:40:40,ERROR,Authentication,"High memory usage"
10001613,2026-08-28 00:40:41,ERROR,Payment,"Connection timeout"
10001614,2026-08-28 00:40:41,DEBUG,Payment,"Payment failed"
10001615,2026-08-28 00:40:44,WARN,Network,"Server overloaded"
10001616,2026-08-28 00:40:46,ERROR,Database,"Authentication failed"
10001617,2026-08-28 00:40:46,DEBUG,Authentication,"Connection timeout"
10001618,2026-08-28 00:40:46,DEBUG,Storage,"Invalid request"
10001619,2026-08-28 00:40:49,DEBUG,Network,"High memory usage"
10001620,2026-08-28 00:40:51,DEBUG,Storage,"Connection refused"
10001621,2026-08-28 00:40:53,DEBUG,Authentication,"Invalid request"
10001622,2026-08-28 00:40:54,ERROR,Authentication,"Database unavailable"
10001623,2026-08-28 00:40:54,ERROR,Authentication,"File not found"
10001624,2026-08-28 00:40:56,ERROR,Server,"Server overloaded"
10001625,2026-08-28 00:40:58,INFO,Network,"Payment failed"
10001626,2026-08-28 00:40:59,ERROR,Payment,"Authentication failed"
10001627,2026-08-28 00:41:00,INFO,Storage,"High memory usage"
10001628,2026-08-28 00:41:00,DEBUG,Authentication,"Connection refused"
10001629,2026-08-28 00:41:00,WARN,Server,"Payment failed"
10001630,2026-08-28 00:41:02,ERROR,API,"High memory usage"
10001631,2026-08-28 00:41:04,WARN,Authentication,"Connection refused"
10001632,2026-08-28 00:41:07,INFO,Network,"Invalid request"
10001633,2026-08-28 00:41:07,WARN,Storage,"Payment failed"
10001634,2026-08-28 00:41:07,WARN,API,"Server overloaded"
10001635,2026-08-28 00:41:08,INFO,Authentication,"Connection timeout"
10001636,2026-08-28 00:41:08,WARN,Storage,"High memory usage"
10001637,2026-08-28 00:41:09,INFO,Payment,"Request completed"
10001638,2026-08-28 00:41:10,DEBUG,Database,"Server overloaded"
10001639,2026-08-28 00:41:12,WARN,Server,"Connection timeout"
10001640,2026-08-28 00:41:14,ERROR,Database,"Server overloaded"
10001641,2026-08-28 00:41:16,ERROR,Payment,"Authentication failed"
10001642,2026-08-28 00:41:19,INFO,Network,"Invalid request"
10001643,2026-08-28 00:41:21,DEBUG,Database,"Connection refused"
10001644,2026-08-28 00:41:21,ERROR,Database,"Payment failed"
10001645,2026-08-28 00:41:23,DEBUG,Network,"File not found"
10001646,2026-08-28 00:41:23,WARN,Authentication,"High memory usage"
10001647,2026-08-28 00:41:25,WARN,Payment,"High memory usage"
10001648,2026-08-28 00:41:26,ERROR,API,"Request completed"
10001649,2026-08-28 00:41:28,DEBUG,Authentication,"Invalid request"
10001650,2026-08-28 00:41:28,DEBUG,Database,"Connection refused"
10001651,2026-08-28 00:41:29,INFO,Storage,"File not found"
10001652,2026-08-28 00:41:30,WARN,Payment,"Payment failed"
10001653,2026-08-28 00:41:31,INFO,Network,"Invalid request"
10001654,2026-08-28 00:41:34,INFO,Network,"Request completed"
10001655,2026-08-28 00:41:35,DEBUG,Authentication,"Payment failed"
10001656,2026-08-28 00:41:37,WARN,Server,"Database unavailable"
10001657,2026-08-28 00:41:38,WARN,Payment,"Connection timeout"
10001658,2026-08-28 00:41:41,WARN,Storage,"File not found"
10001659,2026-08-28 00:41:41,DEBUG,Database,"Database unavailable"
10001660,2026-08-28 00:41:41,WARN,Authentication,"File not found"
10001661,2026-08-28 00:41:43,WARN,Database,"Authentication failed"
10001662,2026-08-28 00:41:45,ERROR,Database,"Request completed"
10001663,2026-08-28 00:41:47,ERROR,API,"Database unavailable"
10001664,2026-08-28 00:41:48,ERROR,Server,"Request completed"
10001665,2026-08-28 00:41:50,ERROR,Authentication,"Database unavailable"
10001666,2026-08-28 00:41:53,ERROR,Payment,"Payment failed"
10001667,2026-08-28 00:41:56,WARN,Payment,"Payment failed"
10001668,2026-08-28 00:41:58,INFO,Authentication,"Request completed"
10001669,2026-08-28 00:41:59,DEBUG,Authentication,"Payment failed"
10001670,2026-08-28 00:42:00,DEBUG,API,"Request completed"
10001671,2026-08-28 00:42:02,ERROR,Authentication,"Database unavailable"
10001672,2026-08-28 00:42:04,WARN,Network,"Invalid request"
10001673,2026-08-28 00:42:04,DEBUG,API,"Request completed"
10001674,2026-08-28 00:42:04,INFO,Network,"Server overloaded"
10001675,2026-08-28 00:42:06,ERROR,Network,"File not found"
10001676,2026-08-28 00:42:07,INFO,Payment,"Invalid request"
10001677,2026-08-28 00:42:09,INFO,Authentication,"High memory usage"
10001678,2026-08-28 00:42:12,DEBUG,Payment,"File not found"
10001679,2026-08-28 00:42:14,WARN,Authentication,"High memory usage"
10001680,2026-08-28 00:42:16,ERROR,Authentication,"Invalid request"
10001681,2026-08-28 00:42:17,WARN,Payment,"Server overloaded"
10001682,2026-08-28 00:42:19,DEBUG,Database,"Connection refused"
10001683,2026-08-28 00:42:21,ERROR,API,"Database unavailable"
10001684,2026-08-28 00:42:24,DEBUG,Server,"Server overloaded"
10001685,2026-08-28 00:42:25,ERROR,Server,"Database unavailable"
10001686,2026-08-28 00:42:26,WARN,Database,"Authentication failed"
10001687,2026-08-28 00:42:26,ERROR,Database,"Authentication failed"
10001688,2026-08-28 00:42:27,INFO,Authentication,"Request completed"
10001689,2026-08-28 00:42:29,ERROR,Storage,"High memory usage"
10001690,2026-08-28 00:42:29,DEBUG,Authentication,"Invalid request"
10001691,2026-08-28 00:42:32,WARN,Database,"Database unavailable"
10001692,2026-08-28 00:42:34,DEBUG,Server,"Payment failed"
10001693,2026-08-28 00:42:36,INFO,Storage,"Server overloaded"
10001694,2026-08-28 00:42:38,DEBUG,Database,"Database unavailable"
10001695,2026-08-28 00:42:40,ERROR,Payment,"Connection timeout"
10001696,2026-08-28 00:42:40,ERROR,Server,"Database unavailable"
10001697,2026-08-28 00:42:40,ERROR,Storage,"Request completed"
10001698,2026-08-28 00:42:41,INFO,Storage,"Database unavailable"
10001699,2026-08-28 00:42:44,DEBUG,Authentication,"Request completed"
10001700,2026-08-28 00:42:47,INFO,Server,"Request completed"
10001701,2026-08-28 00:42:50,DEBUG,Network,"Connection refused"
10001702,2026-08-28 00:42:51,DEBUG,Network,"Authentication failed"
10001703,2026-08-28 00:42:54,WARN,API,"File not found"
10001704,2026-08-28 00:42:57,ERROR,Network,"Connection refused"
10001705,2026-08-28 00:43:00,WARN,Database,"Request completed"
10001706,2026-08-28 00:43:01,WARN,Payment,"Database unavailable"
10001707,2026-08-28 00:43:04,WARN,Authentication,"Invalid request"
10001708,2026-08-28 00:43:05,ERROR,Storage,"Invalid request"
10001709,2026-08-28 00:43:05,WARN,Network,"Authentication failed"
10001710,2026-08-28 00:43:05,INFO,Database,"Database unavailable"
10001711,2026-08-28 00:43:06,ERROR,Payment,"Connection refused"
10001712,2026-08-28 00:43:07,ERROR,Payment,"Authentication failed"
10001713,2026-08-28 00:43:10,DEBUG,API,"Authentication failed"
10001714,2026-08-28 00:43:12,WARN,Payment,"File not found"
10001715,2026-08-28 00:43:12,WARN,Server,"Connection refused"
10001716,2026-08-28 00:43:12,INFO,Payment,"File not found"
10001717,2026-08-28 00:43:12,INFO,Payment,"Request completed"
10001718,2026-08-28 00:43:14,ERROR,Payment,"Connection refused"
10001719,2026-08-28 00:43:15,WARN,Database,"High memory usage"
10001720,2026-08-28 00:43:17,INFO,Payment,"Authentication failed"
10001721,2026-08-28 00:43:18,ERROR,Payment,"Connection timeout"
10001722,2026-08-28 00:43:18,ERROR,Payment,"Request completed"
10001723,2026-08-28 00:43:19,ERROR,Payment,"Payment failed"
10001724,2026-08-28 00:43:21,INFO,Payment,"Database unavailable"
10001725,2026-08-28 00:43:22,ERROR,Authentication,"Server overloaded"
10001726,2026-08-28 00:43:23,DEBUG,Network,"Request completed"
10001727,2026-08-28 00:43:23,INFO,API,"Database unavailable"
10001728,2026-08-28 00:43:26,INFO,Storage,"File not found"
10001729,2026-08-28 00:43:26,ERROR,Storage,"Payment failed"
10001730,2026-08-28 00:43:28,WARN,Storage,"Invalid request"
10001731,2026-08-28 00:43:30,ERROR,Network,"File not found"
10001732,2026-08-28 00:43:31,DEBUG,API,"Request completed"
10001733,2026-08-28 00:43:32,INFO,Authentication,"Database unavailable"
10001734,2026-08-28 00:43:35,ERROR,Storage,"High memory usage"
10001735,2026-08-28 00:43:38,ERROR,Network,"Database unavailable"
10001736,2026-08-28 00:43:39,WARN,API,"Server overloaded"
10001737,2026-08-28 00:43:41,WARN,Storage,"Connection refused"
10001738,2026-08-28 00:43:42,DEBUG,Authentication,"File not found"
10001739,2026-08-28 00:43:44,INFO,Database,"Payment failed"
10001740,2026-08-28 00:43:47,DEBUG,Server,"Server overloaded"
10001741,2026-08-28 00:43:50,INFO,Network,"Server overloaded"
10001742,2026-08-28 00:43:52,WARN,API,"Authentication failed"
10001743,2026-08-28 00:43:53,DEBUG,API,"Database unavailable"
10001744,2026-08-28 00:43:54,WARN,Payment,"File not found"
10001745,2026-08-28 00:43:55,WARN,Server,"Authentication failed"
10001746,2026-08-28 00:43:58,ERROR,Server,"Payment failed"
10001747,2026-08-28 00:44:00,DEBUG,Payment,"Database unavailable"
10001748,2026-08-28 00:44:01,WARN,Storage,"High memory usage"
10001749,2026-08-28 00:44:04,ERROR,Payment,"High memory usage"
10001750,2026-08-28 00:44:07,ERROR,Authentication,"File not found"
10001751,2026-08-28 00:44:07,ERROR,Server,"Invalid request"
10001752,2026-08-28 00:44:07,ERROR,Database,"Authentication failed"
10001753,2026-08-28 00:44:07,WARN,Storage,"Authentication failed"
10001754,2026-08-28 00:44:07,ERROR,Server,"Database unavailable"
10001755,2026-08-28 00:44:08,ERROR,Server,"Authentication failed"
10001756,2026-08-28 00:44:09,ERROR,Payment,"Connection refused"
10001757,2026-08-28 00:44:10,WARN,Authentication,"Invalid request"
10001758,2026-08-28 00:44:12,ERROR,Server,"Connection timeout"
10001759,2026-08-28 00:44:14,DEBUG,Storage,"Database unavailable"
10001760,2026-08-28 00:44:17,ERROR,Server,"Request completed"
10001761,2026-08-28 00:44:20,WARN,Payment,"Payment failed"
10001762,2026-08-28 00:44:23,WARN,Server,"Database unavailable"
10001763,2026-08-28 00:44:26,DEBUG,API,"High memory usage"
10001764,2026-08-28 00:44:29,DEBUG,Network,"File not found"
10001765,2026-08-28 00:44:30,WARN,Database,"Connection refused"
10001766,2026-08-28 00:44:32,DEBUG,Payment,"Server overloaded"
10001767,2026-08-28 00:44:32,INFO,Network,"Server overloaded"
10001768,2026-08-28 00:44:35,DEBUG,Authentication,"Request completed"
10001769,2026-08-28 00:44:37,ERROR,Server,"Server overloaded"
10001770,2026-08-28 00:44:38,INFO,Server,"Server overloaded"
10001771,2026-08-28 00:44:38,ERROR,Storage,"Database unavailable"
10001772,2026-08-28 00:44:38,DEBUG,Database,"Request completed"
10001773,2026-08-28 00:44:38,ERROR,API,"File not found"
10001774,2026-08-28 00:44:41,INFO,Authentication,"Connection timeout"
10001775,2026-08-28 00:44:41,DEBUG,Authentication,"Request completed"
10001776,2026-08-28 00:44:44,WARN,Storage,"Server overloaded"
10001777,2026-08-28 00:44:46,INFO,API,"High memory usage"
10001778,2026-08-28 00:44:46,INFO,API,"Connection refused"
10001779,2026-08-28 00:44:49,DEBUG,Network,"Server overloaded"
10001780,2026-08-28 00:44:51,ERROR,Payment,"Connection timeout"
10001781,2026-08-28 00:44:52,INFO,Database,"Database unavailable"
10001782,2026-08-28 00:44:55,ERROR,Server,"Database unavailable"
10001783,2026-08-28 00:44:55,WARN,Network,"File not found"
10001784,2026-08-28 00:44:58,INFO,API,"Connection refused"
10001785,2026-08-28 00:45:01,WARN,Authentication,"Invalid request"
10001786,2026-08-28 00:45:04,ERROR,Storage,"File not found"
10001787,2026-08-28 00:45:05,ERROR,API,"Payment failed"
10001788,2026-08-28 00:45:07,DEBUG,Authentication,"Authentication failed"
10001789,2026-08-28 00:45:10,INFO,Network,"Server overloaded"
10001790,2026-08-28 00:45:13,INFO,Network,"Payment failed"
10001791,2026-08-28 00:45:16,INFO,Payment,"Connection refused"
10001792,2026-08-28 00:45:16,DEBUG,Authentication,"Database unavailable"
10001793,2026-08-28 00:45:19,WARN,Storage,"Invalid request"
10001794,2026-08-28 00:45:19,DEBUG,Server,"Authentication failed"
10001795,2026-08-28 00:45:20,DEBUG,Payment,"Connection timeout"
10001796,2026-08-28 00:45:23,DEBUG,Authentication,"Authentication failed"
10001797,2026-08-28 00:45:23,WARN,Storage,"Request completed"
10001798,2026-08-28 00:45:25,WARN,Database,"Connection timeout"
10001799,2026-08-28 00:45:25,INFO,Payment,"Server overloaded"
10001800,2026-08-28 00:45:27,ERROR,Storage,"Connection timeout"
10001801,2026-08-28 00:45:29,DEBUG,Storage,"Server overloaded"
10001802,2026-08-28 00:45:31,INFO,API,"Database unavailable"
10001803,2026-08-28 00:45:34,WARN,Database,"Authentication failed"
10001804,2026-08-28 00:45:37,DEBUG,Network,"Authentication failed"
10001805,2026-08-28 00:45:39,ERROR,Storage,"Server overloaded"
10001806,2026-08-28 00:45:42,ERROR,Server,"Request completed"
10001807,2026-08-28 00:45:42,INFO,Database,"Connection timeout"
10001808,2026-08-28 00:45:44,DEBUG,Storage,"Request completed"
10001809,2026-08-28 00:45:46,WARN,Authentication,"Authentication failed"
10001810,2026-08-28 00:45:47,ERROR,Payment,"Invalid request"
10001811,2026-08-28 00:45:47,DEBUG,Authentication,"Payment failed"
10001812,2026-08-28 00:45:49,ERROR,Authentication,"Authentication failed"
10001813,2026-08-28 00:45:49,ERROR,Database,"Invalid request"
10001814,2026-08-28 00:45:51,ERROR,Storage,"Invalid request"
10001815,2026-08-28 00:45:54,WARN,Network,"Invalid request"
10001816,2026-08-28 00:45:54,WARN,Storage,"Invalid request"
10001817,2026-08-28 00:45:56,WARN,Storage,"Request completed"
10001818,2026-08-28 00:45:58,INFO,Server,"Connection timeout"
10001819,2026-08-28 00:45:59,INFO,Network,"High memory usage"
10001820,2026-08-28 00:46:01,WARN,API,"Connection refused"
10001821,2026-08-28 00:46:01,ERROR,Server,"Server overloaded"
10001822,2026-08-28 00:46:03,WARN,Authentication,"Connection refused"
10001823,2026-08-28 00:46:03,DEBUG,Authentication,"Request completed"
10001824,2026-08-28 00:46:06,ERROR,Database,"Authentication failed"
10001825,2026-08-28 00:46:09,ERROR,Storage,"File not found"
10001826,2026-08-28 00:46:10,DEBUG,Authentication,"Invalid request"
10001827,2026-08-28 00:46:12,DEBUG,Authentication,"Connection refused"
10001828,2026-08-28 00:46:12,ERROR,Server,"Payment failed"
10001829,2026-08-28 00:46:12,DEBUG,Network,"Payment failed"
10001830,2026-08-28 00:46:14,DEBUG,Storage,"File not found"
10001831,2026-08-28 00:46:17,ERROR,API,"Request completed"
10001832,2026-08-28 00:46:20,WARN,Authentication,"Payment failed"
10001833,2026-08-28 00:46:23,WARN,Server,"Connection timeout"
10001834,2026-08-28 00:46:24,INFO,Server,"File not found"
10001835,2026-08-28 00:46:27,WARN,API,"Invalid request"
10001836,2026-08-28 00:46:29,ERROR,Database,"File not found"
10001837,2026-08-28 00:46:32,ERROR,Network,"High memory usage"
10001838,2026-08-28 00:46:35,INFO,Server,"Connection refused"
10001839,2026-08-28 00:46:36,ERROR,Authentication,"Connection timeout"
10001840,2026-08-28 00:46:38,INFO,Server,"Server overloaded"
10001841,2026-08-28 00:46:39,ERROR,Server,"Server overloaded"
10001842,2026-08-28 00:46:42,ERROR,Network,"Authentication failed"
10001843,2026-08-28 00:46:45,WARN,Server,"Authentication failed"
10001844,2026-08-28 00:46:46,DEBUG,Database,"File not found"
10001845,2026-08-28 00:46:46,WARN,Network,"Connection timeout"
10001846,2026-08-28 00:46:48,INFO,Database,"Server overloaded"
10001847,2026-08-28 00:46:50,ERROR,Network,"High memory usage"
10001848,2026-08-28 00:46:51,DEBUG,Authentication,"Connection refused"
10001849,2026-08-28 00:46:51,DEBUG,Storage,"Database unavailable"
10001850,2026-08-28 00:46:52,WARN,API,"Request completed"
10001851,2026-08-28 00:46:53,DEBUG,Storage,"Server overloaded"
10001852,2026-08-28 00:46:54,ERROR,Storage,"Invalid request"
10001853,2026-08-28 00:46:56,INFO,Payment,"Connection timeout"
10001854,2026-08-28 00:46:59,ERROR,Storage,"Database unavailable"
10001855,2026-08-28 00:47:00,DEBUG,Database,"Payment failed"
10001856,2026-08-28 00:47:03,DEBUG,API,"Database unavailable"
10001857,2026-08-28 00:47:05,WARN,Server,"Invalid request"
10001858,2026-08-28 00:47:05,DEBUG,Authentication,"High memory usage"
10001859,2026-08-28 00:47:08,INFO,Database,"Connection refused"
10001860,2026-08-28 00:47:10,DEBUG,Database,"Request completed"
10001861,2026-08-28 00:47:13,INFO,Database,"Payment failed"
10001862,2026-08-28 00:47:13,DEBUG,Server,"Payment failed"
10001863,2026-08-28 00:47:13,ERROR,Payment,"Connection refused"
10001864,2026-08-28 00:47:15,WARN,Network,"Request completed"
10001865,2026-08-28 00:47:17,INFO,Storage,"Payment failed"
10001866,2026-08-28 00:47:19,WARN,Authentication,"Authentication failed"
10001867,2026-08-28 00:47:21,WARN,API,"Request completed"
10001868,2026-08-28 00:47:24,WARN,Storage,"Invalid request"
10001869,2026-08-28 00:47:25,ERROR,Network,"Invalid request"
10001870,2026-08-28 00:47:26,WARN,Payment,"Payment failed"
10001871,2026-08-28 00:47:28,ERROR,Server,"Request completed"
10001872,2026-08-28 00:47:30,WARN,Storage,"Database unavailable"
10001873,2026-08-28 00:47:32,DEBUG,Server,"Invalid request"
10001874,2026-08-28 00:47:33,INFO,Network,"Invalid request"
10001875,2026-08-28 00:47:36,DEBUG,Storage,"Connection refused"
10001876,2026-08-28 00:47:39,ERROR,Network,"File not found"
10001877,2026-08-28 00:47:40,DEBUG,Database,"High memory usage"
10001878,2026-08-28 00:47:40,WARN,Payment,"Payment failed"
10001879,2026-08-28 00:47:41,INFO,Database,"Invalid request"
10001880,2026-08-28 00:47:42,INFO,Network,"Database unavailable"
10001881,2026-08-28 00:47:44,INFO,Payment,"Payment failed"
10001882,2026-08-28 00:47:44,DEBUG,Server,"Database unavailable"
10001883,2026-08-28 00:47:46,INFO,API,"Payment failed"
10001884,2026-08-28 00:47:47,ERROR,Database,"Connection refused"
10001885,2026-08-28 00:47:48,DEBUG,Server,"Payment failed"
10001886,2026-08-28 00:47:48,ERROR,API,"Connection timeout"
10001887,2026-08-28 00:47:49,ERROR,Network,"Invalid request"
10001888,2026-08-28 00:47:49,INFO,Network,"Request completed"
10001889,2026-08-28 00:47:52,INFO,Database,"Authentication failed"
10001890,2026-08-28 00:47:53,DEBUG,Database,"Server overloaded"
10001891,2026-08-28 00:47:56,ERROR,Authentication,"Authentication failed"
10001892,2026-08-28 00:47:57,ERROR,Server,"Authentication failed"
10001893,2026-08-28 00:48:00,INFO,API,"Server overloaded"
10001894,2026-08-28 00:48:01,WARN,Server,"Request completed"
10001895,2026-08-28 00:48:01,ERROR,Storage,"Server overloaded"
10001896,2026-08-28 00:48:02,INFO,Server,"Request completed"
10001897,2026-08-28 00:48:05,DEBUG,Storage,"Connection timeout"
10001898,2026-08-28 00:48:07,DEBUG,Database,"Authentication failed"
10001899,2026-08-28 00:48:07,ERROR,Network,"Database unavailable"
10001900,2026-08-28 00:48:08,WARN,Storage,"High memory usage"
10001901,2026-08-28 00:48:08,DEBUG,Authentication,"Database unavailable"
10001902,2026-08-28 00:48:09,WARN,Network,"Database unavailable"
10001903,2026-08-28 00:48:10,ERROR,API,"High memory usage"
10001904,2026-08-28 00:48:10,DEBUG,Payment,"Authentication failed"
10001905,2026-08-28 00:48:13,INFO,Authentication,"Connection timeout"
10001906,2026-08-28 00:48:14,DEBUG,Network,"Payment failed"
10001907,2026-08-28 00:48:15,ERROR,Network,"Payment failed"
10001908,2026-08-28 00:48:16,DEBUG,Payment,"Authentication failed"
10001909,2026-08-28 00:48:16,WARN,Payment,"Server overloaded"
10001910,2026-08-28 00:48:19,WARN,Storage,"Authentication failed"
10001911,2026-08-28 00:48:21,WARN,Database,"Invalid request"
10001912,2026-08-28 00:48:22,INFO,Server,"Server overloaded"
10001913,2026-08-28 00:48:22,DEBUG,Server,"Server overloaded"
10001914,2026-08-28 00:48:22,INFO,Authentication,"Server overloaded"
10001915,2026-08-28 00:48:24,WARN,Database,"Request completed"
10001916,2026-08-28 00:48:26,INFO,Database,"File not found"
10001917,2026-08-28 00:48:28,DEBUG,Server,"Connection timeout"
10001918,2026-08-28 00:48:29,WARN,Server,"Connection refused"
10001919,2026-08-28 00:48:32,DEBUG,Authentication,"Database unavailable"
10001920,2026-08-28 00:48:34,WARN,Network,"Connection timeout"
10001921,2026-08-28 00:48:37,INFO,Network,"High memory usage"
10001922,2026-08-28 00:48:40,INFO,Payment,"Payment failed"
10001923,2026-08-28 00:48:40,ERROR,Network,"Invalid request"
10001924,2026-08-28 00:48:41,WARN,Storage,"High memory usage"
10001925,2026-08-28 00:48:42,INFO,Network,"Connection refused"
10001926,2026-08-28 00:48:44,DEBUG,Database,"Server overloaded"
10001927,2026-08-28 00:48:46,INFO,Payment,"Request completed"
10001928,2026-08-28 00:48:46,INFO,Network,"Server overloaded"
10001929,2026-08-28 00:48:48,ERROR,API,"Connection timeout"
10001930,2026-08-28 00:48:49,ERROR,Network,"Server overloaded"
10001931,2026-08-28 00:48:52,ERROR,Authentication,"Database unavailable"
10001932,2026-08-28 00:48:54,WARN,Network,"High memory usage"
10001933,2026-08-28 00:48:55,INFO,Server,"High memory usage"
10001934,2026-08-28 00:48:56,WARN,API,"Connection refused"
10001935,2026-08-28 00:48:57,INFO,Server,"High memory usage"
10001936,2026-08-28 00:48:59,INFO,Authentication,"File not found"
10001937,2026-08-28 00:49:02,WARN,Network,"Connection refused"
10001938,2026-08-28 00:49:04,WARN,Network,"Payment failed"
10001939,2026-08-28 00:49:04,WARN,Payment,"Connection refused"
10001940,2026-08-28 00:49:05,WARN,Payment,"Invalid request"
10001941,2026-08-28 00:49:08,INFO,API,"Connection refused"
10001942,2026-08-28 00:49:09,WARN,Network,"File not found"
10001943,2026-08-28 00:49:10,INFO,Network,"Payment failed"
10001944,2026-08-28 00:49:13,ERROR,Server,"Invalid request"
10001945,2026-08-28 00:49:13,DEBUG,Server,"Invalid request"
10001946,2026-08-28 00:49:13,ERROR,Network,"File not found"
10001947,2026-08-28 00:49:14,ERROR,Database,"Connection timeout"
10001948,2026-08-28 00:49:17,INFO,Storage,"High memory usage"
10001949,2026-08-28 00:49:20,ERROR,API,"File not found"
10001950,2026-08-28 00:49:21,ERROR,API,"Database unavailable"
10001951,2026-08-28 00:49:24,DEBUG,Server,"Request completed"
10001952,2026-08-28 00:49:27,WARN,Database,"Invalid request"
10001953,2026-08-28 00:49:30,DEBUG,Storage,"Invalid request"
10001954,2026-08-28 00:49:33,WARN,Authentication,"File not found"
10001955,2026-08-28 00:49:36,DEBUG,Database,"Server overloaded"
10001956,2026-08-28 00:49:37,DEBUG,Authentication,"Connection refused"
10001957,2026-08-28 00:49:38,ERROR,Storage,"Connection timeout"
10001958,2026-08-28 00:49:39,INFO,Database,"Request completed"
10001959,2026-08-28 00:49:39,WARN,Database,"High memory usage"
10001960,2026-08-28 00:49:39,DEBUG,Server,"High memory usage"
10001961,2026-08-28 00:49:42,WARN,Server,"Request completed"
10001962,2026-08-28 00:49:44,WARN,API,"High memory usage"
10001963,2026-08-28 00:49:46,ERROR,Storage,"Server overloaded"
10001964,2026-08-28 00:49:49,DEBUG,API,"Database unavailable"
10001965,2026-08-28 00:49:52,WARN,Database,"High memory usage"
10001966,2026-08-28 00:49:55,INFO,Authentication,"Request completed"
10001967,2026-08-28 00:49:57,DEBUG,Database,"Connection refused"
10001968,2026-08-28 00:49:58,INFO,Network,"Authentication failed"
10001969,2026-08-28 00:49:59,ERROR,Database,"High memory usage"
10001970,2026-08-28 00:50:02,INFO,Server,"Connection refused"
10001971,2026-08-28 00:50:02,ERROR,Database,"Server overloaded"
10001972,2026-08-28 00:50:03,DEBUG,Payment,"Database unavailable"
10001973,2026-08-28 00:50:06,DEBUG,Network,"High memory usage"
10001974,2026-08-28 00:50:08,INFO,Storage,"Database unavailable"
10001975,2026-08-28 00:50:08,ERROR,API,"Connection timeout"
10001976,2026-08-28 00:50:08,WARN,Server,"Database unavailable"
10001977,2026-08-28 00:50:09,DEBUG,Authentication,"Connection timeout"
10001978,2026-08-28 00:50:11,DEBUG,Authentication,"Request completed"
10001979,2026-08-28 00:50:14,DEBUG,Server,"Authentication failed"
10001980,2026-08-28 00:50:15,ERROR,API,"Invalid request"
10001981,2026-08-28 00:50:15,WARN,Network,"Invalid request"
10001982,2026-08-28 00:50:16,INFO,Storage,"Database unavailable"
10001983,2026-08-28 00:50:18,ERROR,API,"Payment failed"
10001984,2026-08-28 00:50:19,WARN,Network,"Payment failed"
10001985,2026-08-28 00:50:20,DEBUG,API,"Authentication failed"
10001986,2026-08-28 00:50:20,DEBUG,Database,"Authentication failed"
10001987,2026-08-28 00:50:21,WARN,Authentication,"High memory usage"
10001988,2026-08-28 00:50:22,DEBUG,Storage,"Payment failed"
10001989,2026-08-28 00:50:25,INFO,API,"Server overloaded"
10001990,2026-08-28 00:50:27,INFO,Network,"Authentication failed"
10001991,2026-08-28 00:50:30,WARN,Network,"Invalid request"
10001992,2026-08-28 00:50:32,ERROR,API,"File not found"
10001993,2026-08-28 00:50:34,DEBUG,Server,"Invalid request"
10001994,2026-08-28 00:50:34,WARN,Network,"Database unavailable"
10001995,2026-08-28 00:50:37,INFO,API,"Authentication failed"
10001996,2026-08-28 00:50:40,ERROR,Server,"Connection timeout"
10001997,2026-08-28 00:50:41,ERROR,Network,"File not found"
10001998,2026-08-28 00:50:43,INFO,Storage,"Connection refused"
10001999,2026-08-28 00:50:46,ERROR,API,"Invalid request"
10002000,2026-08-28 00:50:48,WARN,Authentication,"High memory usage"
10002001,2026-08-28 00:50:51,ERROR,Database,"Invalid request"
10002002,2026-08-28 00:50:53,INFO,API,"Connection refused"
10002003,2026-08-28 00:50:53,INFO,Storage,"Database unavailable"
10002004,2026-08-28 00:50:54,WARN,Server,"Connection timeout"
10002005,2026-08-28 00:50:56,WARN,API,"Invalid request"
10002006,2026-08-28 00:50:56,ERROR,Payment,"Connection timeout"
10002007,2026-08-28 00:50:57,INFO,Authentication,"File not found"
10002008,2026-08-28 00:50:59,INFO,Server,"Authentication failed"
10002009,2026-08-28 00:51:00,DEBUG,Server,"Authentication failed"
10002010,2026-08-28 00:51:00,DEBUG,API,"Connection refused"
10002011,2026-08-28 00:51:02,INFO,Database,"Database unavailable"
10002012,2026-08-28 00:51:03,DEBUG,Network,"High memory usage"
10002013,2026-08-28 00:51:03,INFO,API,"High memory usage"
10002014,2026-08-28 00:51:03,DEBUG,Server,"Invalid request"
10002015,2026-08-28 00:51:06,WARN,Payment,"Payment failed"
10002016,2026-08-28 00:51:08,DEBUG,Network,"Invalid request"
10002017,2026-08-28 00:51:09,WARN,Authentication,"File not found"
10002018,2026-08-28 00:51:11,WARN,API,"Payment failed"
10002019,2026-08-28 00:51:14,INFO,Network,"High memory usage"
10002020,2026-08-28 00:51:14,ERROR,Database,"Invalid request"
10002021,2026-08-28 00:51:17,ERROR,Database,"Connection refused"
10002022,2026-08-28 00:51:17,INFO,API,"Server overloaded"
10002023,2026-08-28 00:51:17,WARN,Server,"Database unavailable"
10002024,2026-08-28 00:51:18,DEBUG,Database,"Connection refused"
10002025,2026-08-28 00:51:19,DEBUG,Server,"Server overloaded"
10002026,2026-08-28 00:51:20,ERROR,Payment,"Connection refused"
10002027,2026-08-28 00:51:22,DEBUG,API,"Connection timeout"
10002028,2026-08-28 00:51:22,INFO,Authentication,"File not found"
10002029,2026-08-28 00:51:25,INFO,Storage,"Authentication failed"
10002030,2026-08-28 00:51:27,DEBUG,Payment,"High memory usage"
10002031,2026-08-28 00:51:29,WARN,API,"Connection timeout"
10002032,2026-08-28 00:51:32,ERROR,API,"Request completed"
10002033,2026-08-28 00:51:34,DEBUG,Payment,"File not found"
10002034,2026-08-28 00:51:34,WARN,Authentication,"Authentication failed"
10002035,2026-08-28 00:51:34,INFO,Server,"Database unavailable"
10002036,2026-08-28 00:51:35,DEBUG,Server,"Connection refused"
10002037,2026-08-28 00:51:36,WARN,Database,"Server overloaded"
10002038,2026-08-28 00:51:38,INFO,API,"High memory usage"
10002039,2026-08-28 00:51:40,DEBUG,API,"High memory usage"
10002040,2026-08-28 00:51:41,INFO,Database,"Connection refused"
10002041,2026-08-28 00:51:42,DEBUG,Database,"High memory usage"
10002042,2026-08-28 00:51:43,INFO,Authentication,"Database unavailable"
10002043,2026-08-28 00:51:45,DEBUG,Server,"High memory usage"
10002044,2026-08-28 00:51:48,ERROR,Database,"Server overloaded"
10002045,2026-08-28 00:51:51,ERROR,Storage,"Database unavailable"
10002046,2026-08-28 00:51:53,ERROR,API,"Authentication failed"
10002047,2026-08-28 00:51:55,DEBUG,Authentication,"Connection refused"
10002048,2026-08-28 00:51:56,DEBUG,Payment,"Database unavailable"
10002049,2026-08-28 00:51:59,DEBUG,API,"Authentication failed"
10002050,2026-08-28 00:52:02,INFO,Network,"Authentication failed"
10002051,2026-08-28 00:52:03,ERROR,Network,"Authentication failed"
10002052,2026-08-28 00:52:06,ERROR,Database,"High memory usage"
10002053,2026-08-28 00:52:06,ERROR,Payment,"Connection timeout"
10002054,2026-08-28 00:52:08,ERROR,Payment,"Connection refused"
10002055,2026-08-28 00:52:11,WARN,Payment,"Database unavailable"
10002056,2026-08-28 00:52:11,INFO,Storage,"Connection timeout"
10002057,2026-08-28 00:52:12,INFO,API,"Server overloaded"
10002058,2026-08-28 00:52:13,INFO,Database,"File not found"
10002059,2026-08-28 00:52:14,ERROR,Payment,"Connection refused"
10002060,2026-08-28 00:52:16,WARN,Authentication,"Server overloaded"
10002061,2026-08-28 00:52:19,WARN,API,"Payment failed"
10002062,2026-08-28 00:52:19,WARN,API,"Connection timeout"
10002063,2026-08-28 00:52:19,DEBUG,Server,"File not found"
10002064,2026-08-28 00:52:21,WARN,API,"Server overloaded"
10002065,2026-08-28 00:52:22,WARN,Payment,"Server overloaded"
10002066,2026-08-28 00:52:22,WARN,Payment,"Invalid request"
10002067,2026-08-28 00:52:24,ERROR,Network,"Database unavailable"
10002068,2026-08-28 00:52:24,DEBUG,Authentication,"Payment failed"
10002069,2026-08-28 00:52:27,ERROR,Server,"Connection timeout"
10002070,2026-08-28 00:52:29,DEBUG,Database,"High memory usage"
10002071,2026-08-28 00:52:29,INFO,Authentication,"File not found"
10002072,2026-08-28 00:52:31,DEBUG,Server,"Request completed"
10002073,2026-08-28 00:52:34,WARN,Authentication,"Request completed"
10002074,2026-08-28 00:52:35,DEBUG,Database,"Request completed"
10002075,2026-08-28 00:52:36,WARN,Storage,"Database unavailable"
10002076,2026-08-28 00:52:38,WARN,Server,"Invalid request"
10002077,2026-08-28 00:52:41,ERROR,Storage,"Server overloaded"
10002078,2026-08-28 00:52:44,ERROR,Payment,"Authentication failed"
10002079,2026-08-28 00:52:47,DEBUG,Authentication,"Connection timeout"
10002080,2026-08-28 00:52:49,DEBUG,API,"Connection timeout"
10002081,2026-08-28 00:52:50,DEBUG,Network,"Database unavailable"
10002082,2026-08-28 00:52:53,INFO,Database,"Invalid request"
10002083,2026-08-28 00:52:56,DEBUG,Server,"File not found"
10002084,2026-08-28 00:52:56,WARN,Database,"Server overloaded"
10002085,2026-08-28 00:52:57,DEBUG,Storage,"Database unavailable"
10002086,2026-08-28 00:53:00,WARN,Database,"Authentication failed"
10002087,2026-08-28 00:53:00,DEBUG,Server,"Connection refused"
10002088,2026-08-28 00:53:02,ERROR,Storage,"File not found"
10002089,2026-08-28 00:53:03,WARN,Storage,"Server overloaded"
10002090,2026-08-28 00:53:05,DEBUG,Server,"Payment failed"
10002091,2026-08-28 00:53:08,ERROR,API,"Connection timeout"
10002092,2026-08-28 00:53:10,WARN,Payment,"Server overloaded"
10002093,2026-08-28 00:53:11,DEBUG,Network,"File not found"
10002094,2026-08-28 00:53:11,WARN,API,"Authentication failed"
10002095,2026-08-28 00:53:12,DEBUG,Database,"Authentication failed"
10002096,2026-08-28 00:53:12,INFO,Network,"Connection timeout"
10002097,2026-08-28 00:53:13,ERROR,Network,"Database unavailable"
10002098,2026-08-28 00:53:13,INFO,Authentication,"Payment failed"
10002099,2026-08-28 00:53:16,DEBUG,Database,"Server overloaded"
10002100,2026-08-28 00:53:16,INFO,Server,"High memory usage"
10002101,2026-08-28 00:53:19,DEBUG,Network,"Invalid request"
10002102,2026-08-28 00:53:22,DEBUG,Server,"File not found"
10002103,2026-08-28 00:53:23,ERROR,Payment,"Connection timeout"
10002104,2026-08-28 00:53:24,WARN,Network,"Request completed"
10002105,2026-08-28 00:53:25,INFO,API,"High memory usage"
10002106,2026-08-28 00:53:25,ERROR,Network,"Invalid request"
10002107,2026-08-28 00:53:27,WARN,Network,"High memory usage"
10002108,2026-08-28 00:53:28,DEBUG,API,"High memory usage"
10002109,2026-08-28 00:53:31,WARN,Payment,"High memory usage"
10002110,2026-08-28 00:53:32,INFO,Network,"Server overloaded"
10002111,2026-08-28 00:53:32,INFO,Payment,"Payment failed"
10002112,2026-08-28 00:53:33,ERROR,Server,"Authentication failed"
10002113,2026-08-28 00:53:33,ERROR,Authentication,"File not found"
10002114,2026-08-28 00:53:35,ERROR,Server,"Connection refused"
10002115,2026-08-28 00:53:36,DEBUG,API,"Connection timeout"
10002116,2026-08-28 00:53:39,WARN,Server,"High memory usage"
10002117,2026-08-28 00:53:42,ERROR,Database,"Payment failed"
10002118,2026-08-28 00:53:44,DEBUG,Authentication,"Connection timeout"
10002119,2026-08-28 00:53:44,DEBUG,Payment,"Server overloaded"
10002120,2026-08-28 00:53:44,DEBUG,Authentication,"Authentication failed"
10002121,2026-08-28 00:53:47,INFO,Database,"Connection refused"
10002122,2026-08-28 00:53:47,ERROR,Payment,"Authentication failed"
10002123,2026-08-28 00:53:49,WARN,Network,"Server overloaded"
10002124,2026-08-28 00:53:51,DEBUG,Database,"Payment failed"
10002125,2026-08-28 00:53:53,INFO,Payment,"Payment failed"
10002126,2026-08-28 00:53:56,DEBUG,API,"Request completed"
10002127,2026-08-28 00:53:59,ERROR,Payment,"Server overloaded"
10002128,2026-08-28 00:54:00,DEBUG,Server,"Database unavailable"
10002129,2026-08-28 00:54:02,DEBUG,Authentication,"Server overloaded"
10002130,2026-08-28 00:54:03,WARN,Database,"Connection timeout"
10002131,2026-08-28 00:54:06,DEBUG,Database,"High memory usage"
10002132,2026-08-28 00:54:09,DEBUG,Database,"Invalid request"
10002133,2026-08-28 00:54:10,INFO,Network,"Server overloaded"
10002134,2026-08-28 00:54:11,WARN,Authentication,"Database unavailable"
10002135,2026-08-28 00:54:11,WARN,Storage,"Connection timeout"
10002136,2026-08-28 00:54:14,INFO,API,"High memory usage"
10002137,2026-08-28 00:54:14,INFO,Authentication,"Database unavailable"
10002138,2026-08-28 00:54:14,ERROR,API,"Authentication failed"
10002139,2026-08-28 00:54:15,ERROR,Payment,"Request completed"
10002140,2026-08-28 00:54:15,ERROR,Storage,"High memory usage"
10002141,2026-08-28 00:54:17,DEBUG,Authentication,"Connection timeout"
10002142,2026-08-28 00:54:17,DEBUG,Network,"Database unavailable"
10002143,2026-08-28 00:54:20,DEBUG,Network,"High memory usage"
10002144,2026-08-28 00:54:22,INFO,Network,"File not found"
10002145,2026-08-28 00:54:22,ERROR,API,"High memory usage"
10002146,2026-08-28 00:54:25,INFO,API,"Connection timeout"
10002147,2026-08-28 00:54:26,WARN,Storage,"Connection timeout"
10002148,2026-08-28 00:54:26,ERROR,Payment,"Invalid request"
10002149,2026-08-28 00:54:27,ERROR,Storage,"High memory usage"
10002150,2026-08-28 00:54:30,ERROR,Database,"Authentication failed"
10002151,2026-08-28 00:54:31,ERROR,Database,"Database unavailable"
10002152,2026-08-28 00:54:34,ERROR,Storage,"Database unavailable"
10002153,2026-08-28 00:54:36,DEBUG,Server,"Authentication failed"
10002154,2026-08-28 00:54:39,INFO,API,"File not found"
10002155,2026-08-28 00:54:41,INFO,Storage,"File not found"
10002156,2026-08-28 00:54:42,WARN,Server,"High memory usage"
10002157,2026-08-28 00:54:43,ERROR,Authentication,"High memory usage"
10002158,2026-08-28 00:54:45,WARN,Payment,"File not found"
10002159,2026-08-28 00:54:46,INFO,API,"High memory usage"
10002160,2026-08-28 00:54:46,INFO,API,"Connection timeout"
10002161,2026-08-28 00:54:48,WARN,API,"High memory usage"
10002162,2026-08-28 00:54:50,DEBUG,Storage,"File not found"
10002163,2026-08-28 00:54:53,DEBUG,Server,"Payment failed"
10002164,2026-08-28 00:54:56,DEBUG,Payment,"Connection timeout"
10002165,2026-08-28 00:54:58,ERROR,Server,"Server overloaded"
10002166,2026-08-28 00:55:01,ERROR,Authentication,"Authentication failed"
10002167,2026-08-28 00:55:03,WARN,Authentication,"Server overloaded"
10002168,2026-08-28 00:55:06,ERROR,Server,"High memory usage"
10002169,2026-08-28 00:55:08,DEBUG,Network,"Connection timeout"
10002170,2026-08-28 00:55:11,WARN,Network,"Payment failed"
10002171,2026-08-28 00:55:13,DEBUG,API,"High memory usage"
10002172,2026-08-28 00:55:15,INFO,Authentication,"Server overloaded"
10002173,2026-08-28 00:55:17,DEBUG,Payment,"Invalid request"
10002174,2026-08-28 00:55:19,DEBUG,Database,"File not found"
10002175,2026-08-28 00:55:19,DEBUG,Network,"Database unavailable"
10002176,2026-08-28 00:55:21,WARN,API,"Server overloaded"
10002177,2026-08-28 00:55:24,INFO,Authentication,"Server overloaded"
10002178,2026-08-28 00:55:26,WARN,Payment,"Request completed"
10002179,2026-08-28 00:55:28,DEBUG,Payment,"Database unavailable"
10002180,2026-08-28 00:55:28,INFO,Database,"Payment failed"
10002181,2026-08-28 00:55:31,ERROR,Network,"Server overloaded"
10002182,2026-08-28 00:55:31,WARN,Authentication,"High memory usage"
10002183,2026-08-28 00:55:34,WARN,Network,"High memory usage"
10002184,2026-08-28 00:55:34,INFO,Server,"High memory usage"
10002185,2026-08-28 00:55:34,DEBUG,Database,"File not found"
10002186,2026-08-28 00:55:36,DEBUG,Database,"Payment failed"
10002187,2026-08-28 00:55:36,DEBUG,Payment,"High memory usage"
10002188,2026-08-28 00:55:36,ERROR,Database,"High memory usage"
10002189,2026-08-28 00:55:38,INFO,API,"Server overloaded"
10002190,2026-08-28 00:55:40,WARN,API,"Authentication failed"
10002191,2026-08-28 00:55:40,INFO,Database,"Connection timeout"
10002192,2026-08-28 00:55:42,DEBUG,API,"Server overloaded"
10002193,2026-08-28 00:55:43,DEBUG,Authentication,"Request completed"
10002194,2026-08-28 00:55:43,ERROR,Server,"Server overloaded"
10002195,2026-08-28 00:55:43,INFO,Storage,"Invalid request"
10002196,2026-08-28 00:55:43,WARN,Storage,"Request completed"
10002197,2026-08-28 00:55:46,DEBUG,Database,"File not found"
10002198,2026-08-28 00:55:49,INFO,Authentication,"Authentication failed"
10002199,2026-08-28 00:55:51,ERROR,API,"Payment failed"
10002200,2026-08-28 00:55:51,INFO,Network,"Connection refused"
10002201,2026-08-28 00:55:52,INFO,Authentication,"Invalid request"
10002202,2026-08-28 00:55:53,DEBUG,Payment,"Database unavailable"
10002203,2026-08-28 00:55:53,ERROR,API,"Payment failed"
10002204,2026-08-28 00:55:54,DEBUG,Payment,"Database unavailable"
10002205,2026-08-28 00:55:57,DEBUG,Network,"Connection refused"
10002206,2026-08-28 00:56:00,INFO,Network,"Server overloaded"
10002207,2026-08-28 00:56:01,DEBUG,Server,"Connection timeout"
10002208,2026-08-28 00:56:04,WARN,Storage,"Request completed"
10002209,2026-08-28 00:56:07,DEBUG,API,"Authentication failed"
10002210,2026-08-28 00:56:08,INFO,Server,"Request completed"
10002211,2026-08-28 00:56:09,INFO,Authentication,"High memory usage"
10002212,2026-08-28 00:56:09,ERROR,Storage,"Server overloaded"
10002213,2026-08-28 00:56:12,DEBUG,Network,"Connection timeout"
10002214,2026-08-28 00:56:14,WARN,Storage,"Connection timeout"
10002215,2026-08-28 00:56:17,WARN,Network,"Invalid request"
10002216,2026-08-28 00:56:17,INFO,API,"Authentication failed"
10002217,2026-08-28 00:56:17,WARN,Database,"Authentication failed"
10002218,2026-08-28 00:56:18,DEBUG,Storage,"File not found"
10002219,2026-08-28 00:56:21,INFO,Network,"Request completed"
10002220,2026-08-28 00:56:22,WARN,Network,"Invalid request"
10002221,2026-08-28 00:56:23,DEBUG,Server,"Invalid request"
10002222,2026-08-28 00:56:23,WARN,Storage,"High memory usage"
10002223,2026-08-28 00:56:26,WARN,Storage,"Connection timeout"
10002224,2026-08-28 00:56:27,DEBUG,Authentication,"File not found"
10002225,2026-08-28 00:56:30,DEBUG,Storage,"Server overloaded"
10002226,2026-08-28 00:56:30,WARN,API,"Database unavailable"
10002227,2026-08-28 00:56:31,WARN,Server,"Server overloaded"
10002228,2026-08-28 00:56:31,ERROR,Network,"Server overloaded"
10002229,2026-08-28 00:56:34,INFO,API,"Invalid request"
10002230,2026-08-28 00:56:35,WARN,Database,"Invalid request"
10002231,2026-08-28 00:56:38,ERROR,Storage,"Payment failed"
10002232,2026-08-28 00:56:40,WARN,Storage,"Invalid request"
10002233,2026-08-28 00:56:40,DEBUG,Server,"File not found"
10002234,2026-08-28 00:56:43,ERROR,Server,"High memory usage"
10002235,2026-08-28 00:56:43,ERROR,Server,"Server overloaded"
10002236,2026-08-28 00:56:46,WARN,Authentication,"Invalid request"
10002237,2026-08-28 00:56:46,DEBUG,API,"High memory usage"
10002238,2026-08-28 00:56:47,WARN,Storage,"File not found"
10002239,2026-08-28 00:56:50,INFO,Payment,"High memory usage"
10002240,2026-08-28 00:56:52,WARN,Server,"High memory usage"
10002241,2026-08-28 00:56:55,INFO,Authentication,"Invalid request"
10002242,2026-08-28 00:56:58,DEBUG,Storage,"Authentication failed"
10002243,2026-08-28 00:57:00,ERROR,Storage,"High memory usage"
10002244,2026-08-28 00:57:00,INFO,Network,"Authentication failed"
10002245,2026-08-28 00:57:00,ERROR,Database,"Server overloaded"
10002246,2026-08-28 00:57:03,DEBUG,Storage,"Server overloaded"
10002247,2026-08-28 00:57:03,DEBUG,Storage,"Connection timeout"
10002248,2026-08-28 00:57:04,INFO,Network,"Payment failed"
10002249,2026-08-28 00:57:07,DEBUG,Storage,"High memory usage"
10002250,2026-08-28 00:57:10,ERROR,API,"File not found"
10002251,2026-08-28 00:57:12,ERROR,Payment,"Connection refused"
10002252,2026-08-28 00:57:13,DEBUG,Storage,"Request completed"
10002253,2026-08-28 00:57:14,WARN,Server,"Database unavailable"
10002254,2026-08-28 00:57:15,INFO,Payment,"Server overloaded"
10002255,2026-08-28 00:57:18,ERROR,Database,"Payment failed"
10002256,2026-08-28 00:57:20,WARN,Authentication,"Payment failed"
10002257,2026-08-28 00:57:20,WARN,Server,"Connection timeout"
10002258,2026-08-28 00:57:20,DEBUG,Storage,"File not found"
10002259,2026-08-28 00:57:20,WARN,Authentication,"Connection refused"
10002260,2026-08-28 00:57:20,ERROR,Storage,"High memory usage"
10002261,2026-08-28 00:57:23,WARN,Server,"File not found"
10002262,2026-08-28 00:57:23,DEBUG,Payment,"Server overloaded"
10002263,2026-08-28 00:57:25,ERROR,Storage,"Database unavailable"
10002264,2026-08-28 00:57:26,INFO,Server,"Connection refused"
10002265,2026-08-28 00:57:28,INFO,Payment,"Request completed"
10002266,2026-08-28 00:57:31,WARN,Network,"Request completed"
10002267,2026-08-28 00:57:33,DEBUG,API,"Payment failed"
10002268,2026-08-28 00:57:33,ERROR,Authentication,"Invalid request"
10002269,2026-08-28 00:57:34,WARN,API,"File not found"
10002270,2026-08-28 00:57:34,ERROR,Authentication,"Connection refused"
10002271,2026-08-28 00:57:37,INFO,Database,"Invalid request"
10002272,2026-08-28 00:57:40,INFO,Authentication,"Connection refused"
10002273,2026-08-28 00:57:40,INFO,Authentication,"High memory usage"
10002274,2026-08-28 00:57:40,ERROR,Authentication,"Authentication failed"
10002275,2026-08-28 00:57:40,DEBUG,Database,"Database unavailable"
10002276,2026-08-28 00:57:43,DEBUG,Storage,"File not found"
10002277,2026-08-28 00:57:46,ERROR,API,"File not found"
10002278,2026-08-28 00:57:46,INFO,Authentication,"Authentication failed"
10002279,2026-08-28 00:57:48,WARN,Storage,"Server overloaded"
10002280,2026-08-28 00:57:50,INFO,Storage,"High memory usage"
10002281,2026-08-28 00:57:50,ERROR,Server,"File not found"
10002282,2026-08-28 00:57:53,ERROR,Storage,"Server overloaded"
10002283,2026-08-28 00:57:55,DEBUG,Authentication,"File not found"
10002284,2026-08-28 00:57:58,ERROR,Database,"Authentication failed"
10002285,2026-08-28 00:57:58,WARN,Server,"High memory usage"
10002286,2026-08-28 00:58:01,WARN,Authentication,"File not found"
10002287,2026-08-28 00:58:02,INFO,Payment,"Request completed"
10002288,2026-08-28 00:58:05,INFO,API,"High memory usage"
10002289,2026-08-28 00:58:08,WARN,API,"Connection refused"
10002290,2026-08-28 00:58:09,ERROR,Authentication,"Request completed"
10002291,2026-08-28 00:58:12,DEBUG,Server,"Connection refused"
10002292,2026-08-28 00:58:14,WARN,Authentication,"Connection timeout"
10002293,2026-08-28 00:58:14,ERROR,Payment,"Server overloaded"
10002294,2026-08-28 00:58:17,INFO,Network,"File not found"
10002295,2026-08-28 00:58:19,DEBUG,API,"Connection timeout"
10002296,2026-08-28 00:58:21,INFO,Network,"Authentication failed"
10002297,2026-08-28 00:58:21,INFO,Network,"Database unavailable"
10002298,2026-08-28 00:58:21,INFO,Server,"High memory usage"
10002299,2026-08-28 00:58:23,DEBUG,API,"Connection timeout"
10002300,2026-08-28 00:58:24,INFO,API,"Server overloaded"
10002301,2026-08-28 00:58:24,DEBUG,Authentication,"Payment failed"
10002302,2026-08-28 00:58:24,ERROR,Authentication,"Authentication failed"
10002303,2026-08-28 00:58:25,ERROR,Payment,"Connection refused"
10002304,2026-08-28 00:58:28,WARN,Server,"Connection timeout"
10002305,2026-08-28 00:58:29,DEBUG,Network,"Connection refused"
10002306,2026-08-28 00:58:31,ERROR,Authentication,"Connection refused"
10002307,2026-08-28 00:58:31,ERROR,API,"Server overloaded"
10002308,2026-08-28 00:58:31,ERROR,Network,"Server overloaded"
10002309,2026-08-28 00:58:31,DEBUG,Database,"Database unavailable"
10002310,2026-08-28 00:58:34,ERROR,Database,"Invalid request"
10002311,2026-08-28 00:58:35,DEBUG,Server,"Payment failed"
10002312,2026-08-28 00:58:36,INFO,Payment,"Payment failed"
10002313,2026-08-28 00:58:38,DEBUG,API,"Authentication failed"
10002314,2026-08-28 00:58:38,ERROR,Server,"Authentication failed"
10002315,2026-08-28 00:58:41,INFO,Network,"File not found"
10002316,2026-08-28 00:58:42,ERROR,Storage,"Connection timeout"
10002317,2026-08-28 00:58:42,INFO,Database,"Connection refused"
10002318,2026-08-28 00:58:45,ERROR,Payment,"High memory usage"
10002319,2026-08-28 00:58:46,WARN,API,"Database unavailable"
10002320,2026-08-28 00:58:49,WARN,Authentication,"File not found"
10002321,2026-08-28 00:58:49,WARN,API,"High memory usage"
10002322,2026-08-28 00:58:49,ERROR,Storage,"Server overloaded"
10002323,2026-08-28 00:58:49,DEBUG,Payment,"Invalid request"
10002324,2026-08-28 00:58:51,INFO,API,"Server overloaded"
10002325,2026-08-28 00:58:53,DEBUG,Payment,"Connection timeout"
10002326,2026-08-28 00:58:56,DEBUG,Server,"Server overloaded"
10002327,2026-08-28 00:58:58,DEBUG,API,"Database unavailable"
10002328,2026-08-28 00:59:01,DEBUG,Server,"File not found"
10002329,2026-08-28 00:59:02,DEBUG,Database,"File not found"
10002330,2026-08-28 00:59:03,DEBUG,Storage,"Payment failed"
10002331,2026-08-28 00:59:04,WARN,Storage,"Request completed"
10002332,2026-08-28 00:59:07,WARN,Storage,"Database unavailable"
10002333,2026-08-28 00:59:09,ERROR,Network,"High memory usage"
10002334,2026-08-28 00:59:10,WARN,Network,"Invalid request"
10002335,2026-08-28 00:59:10,WARN,Database,"Connection timeout"
10002336,2026-08-28 00:59:11,ERROR,API,"Connection refused"
10002337,2026-08-28 00:59:11,WARN,Server,"Authentication failed"
10002338,2026-08-28 00:59:13,INFO,Storage,"Connection refused"
10002339,2026-08-28 00:59:15,WARN,Authentication,"File not found"
10002340,2026-08-28 00:59:17,WARN,Payment,"Invalid request"
10002341,2026-08-28 00:59:18,INFO,Database,"Server overloaded"
10002342,2026-08-28 00:59:18,WARN,Payment,"File not found"
10002343,2026-08-28 00:59:21,ERROR,Network,"Request completed"
10002344,2026-08-28 00:59:24,WARN,Server,"Connection timeout"
10002345,2026-08-28 00:59:24,ERROR,Authentication,"Server overloaded"
10002346,2026-08-28 00:59:27,INFO,API,"High memory usage"
10002347,2026-08-28 00:59:28,ERROR,Storage,"Payment failed"
10002348,2026-08-28 00:59:31,INFO,Server,"Server overloaded"
10002349,2026-08-28 00:59:32,ERROR,Database,"Server overloaded"
10002350,2026-08-28 00:59:33,WARN,Network,"Connection timeout"
10002351,2026-08-28 00:59:35,ERROR,Payment,"Connection refused"
10002352,2026-08-28 00:59:37,ERROR,Database,"Database unavailable"
10002353,2026-08-28 00:59:38,WARN,Authentication,"Server overloaded"
10002354,2026-08-28 00:59:39,WARN,Server,"Connection refused"
10002355,2026-08-28 00:59:41,WARN,Database,"Server overloaded"
10002356,2026-08-28 00:59:44,DEBUG,Authentication,"File not found"
10002357,2026-08-28 00:59:45,DEBUG,Authentication,"Connection refused"
10002358,2026-08-28 00:59:45,ERROR,Authentication,"Authentication failed"
10002359,2026-08-28 00:59:45,WARN,Authentication,"File not found"
10002360,2026-08-28 00:59:45,WARN,Server,"Request completed"
10002361,2026-08-28 00:59:45,INFO,Server,"Invalid request"
10002362,2026-08-28 00:59:45,ERROR,Storage,"Connection refused"
10002363,2026-08-28 00:59:48,ERROR,API,"Connection timeout"
10002364,2026-08-28 00:59:50,INFO,API,"Database unavailable"
10002365,2026-08-28 00:59:50,WARN,Server,"Connection refused"
10002366,2026-08-28 00:59:52,DEBUG,Server,"Payment failed"
10002367,2026-08-28 00:59:52,INFO,Network,"Database unavailable"
10002368,2026-08-28 00:59:52,DEBUG,Server,"Connection timeout"
10002369,2026-08-28 00:59:52,WARN,API,"Invalid request"
10002370,2026-08-28 00:59:55,WARN,API,"Database unavailable"
10002371,2026-08-28 00:59:57,INFO,Authentication,"Authentication failed"
10002372,2026-08-28 01:00:00,WARN,Database,"Authentication failed"
10002373,2026-08-28 01:00:02,INFO,Payment,"File not found"
10002374,2026-08-28 01:00:04,WARN,Payment,"Request completed"
10002375,2026-08-28 01:00:04,INFO,Storage,"Connection refused"
10002376,2026-08-28 01:00:07,DEBUG,Network,"Invalid request"
10002377,2026-08-28 01:00:09,DEBUG,Payment,"High memory usage"
10002378,2026-08-28 01:00:10,WARN,Server,"Payment failed"
10002379,2026-08-28 01:00:13,ERROR,Database,"Payment failed"
10002380,2026-08-28 01:00:15,DEBUG,Payment,"Payment failed"
10002381,2026-08-28 01:00:17,INFO,Server,"File not found"
10002382,2026-08-28 01:00:20,INFO,Payment,"Database unavailable"
10002383,2026-08-28 01:00:20,INFO,Storage,"Connection timeout"
10002384,2026-08-28 01:00:21,DEBUG,Server,"High memory usage"
10002385,2026-08-28 01:00:23,INFO,Network,"High memory usage"
10002386,2026-08-28 01:00:24,DEBUG,API,"Request completed"
10002387,2026-08-28 01:00:25,DEBUG,Authentication,"Database unavailable"
10002388,2026-08-28 01:00:25,WARN,Server,"Connection timeout"
10002389,2026-08-28 01:00:25,WARN,Payment,"File not found"
10002390,2026-08-28 01:00:28,DEBUG,Database,"Database unavailable"
10002391,2026-08-28 01:00:28,ERROR,Storage,"Authentication failed"
10002392,2026-08-28 01:00:28,INFO,API,"Authentication failed"
10002393,2026-08-28 01:00:29,WARN,Network,"Connection refused"
10002394,2026-08-28 01:00:29,WARN,Database,"Request completed"
10002395,2026-08-28 01:00:32,ERROR,Authentication,"High memory usage"
10002396,2026-08-28 01:00:32,INFO,Payment,"Invalid request"
10002397,2026-08-28 01:00:35,DEBUG,Server,"Connection timeout"
10002398,2026-08-28 01:00:35,ERROR,Network,"Authentication failed"
10002399,2026-08-28 01:00:35,ERROR,Payment,"Request completed"
10002400,2026-08-28 01:00:35,WARN,API,"Authentication failed"
10002401,2026-08-28 01:00:36,INFO,Authentication,"Connection timeout"
10002402,2026-08-28 01:00:39,ERROR,Network,"High memory usage"
10002403,2026-08-28 01:00:41,ERROR,Storage,"Authentication failed"
10002404,2026-08-28 01:00:43,ERROR,Payment,"Authentication failed"
10002405,2026-08-28 01:00:44,WARN,Server,"Invalid request"
10002406,2026-08-28 01:00:47,WARN,Storage,"Authentication failed"
10002407,2026-08-28 01:00:48,ERROR,Payment,"Server overloaded"
10002408,2026-08-28 01:00:50,INFO,API,"Invalid request"
10002409,2026-08-28 01:00:51,INFO,Network,"File not found"
10002410,2026-08-28 01:00:53,WARN,API,"Connection refused"
10002411,2026-08-28 01:00:53,WARN,Database,"Connection refused"
10002412,2026-08-28 01:00:56,ERROR,Storage,"Connection refused"
10002413,2026-08-28 01:00:56,INFO,Network,"Server overloaded"
10002414,2026-08-28 01:00:56,DEBUG,Payment,"Database unavailable"
10002415,2026-08-28 01:00:56,DEBUG,Storage,"Payment failed"
10002416,2026-08-28 01:00:58,INFO,Network,"Database unavailable"
10002417,2026-08-28 01:01:00,INFO,Network,"File not found"
10002418,2026-08-28 01:01:01,DEBUG,API,"Connection timeout"
10002419,2026-08-28 01:01:04,INFO,Payment,"Database unavailable"
10002420,2026-08-28 01:01:07,DEBUG,Storage,"High memory usage"
10002421,2026-08-28 01:01:08,INFO,Authentication,"Request completed"
10002422,2026-08-28 01:01:11,WARN,Server,"Invalid request"
10002423,2026-08-28 01:01:11,ERROR,Storage,"High memory usage"
10002424,2026-08-28 01:01:13,DEBUG,Payment,"Connection refused"
10002425,2026-08-28 01:01:16,WARN,Storage,"Authentication failed"
10002426,2026-08-28 01:01:18,ERROR,API,"Connection timeout"
10002427,2026-08-28 01:01:21,WARN,API,"Payment failed"
10002428,2026-08-28 01:01:23,WARN,Database,"Connection timeout"
10002429,2026-08-28 01:01:24,DEBUG,Payment,"High memory usage"
10002430,2026-08-28 01:01:26,ERROR,Storage,"Database unavailable"
10002431,2026-08-28 01:01:26,DEBUG,Server,"Invalid request"
10002432,2026-08-28 01:01:26,WARN,Database,"Connection refused"
10002433,2026-08-28 01:01:26,WARN,Authentication,"Connection refused"
10002434,2026-08-28 01:01:28,ERROR,Storage,"Server overloaded"
10002435,2026-08-28 01:01:31,ERROR,Authentication,"File not found"
10002436,2026-08-28 01:01:34,WARN,Storage,"Request completed"
10002437,2026-08-28 01:01:37,INFO,Storage,"Authentication failed"
10002438,2026-08-28 01:01:40,DEBUG,API,"Invalid request"
10002439,2026-08-28 01:01:41,INFO,Authentication,"Authentication failed"
10002440,2026-08-28 01:01:41,ERROR,Server,"Invalid request"
10002441,2026-08-28 01:01:41,WARN,Authentication,"File not found"
10002442,2026-08-28 01:01:42,WARN,Database,"Server overloaded"
10002443,2026-08-28 01:01:42,WARN,Database,"Connection timeout"
10002444,2026-08-28 01:01:45,DEBUG,Authentication,"Payment failed"
10002445,2026-08-28 01:01:45,ERROR,Authentication,"High memory usage"
10002446,2026-08-28 01:01:45,WARN,Authentication,"Database unavailable"
10002447,2026-08-28 01:01:46,INFO,Storage,"File not found"
10002448,2026-08-28 01:01:46,WARN,API,"Database unavailable"
10002449,2026-08-28 01:01:47,WARN,Server,"Payment failed"
10002450,2026-08-28 01:01:48,ERROR,Storage,"Authentication failed"
10002451,2026-08-28 01:01:50,INFO,Database,"Invalid request"
10002452,2026-08-28 01:01:50,WARN,Database,"High memory usage"
10002453,2026-08-28 01:01:52,DEBUG,Payment,"Connection timeout"
10002454,2026-08-28 01:01:52,INFO,Authentication,"Connection refused"
10002455,2026-08-28 01:01:54,DEBUG,Storage,"File not found"
10002456,2026-08-28 01:01:54,INFO,Database,"Server overloaded"
10002457,2026-08-28 01:01:57,ERROR,Storage,"Payment failed"
10002458,2026-08-28 01:01:57,WARN,Authentication,"Connection refused"
10002459,2026-08-28 01:02:00,WARN,Authentication,"Connection refused"
10002460,2026-08-28 01:02:02,INFO,Authentication,"High memory usage"
10002461,2026-08-28 01:02:02,INFO,Database,"Connection refused"
10002462,2026-08-28 01:02:05,ERROR,API,"Database unavailable"
10002463,2026-08-28 01:02:07,INFO,Server,"Database unavailable"
10002464,2026-08-28 01:02:08,INFO,API,"Request completed"
10002465,2026-08-28 01:02:10,ERROR,API,"Database unavailable"
10002466,2026-08-28 01:02:10,INFO,API,"File not found"
10002467,2026-08-28 01:02:13,WARN,Database,"High memory usage"
10002468,2026-08-28 01:02:16,INFO,Authentication,"Payment failed"
10002469,2026-08-28 01:02:16,INFO,Network,"Invalid request"
10002470,2026-08-28 01:02:18,INFO,Authentication,"Authentication failed"
10002471,2026-08-28 01:02:19,ERROR,Storage,"Request completed"
10002472,2026-08-28 01:02:20,INFO,API,"Database unavailable"
10002473,2026-08-28 01:02:20,ERROR,Payment,"Connection timeout"
10002474,2026-08-28 01:02:20,DEBUG,Database,"Invalid request"
10002475,2026-08-28 01:02:20,ERROR,Storage,"Payment failed"
10002476,2026-08-28 01:02:23,DEBUG,API,"Invalid request"
10002477,2026-08-28 01:02:24,INFO,Network,"Request completed"
10002478,2026-08-28 01:02:27,DEBUG,Authentication,"Request completed"
10002479,2026-08-28 01:02:30,INFO,Storage,"Request completed"
10002480,2026-08-28 01:02:32,ERROR,API,"Database unavailable"
10002481,2026-08-28 01:02:32,DEBUG,Database,"Invalid request"
10002482,2026-08-28 01:02:33,ERROR,Network,"Payment failed"
10002483,2026-08-28 01:02:33,ERROR,Network,"Request completed"
10002484,2026-08-28 01:02:33,ERROR,API,"High memory usage"
10002485,2026-08-28 01:02:33,ERROR,Database,"Server overloaded"
10002486,2026-08-28 01:02:33,WARN,Storage,"High memory usage"
10002487,2026-08-28 01:02:35,DEBUG,Authentication,"Request completed"
10002488,2026-08-28 01:02:35,DEBUG,Authentication,"File not found"
10002489,2026-08-28 01:02:37,WARN,Storage,"Connection timeout"
10002490,2026-08-28 01:02:40,INFO,Database,"Request completed"
10002491,2026-08-28 01:02:42,WARN,API,"Database unavailable"
10002492,2026-08-28 01:02:42,DEBUG,Storage,"Connection refused"
10002493,2026-08-28 01:02:42,ERROR,Authentication,"Authentication failed"
10002494,2026-08-28 01:02:42,INFO,Database,"Payment failed"
10002495,2026-08-28 01:02:45,INFO,Storage,"High memory usage"
10002496,2026-08-28 01:02:48,WARN,Payment,"Connection refused"
10002497,2026-08-28 01:02:50,INFO,Database,"Connection timeout"
10002498,2026-08-28 01:02:50,WARN,Server,"Server overloaded"
10002499,2026-08-28 01:02:52,ERROR,Storage,"Payment failed"
10002500,2026-08-28 01:02:52,DEBUG,Payment,"High memory usage"
10002501,2026-08-28 01:02:54,WARN,API,"Database unavailable"
10002502,2026-08-28 01:02:55,DEBUG,Network,"Connection timeout"
10002503,2026-08-28 01:02:57,INFO,Database,"Connection refused"
10002504,2026-08-28 01:02:59,DEBUG,Server,"High memory usage"
10002505,2026-08-28 01:02:59,DEBUG,Storage,"High memory usage"
10002506,2026-08-28 01:03:02,WARN,API,"Connection timeout"
10002507,2026-08-28 01:03:05,INFO,Network,"Database unavailable"
10002508,2026-08-28 01:03:05,WARN,Network,"Request completed"
10002509,2026-08-28 01:03:07,WARN,Storage,"High memory usage"
10002510,2026-08-28 01:03:07,ERROR,Network,"Authentication failed"
10002511,2026-08-28 01:03:08,WARN,Server,"High memory usage"
10002512,2026-08-28 01:03:08,DEBUG,Storage,"Authentication failed"
10002513,2026-08-28 01:03:08,WARN,Network,"High memory usage"
10002514,2026-08-28 01:03:11,WARN,Authentication,"Server overloaded"
10002515,2026-08-28 01:03:12,INFO,Payment,"Request completed"
10002516,2026-08-28 01:03:13,DEBUG,Database,"Connection timeout"
10002517,2026-08-28 01:03:15,ERROR,Network,"Server overloaded"
10002518,2026-08-28 01:03:18,ERROR,Storage,"Connection timeout"
10002519,2026-08-28 01:03:20,DEBUG,Server,"Connection timeout"
10002520,2026-08-28 01:03:20,DEBUG,Storage,"Database unavailable"
10002521,2026-08-28 01:03:23,WARN,Storage,"Request completed"
10002522,2026-08-28 01:03:26,ERROR,Database,"Payment failed"
10002523,2026-08-28 01:03:29,DEBUG,Database,"Server overloaded"
10002524,2026-08-28 01:03:32,WARN,Authentication,"Connection refused"
10002525,2026-08-28 01:03:35,WARN,Server,"Request completed"
10002526,2026-08-28 01:03:37,ERROR,Network,"File not found"
10002527,2026-08-28 01:03:39,INFO,Network,"File not found"
10002528,2026-08-28 01:03:41,ERROR,Payment,"Request completed"
10002529,2026-08-28 01:03:43,WARN,Network,"Connection timeout"
10002530,2026-08-28 01:03:44,DEBUG,Authentication,"Connection timeout"
10002531,2026-08-28 01:03:45,WARN,Database,"Authentication failed"
10002532,2026-08-28 01:03:45,DEBUG,Payment,"Request completed"
10002533,2026-08-28 01:03:48,WARN,Authentication,"Connection timeout"
10002534,2026-08-28 01:03:51,WARN,Payment,"Connection timeout"
10002535,2026-08-28 01:03:54,INFO,Payment,"File not found"
10002536,2026-08-28 01:03:56,WARN,Database,"File not found"
10002537,2026-08-28 01:03:56,ERROR,Authentication,"Authentication failed"
10002538,2026-08-28 01:03:56,ERROR,Storage,"Authentication failed"
10002539,2026-08-28 01:03:58,INFO,Payment,"Connection refused"
10002540,2026-08-28 01:04:01,INFO,API,"Server overloaded"
10002541,2026-08-28 01:04:01,WARN,Payment,"Invalid request"
10002542,2026-08-28 01:04:01,INFO,Server,"Invalid request"
10002543,2026-08-28 01:04:03,INFO,Payment,"File not found"
10002544,2026-08-28 01:04:04,DEBUG,Server,"Database unavailable"
10002545,2026-08-28 01:04:05,ERROR,Authentication,"File not found"
10002546,2026-08-28 01:04:06,WARN,Network,"Connection timeout"
10002547,2026-08-28 01:04:09,ERROR,Database,"Invalid request"
10002548,2026-08-28 01:04:10,DEBUG,Storage,"Payment failed"
10002549,2026-08-28 01:04:10,DEBUG,Server,"High memory usage"
10002550,2026-08-28 01:04:13,WARN,Network,"Connection timeout"
10002551,2026-08-28 01:04:15,ERROR,Authentication,"Connection timeout"
10002552,2026-08-28 01:04:17,INFO,Storage,"Request completed"
10002553,2026-08-28 01:04:18,ERROR,Server,"Payment failed"
10002554,2026-08-28 01:04:21,INFO,API,"Request completed"
10002555,2026-08-28 01:04:24,WARN,API,"High memory usage"
10002556,2026-08-28 01:04:24,INFO,Payment,"Server overloaded"
10002557,2026-08-28 01:04:24,WARN,Network,"Server overloaded"
10002558,2026-08-28 01:04:26,DEBUG,Network,"Database unavailable"
10002559,2026-08-28 01:04:27,ERROR,Authentication,"Connection refused"
10002560,2026-08-28 01:04:28,ERROR,Network,"Server overloaded"
10002561,2026-08-28 01:04:29,DEBUG,API,"Authentication failed"
10002562,2026-08-28 01:04:31,WARN,Network,"Payment failed"
10002563,2026-08-28 01:04:31,INFO,Payment,"Database unavailable"
10002564,2026-08-28 01:04:31,WARN,Network,"High memory usage"
10002565,2026-08-28 01:04:31,WARN,Database,"Invalid request"
10002566,2026-08-28 01:04:34,INFO,Server,"Database unavailable"
10002567,2026-08-28 01:04:35,DEBUG,Database,"Connection timeout"
10002568,2026-08-28 01:04:37,ERROR,Database,"File not found"
10002569,2026-08-28 01:04:40,WARN,API,"Authentication failed"
10002570,2026-08-28 01:04:40,INFO,Payment,"Payment failed"
10002571,2026-08-28 01:04:42,INFO,Authentication,"Database unavailable"
10002572,2026-08-28 01:04:43,ERROR,Server,"Connection timeout"
10002573,2026-08-28 01:04:45,DEBUG,Storage,"Server overloaded"
10002574,2026-08-28 01:04:47,INFO,Server,"Request completed"
10002575,2026-08-28 01:04:50,DEBUG,Storage,"High memory usage"
10002576,2026-08-28 01:04:50,DEBUG,API,"Invalid request"
10002577,2026-08-28 01:04:53,WARN,Network,"File not found"
10002578,2026-08-28 01:04:55,INFO,Payment,"Connection timeout"
10002579,2026-08-28 01:04:56,ERROR,Storage,"Request completed"
10002580,2026-08-28 01:04:57,ERROR,Authentication,"Authentication failed"
10002581,2026-08-28 01:04:58,DEBUG,Payment,"Database unavailable"
10002582,2026-08-28 01:05:01,WARN,Network,"Connection timeout"
10002583,2026-08-28 01:05:04,ERROR,Network,"Request completed"
10002584,2026-08-28 01:05:04,WARN,Server,"Connection refused"
10002585,2026-08-28 01:05:04,DEBUG,Storage,"File not found"
10002586,2026-08-28 01:05:04,ERROR,Server,"File not found"
10002587,2026-08-28 01:05:07,INFO,Payment,"Database unavailable"
10002588,2026-08-28 01:05:08,WARN,Payment,"Payment failed"
10002589,2026-08-28 01:05:08,WARN,Database,"Authentication failed"
10002590,2026-08-28 01:05:11,DEBUG,Payment,"Authentication failed"
10002591,2026-08-28 01:05:14,WARN,Authentication,"Payment failed"
10002592,2026-08-28 01:05:15,INFO,API,"Connection refused"
10002593,2026-08-28 01:05:15,INFO,Payment,"Database unavailable"
10002594,2026-08-28 01:05:17,DEBUG,Network,"Connection timeout"
10002595,2026-08-28 01:05:19,DEBUG,Server,"Connection timeout"
10002596,2026-08-28 01:05:20,INFO,API,"File not found"
10002597,2026-08-28 01:05:23,WARN,Database,"Request completed"
10002598,2026-08-28 01:05:26,WARN,Server,"Connection timeout"
10002599,2026-08-28 01:05:28,DEBUG,Storage,"File not found"
10002600,2026-08-28 01:05:29,DEBUG,API,"Invalid request"
10002601,2026-08-28 01:05:30,DEBUG,Storage,"Connection timeout"
10002602,2026-08-28 01:05:32,WARN,Network,"File not found"
10002603,2026-08-28 01:05:32,DEBUG,Authentication,"High memory usage"
10002604,2026-08-28 01:05:32,WARN,Server,"Request completed"
10002605,2026-08-28 01:05:34,ERROR,Payment,"High memory usage"
10002606,2026-08-28 01:05:34,INFO,API,"Payment failed"
10002607,2026-08-28 01:05:36,WARN,Payment,"Database unavailable"
10002608,2026-08-28 01:05:39,INFO,API,"Database unavailable"
10002609,2026-08-28 01:05:40,ERROR,API,"Connection refused"
10002610,2026-08-28 01:05:43,DEBUG,Authentication,"Database unavailable"
10002611,2026-08-28 01:05:44,INFO,Authentication,"Server overloaded"
10002612,2026-08-28 01:05:47,ERROR,Network,"High memory usage"
10002613,2026-08-28 01:05:47,DEBUG,Network,"Connection timeout"
10002614,2026-08-28 01:05:50,ERROR,Network,"Connection timeout"
10002615,2026-08-28 01:05:51,DEBUG,Authentication,"Payment failed"
10002616,2026-08-28 01:05:54,INFO,Storage,"Connection refused"
10002617,2026-08-28 01:05:56,DEBUG,Database,"Connection refused"
10002618,2026-08-28 01:05:58,WARN,Payment,"File not found"
10002619,2026-08-28 01:06:00,DEBUG,Server,"Request completed"
10002620,2026-08-28 01:06:00,ERROR,Network,"Payment failed"
10002621,2026-08-28 01:06:02,WARN,API,"Server overloaded"
10002622,2026-08-28 01:06:04,ERROR,Storage,"Database unavailable"
10002623,2026-08-28 01:06:04,WARN,Payment,"Invalid request"
10002624,2026-08-28 01:06:04,DEBUG,Authentication,"Database unavailable"
10002625,2026-08-28 01:06:04,INFO,Server,"File not found"
10002626,2026-08-28 01:06:05,INFO,Payment,"Request completed"
10002627,2026-08-28 01:06:08,INFO,Network,"Request completed"
10002628,2026-08-28 01:06:09,WARN,Network,"Invalid request"
10002629,2026-08-28 01:06:09,DEBUG,Authentication,"File not found"
10002630,2026-08-28 01:06:12,DEBUG,Server,"Request completed"
10002631,2026-08-28 01:06:13,ERROR,Storage,"Payment failed"
10002632,2026-08-28 01:06:14,INFO,Server,"Request completed"
10002633,2026-08-28 01:06:17,INFO,API,"High memory usage"
10002634,2026-08-28 01:06:19,ERROR,Authentication,"Authentication failed"
10002635,2026-08-28 01:06:19,DEBUG,Server,"Server overloaded"
10002636,2026-08-28 01:06:21,WARN,Authentication,"Connection refused"
10002637,2026-08-28 01:06:24,INFO,Network,"Authentication failed"
10002638,2026-08-28 01:06:25,DEBUG,Storage,"File not found"
10002639,2026-08-28 01:06:28,DEBUG,Authentication,"Authentication failed"
10002640,2026-08-28 01:06:30,WARN,Server,"Server overloaded"
10002641,2026-08-28 01:06:31,ERROR,Network,"Server overloaded"
10002642,2026-08-28 01:06:34,ERROR,Database,"Connection timeout"
10002643,2026-08-28 01:06:35,DEBUG,Payment,"File not found"
10002644,2026-08-28 01:06:36,WARN,API,"Connection refused"
10002645,2026-08-28 01:06:36,ERROR,Storage,"Payment failed"
10002646,2026-08-28 01:06:39,WARN,Network,"Payment failed"
10002647,2026-08-28 01:06:42,INFO,Storage,"Invalid request"
10002648,2026-08-28 01:06:44,ERROR,Authentication,"Database unavailable"
10002649,2026-08-28 01:06:44,INFO,Storage,"Connection refused"
10002650,2026-08-28 01:06:44,DEBUG,Server,"Database unavailable"
10002651,2026-08-28 01:06:45,INFO,Authentication,"Database unavailable"
10002652,2026-08-28 01:06:45,DEBUG,Network,"Connection refused"
10002653,2026-08-28 01:06:45,DEBUG,Authentication,"Connection refused"
10002654,2026-08-28 01:06:48,ERROR,API,"Payment failed"
10002655,2026-08-28 01:06:49,WARN,Network,"Request completed"
10002656,2026-08-28 01:06:51,WARN,Payment,"Connection refused"
10002657,2026-08-28 01:06:51,DEBUG,Server,"Connection timeout"
10002658,2026-08-28 01:06:53,WARN,Network,"Payment failed"
10002659,2026-08-28 01:06:53,WARN,Server,"High memory usage"
10002660,2026-08-28 01:06:55,WARN,Database,"Connection refused"
10002661,2026-08-28 01:06:58,WARN,Payment,"File not found"
10002662,2026-08-28 01:06:58,INFO,Storage,"Request completed"
10002663,2026-08-28 01:07:00,WARN,Server,"Invalid request"
10002664,2026-08-28 01:07:00,INFO,Payment,"File not found"
10002665,2026-08-28 01:07:02,DEBUG,Payment,"Connection timeout"
10002666,2026-08-28 01:07:03,WARN,Payment,"Authentication failed"
10002667,2026-08-28 01:07:06,INFO,Authentication,"Server overloaded"
10002668,2026-08-28 01:07:07,ERROR,Storage,"Database unavailable"
10002669,2026-08-28 01:07:10,DEBUG,Database,"Invalid request"
10002670,2026-08-28 01:07:13,WARN,Database,"Server overloaded"
10002671,2026-08-28 01:07:16,DEBUG,Database,"High memory usage"
10002672,2026-08-28 01:07:17,ERROR,Network,"Database unavailable"
10002673,2026-08-28 01:07:17,WARN,Payment,"Database unavailable"
10002674,2026-08-28 01:07:20,INFO,API,"Request completed"
10002675,2026-08-28 01:07:23,WARN,Payment,"Invalid request"
10002676,2026-08-28 01:07:23,WARN,Authentication,"File not found"
10002677,2026-08-28 01:07:24,DEBUG,Authentication,"Database unavailable"
10002678,2026-08-28 01:07:26,WARN,Network,"Payment failed"
10002679,2026-08-28 01:07:29,INFO,Server,"Authentication failed"
10002680,2026-08-28 01:07:29,ERROR,Payment,"Connection timeout"
10002681,2026-08-28 01:07:29,WARN,Network,"Authentication failed"
10002682,2026-08-28 01:07:29,ERROR,Database,"Authentication failed"
10002683,2026-08-28 01:07:30,DEBUG,Storage,"Connection timeout"
10002684,2026-08-28 01:07:30,ERROR,Authentication,"Server overloaded"
10002685,2026-08-28 01:07:32,DEBUG,Server,"File not found"
10002686,2026-08-28 01:07:32,INFO,Storage,"File not found"
10002687,2026-08-28 01:07:33,WARN,Payment,"File not found"
10002688,2026-08-28 01:07:35,WARN,Storage,"Database unavailable"
10002689,2026-08-28 01:07:37,INFO,Database,"File not found"
10002690,2026-08-28 01:07:37,WARN,Network,"Request completed"
10002691,2026-08-28 01:07:38,INFO,Database,"Authentication failed"
10002692,2026-08-28 01:07:39,WARN,Payment,"High memory usage"
10002693,2026-08-28 01:07:42,WARN,Server,"Connection refused"
10002694,2026-08-28 01:07:45,WARN,Network,"Payment failed"
10002695,2026-08-28 01:07:48,INFO,Payment,"Payment failed"
10002696,2026-08-28 01:07:48,WARN,Authentication,"Authentication failed"
10002697,2026-08-28 01:07:50,WARN,Server,"Request completed"
10002698,2026-08-28 01:07:53,INFO,API,"Connection timeout"
10002699,2026-08-28 01:07:54,DEBUG,Storage,"High memory usage"
10002700,2026-08-28 01:07:54,WARN,Storage,"Database unavailable"
10002701,2026-08-28 01:07:55,DEBUG,Payment,"Payment failed"
10002702,2026-08-28 01:07:58,DEBUG,Network,"Server overloaded"
10002703,2026-08-28 01:08:00,WARN,API,"Connection timeout"
10002704,2026-08-28 01:08:00,DEBUG,Network,"High memory usage"
10002705,2026-08-28 01:08:03,INFO,Storage,"Request completed"
10002706,2026-08-28 01:08:04,ERROR,Payment,"Request completed"
10002707,2026-08-28 01:08:04,INFO,API,"Server overloaded"
10002708,2026-08-28 01:08:07,WARN,Storage,"File not found"
10002709,2026-08-28 01:08:08,ERROR,API,"Connection refused"
10002710,2026-08-28 01:08:10,ERROR,Payment,"Database unavailable"
10002711,2026-08-28 01:08:11,WARN,Database,"Connection refused"
10002712,2026-08-28 01:08:13,INFO,Storage,"Request completed"
10002713,2026-08-28 01:08:13,INFO,Server,"Payment failed"
10002714,2026-08-28 01:08:13,INFO,Payment,"Connection timeout"
10002715,2026-08-28 01:08:16,ERROR,Server,"Connection timeout"
10002716,2026-08-28 01:08:18,ERROR,Authentication,"Invalid request"
10002717,2026-08-28 01:08:20,DEBUG,Storage,"File not found"
10002718,2026-08-28 01:08:23,DEBUG,Storage,"Request completed"
10002719,2026-08-28 01:08:23,ERROR,Authentication,"Invalid request"
10002720,2026-08-28 01:08:25,ERROR,Storage,"Connection timeout"
10002721,2026-08-28 01:08:25,WARN,API,"Request completed"
10002722,2026-08-28 01:08:25,DEBUG,Payment,"Payment failed"
10002723,2026-08-28 01:08:26,WARN,API,"High memory usage"
10002724,2026-08-28 01:08:27,ERROR,Database,"Server overloaded"
10002725,2026-08-28 01:08:27,DEBUG,Database,"Database unavailable"
10002726,2026-08-28 01:08:30,ERROR,Storage,"Server overloaded"
10002727,2026-08-28 01:08:32,INFO,Authentication,"Invalid request"
10002728,2026-08-28 01:08:34,WARN,Database,"Connection refused"
10002729,2026-08-28 01:08:36,WARN,Server,"Request completed"
10002730,2026-08-28 01:08:37,INFO,Authentication,"High memory usage"
10002731,2026-08-28 01:08:37,WARN,Network,"Server overloaded"
10002732,2026-08-28 01:08:39,ERROR,Database,"Connection refused"
10002733,2026-08-28 01:08:40,ERROR,Authentication,"Request completed"
10002734,2026-08-28 01:08:40,WARN,Storage,"High memory usage"
10002735,2026-08-28 01:08:42,DEBUG,Database,"Server overloaded"
10002736,2026-08-28 01:08:42,ERROR,Payment,"Database unavailable"
10002737,2026-08-28 01:08:44,WARN,API,"Authentication failed"
10002738,2026-08-28 01:08:46,ERROR,Authentication,"Authentication failed"
10002739,2026-08-28 01:08:49,WARN,API,"Invalid request"
10002740,2026-08-28 01:08:51,INFO,Network,"Authentication failed"
10002741,2026-08-28 01:08:52,WARN,Payment,"Server overloaded"
10002742,2026-08-28 01:08:53,DEBUG,Server,"High memory usage"
10002743,2026-08-28 01:08:55,ERROR,Database,"Authentication failed"
10002744,2026-08-28 01:08:57,ERROR,Database,"Request completed"
10002745,2026-08-28 01:08:58,INFO,Network,"Server overloaded"
10002746,2026-08-28 01:09:01,INFO,Network,"File not found"
10002747,2026-08-28 01:09:02,WARN,Network,"Server overloaded"
10002748,2026-08-28 01:09:03,WARN,Network,"Invalid request"
10002749,2026-08-28 01:09:03,INFO,API,"Request completed"
10002750,2026-08-28 01:09:06,INFO,Server,"Authentication failed"
10002751,2026-08-28 01:09:07,INFO,Database,"File not found"
10002752,2026-08-28 01:09:10,DEBUG,Storage,"Request completed"
10002753,2026-08-28 01:09:10,DEBUG,Authentication,"Payment failed"
10002754,2026-08-28 01:09:11,ERROR,Payment,"Database unavailable"
10002755,2026-08-28 01:09:12,ERROR,API,"High memory usage"
10002756,2026-08-28 01:09:14,ERROR,Server,"Payment failed"
10002757,2026-08-28 01:09:16,WARN,Storage,"Invalid request"
10002758,2026-08-28 01:09:18,INFO,Payment,"Connection timeout"
10002759,2026-08-28 01:09:20,INFO,Payment,"Authentication failed"
10002760,2026-08-28 01:09:21,ERROR,Server,"Connection timeout"
10002761,2026-08-28 01:09:23,INFO,Authentication,"Payment failed"
10002762,2026-08-28 01:09:23,INFO,Network,"Payment failed"
10002763,2026-08-28 01:09:24,INFO,Server,"Connection timeout"
10002764,2026-08-28 01:09:25,WARN,API,"Request completed"
10002765,2026-08-28 01:09:28,WARN,Server,"Server overloaded"
10002766,2026-08-28 01:09:29,DEBUG,Payment,"Connection refused"
10002767,2026-08-28 01:09:31,WARN,Payment,"Server overloaded"
10002768,2026-08-28 01:09:34,INFO,Server,"File not found"
10002769,2026-08-28 01:09:37,DEBUG,Network,"Server overloaded"
10002770,2026-08-28 01:09:37,DEBUG,Payment,"Request completed"
10002771,2026-08-28 01:09:38,INFO,Server,"File not found"
10002772,2026-08-28 01:09:41,ERROR,Network,"Invalid request"
10002773,2026-08-28 01:09:41,INFO,Payment,"Payment failed"
10002774,2026-08-28 01:09:41,ERROR,Payment,"Server overloaded"
10002775,2026-08-28 01:09:42,ERROR,Database,"Payment failed"
10002776,2026-08-28 01:09:43,DEBUG,Authentication,"Authentication failed"
10002777,2026-08-28 01:09:43,INFO,Database,"Payment failed"
10002778,2026-08-28 01:09:46,WARN,Authentication,"Invalid request"
10002779,2026-08-28 01:09:49,DEBUG,Authentication,"Payment failed"
10002780,2026-08-28 01:09:50,WARN,API,"High memory usage"
10002781,2026-08-28 01:09:51,ERROR,Network,"Invalid request"
10002782,2026-08-28 01:09:51,DEBUG,Network,"Connection refused"
10002783,2026-08-28 01:09:54,WARN,Database,"Server overloaded"
10002784,2026-08-28 01:09:55,WARN,Network,"Server overloaded"
10002785,2026-08-28 01:09:57,INFO,Database,"High memory usage"
10002786,2026-08-28 01:09:59,ERROR,Authentication,"File not found"
10002787,2026-08-28 01:10:02,INFO,Payment,"Server overloaded"
10002788,2026-08-28 01:10:04,INFO,Server,"High memory usage"
10002789,2026-08-28 01:10:07,DEBUG,Database,"Payment failed"
10002790,2026-08-28 01:10:09,WARN,Network,"File not found"
10002791,2026-08-28 01:10:12,ERROR,Database,"Invalid request"
10002792,2026-08-28 01:10:14,INFO,Authentication,"File not found"
10002793,2026-08-28 01:10:15,DEBUG,Payment,"File not found"
10002794,2026-08-28 01:10:16,DEBUG,Network,"Database unavailable"
10002795,2026-08-28 01:10:18,WARN,Storage,"Server overloaded"
10002796,2026-08-28 01:10:19,WARN,Server,"Connection timeout"
10002797,2026-08-28 01:10:20,WARN,Server,"Request completed"
10002798,2026-08-28 01:10:20,INFO,Database,"Connection refused"
10002799,2026-08-28 01:10:20,INFO,Storage,"Database unavailable"
10002800,2026-08-28 01:10:20,INFO,Database,"High memory usage"
10002801,2026-08-28 01:10:20,INFO,Server,"Connection refused"
10002802,2026-08-28 01:10:21,WARN,Payment,"Connection refused"
10002803,2026-08-28 01:10:23,ERROR,Storage,"Request completed"
10002804,2026-08-28 01:10:26,DEBUG,Payment,"Request completed"
10002805,2026-08-28 01:10:29,ERROR,Server,"High memory usage"
10002806,2026-08-28 01:10:29,ERROR,API,"Connection timeout"
10002807,2026-08-28 01:10:31,WARN,Database,"Invalid request"
10002808,2026-08-28 01:10:33,ERROR,Server,"Connection refused"
10002809,2026-08-28 01:10:33,DEBUG,Storage,"Invalid request"
10002810,2026-08-28 01:10:34,INFO,API,"High memory usage"
10002811,2026-08-28 01:10:37,INFO,Server,"Connection refused"
10002812,2026-08-28 01:10:37,WARN,API,"Server overloaded"
10002813,2026-08-28 01:10:37,WARN,API,"File not found"
10002814,2026-08-28 01:10:40,WARN,Network,"Connection timeout"
10002815,2026-08-28 01:10:42,WARN,Database,"File not found"
10002816,2026-08-28 01:10:45,DEBUG,Database,"Database unavailable"
10002817,2026-08-28 01:10:46,INFO,Payment,"Connection refused"
10002818,2026-08-28 01:10:49,INFO,Authentication,"Database unavailable"
10002819,2026-08-28 01:10:49,ERROR,Database,"Invalid request"
10002820,2026-08-28 01:10:50,DEBUG,Storage,"Request completed"
10002821,2026-08-28 01:10:51,INFO,Payment,"Authentication failed"
10002822,2026-08-28 01:10:53,INFO,Network,"High memory usage"
10002823,2026-08-28 01:10:56,WARN,Payment,"Connection refused"
10002824,2026-08-28 01:10:58,ERROR,Server,"Connection timeout"
10002825,2026-08-28 01:10:59,ERROR,Payment,"Connection timeout"
10002826,2026-08-28 01:10:59,DEBUG,Storage,"Authentication failed"
10002827,2026-08-28 01:11:01,WARN,Database,"Invalid request"
10002828,2026-08-28 01:11:02,INFO,Database,"Request completed"
10002829,2026-08-28 01:11:03,ERROR,Payment,"Server overloaded"
10002830,2026-08-28 01:11:06,WARN,Server,"High memory usage"
10002831,2026-08-28 01:11:07,INFO,Authentication,"Payment failed"
10002832,2026-08-28 01:11:09,WARN,Payment,"Payment failed"
10002833,2026-08-28 01:11:10,WARN,Storage,"Database unavailable"
10002834,2026-08-28 01:11:10,WARN,API,"Authentication failed"
10002835,2026-08-28 01:11:10,DEBUG,Database,"Authentication failed"
10002836,2026-08-28 01:11:10,INFO,Authentication,"High memory usage"
10002837,2026-08-28 01:11:11,ERROR,Network,"Invalid request"
10002838,2026-08-28 01:11:12,DEBUG,Authentication,"Connection timeout"
10002839,2026-08-28 01:11:14,DEBUG,Storage,"Server overloaded"
10002840,2026-08-28 01:11:17,DEBUG,Server,"Authentication failed"
10002841,2026-08-28 01:11:17,WARN,API,"Server overloaded"
10002842,2026-08-28 01:11:19,WARN,API,"Request completed"
10002843,2026-08-28 01:11:22,ERROR,Server,"Database unavailable"
10002844,2026-08-28 01:11:22,DEBUG,Payment,"High memory usage"
10002845,2026-08-28 01:11:22,INFO,Database,"Server overloaded"
10002846,2026-08-28 01:11:23,DEBUG,API,"Server overloaded"
10002847,2026-08-28 01:11:23,INFO,Payment,"Database unavailable"
10002848,2026-08-28 01:11:23,INFO,Server,"Authentication failed"
10002849,2026-08-28 01:11:25,ERROR,Authentication,"File not found"
10002850,2026-08-28 01:11:25,DEBUG,API,"Server overloaded"
10002851,2026-08-28 01:11:28,ERROR,API,"Payment failed"
10002852,2026-08-28 01:11:30,INFO,Network,"Connection refused"
10002853,2026-08-28 01:11:31,WARN,Server,"Connection timeout"
10002854,2026-08-28 01:11:33,DEBUG,Storage,"Server overloaded"
10002855,2026-08-28 01:11:33,ERROR,API,"Payment failed"
10002856,2026-08-28 01:11:33,DEBUG,Server,"High memory usage"
10002857,2026-08-28 01:11:33,INFO,Server,"Request completed"
10002858,2026-08-28 01:11:34,INFO,Authentication,"Invalid request"
10002859,2026-08-28 01:11:37,WARN,Authentication,"Authentication failed"
10002860,2026-08-28 01:11:39,ERROR,API,"File not found"
10002861,2026-08-28 01:11:39,INFO,Storage,"Invalid request"
10002862,2026-08-28 01:11:39,ERROR,Payment,"Connection timeout"
10002863,2026-08-28 01:11:42,WARN,API,"High memory usage"
10002864,2026-08-28 01:11:43,DEBUG,Authentication,"File not found"
10002865,2026-08-28 01:11:43,INFO,Authentication,"High memory usage"
10002866,2026-08-28 01:11:43,DEBUG,Server,"File not found"
10002867,2026-08-28 01:11:45,DEBUG,Database,"Connection refused"
10002868,2026-08-28 01:11:46,ERROR,Database,"Payment failed"
10002869,2026-08-28 01:11:49,INFO,Database,"Server overloaded"
10002870,2026-08-28 01:11:51,ERROR,API,"Authentication failed"
10002871,2026-08-28 01:11:51,ERROR,Authentication,"Server overloaded"
10002872,2026-08-28 01:11:53,DEBUG,Database,"Authentication failed"
10002873,2026-08-28 01:11:54,DEBUG,Database,"Request completed"
10002874,2026-08-28 01:11:57,WARN,Storage,"Payment failed"
10002875,2026-08-28 01:11:58,WARN,Storage,"High memory usage"
10002876,2026-08-28 01:12:01,DEBUG,Authentication,"Connection refused"
10002877,2026-08-28 01:12:04,ERROR,Payment,"Authentication failed"
10002878,2026-08-28 01:12:06,WARN,Database,"Connection timeout"
10002879,2026-08-28 01:12:06,DEBUG,Database,"Connection timeout"
10002880,2026-08-28 01:12:07,INFO,Storage,"Payment failed"
10002881,2026-08-28 01:12:08,WARN,API,"Database unavailable"
10002882,2026-08-28 01:12:09,WARN,Authentication,"Authentication failed"
10002883,2026-08-28 01:12:10,DEBUG,Authentication,"Payment failed"
10002884,2026-08-28 01:12:10,INFO,Database,"Authentication failed"
10002885,2026-08-28 01:12:12,WARN,Storage,"Authentication failed"
10002886,2026-08-28 01:12:13,INFO,Network,"Connection timeout"
10002887,2026-08-28 01:12:15,WARN,Storage,"Authentication failed"
10002888,2026-08-28 01:12:15,WARN,Authentication,"Server overloaded"
10002889,2026-08-28 01:12:17,INFO,Network,"Database unavailable"
10002890,2026-08-28 01:12:18,ERROR,Authentication,"Connection timeout"
10002891,2026-08-28 01:12:20,INFO,Server,"File not found"
10002892,2026-08-28 01:12:22,WARN,Storage,"Connection refused"
10002893,2026-08-28 01:12:23,ERROR,Payment,"Payment failed"
10002894,2026-08-28 01:12:24,INFO,API,"High memory usage"
10002895,2026-08-28 01:12:25,INFO,API,"Database unavailable"
10002896,2026-08-28 01:12:27,WARN,Payment,"File not found"
10002897,2026-08-28 01:12:28,ERROR,API,"Payment failed"
10002898,2026-08-28 01:12:28,ERROR,Server,"High memory usage"
10002899,2026-08-28 01:12:30,ERROR,Payment,"File not found"
10002900,2026-08-28 01:12:33,DEBUG,Network,"Connection timeout"
10002901,2026-08-28 01:12:33,WARN,Server,"Payment failed"
10002902,2026-08-28 01:12:34,ERROR,Network,"High memory usage"
10002903,2026-08-28 01:12:37,ERROR,Database,"Authentication failed"
10002904,2026-08-28 01:12:40,INFO,Authentication,"Database unavailable"
10002905,2026-08-28 01:12:42,INFO,Server,"Server overloaded"
10002906,2026-08-28 01:12:43,ERROR,Storage,"Connection timeout"
10002907,2026-08-28 01:12:46,DEBUG,API,"Request completed"
10002908,2026-08-28 01:12:46,WARN,Authentication,"High memory usage"
10002909,2026-08-28 01:12:49,WARN,Server,"High memory usage"
10002910,2026-08-28 01:12:52,WARN,Server,"File not found"
10002911,2026-08-28 01:12:52,WARN,Server,"Connection timeout"
10002912,2026-08-28 01:12:52,WARN,Network,"Connection refused"
10002913,2026-08-28 01:12:53,DEBUG,Authentication,"Connection refused"
10002914,2026-08-28 01:12:54,ERROR,API,"Payment failed"
10002915,2026-08-28 01:12:56,INFO,Storage,"Invalid request"
10002916,2026-08-28 01:12:57,DEBUG,API,"Connection timeout"
10002917,2026-08-28 01:12:58,INFO,Payment,"File not found"
10002918,2026-08-28 01:12:58,DEBUG,Network,"Request completed"
10002919,2026-08-28 01:13:01,ERROR,Payment,"Payment failed"
10002920,2026-08-28 01:13:03,ERROR,Database,"Database unavailable"
10002921,2026-08-28 01:13:03,INFO,Authentication,"Request completed"
10002922,2026-08-28 01:13:05,DEBUG,Network,"Server overloaded"
10002923,2026-08-28 01:13:05,INFO,API,"Authentication failed"
10002924,2026-08-28 01:13:08,INFO,Database,"Database unavailable"
10002925,2026-08-28 01:13:08,DEBUG,Payment,"High memory usage"
10002926,2026-08-28 01:13:09,ERROR,Payment,"Invalid request"
10002927,2026-08-28 01:13:11,INFO,Server,"File not found"
10002928,2026-08-28 01:13:11,WARN,Storage,"Connection timeout"
10002929,2026-08-28 01:13:13,INFO,Server,"Authentication failed"
10002930,2026-08-28 01:13:14,ERROR,Storage,"Connection refused"
10002931,2026-08-28 01:13:15,DEBUG,Network,"File not found"
10002932,2026-08-28 01:13:18,ERROR,Database,"Database unavailable"
10002933,2026-08-28 01:13:20,WARN,Server,"Database unavailable"
10002934,2026-08-28 01:13:20,WARN,Network,"Database unavailable"
10002935,2026-08-28 01:13:23,DEBUG,Database,"Invalid request"
10002936,2026-08-28 01:13:24,ERROR,Storage,"File not found"
10002937,2026-08-28 01:13:25,ERROR,Server,"Authentication failed"
10002938,2026-08-28 01:13:26,ERROR,Database,"Connection refused"
10002939,2026-08-28 01:13:26,WARN,Database,"High memory usage"
10002940,2026-08-28 01:13:26,WARN,Authentication,"Request completed"
10002941,2026-08-28 01:13:29,WARN,Database,"Invalid request"
10002942,2026-08-28 01:13:32,INFO,Storage,"Request completed"
10002943,2026-08-28 01:13:35,DEBUG,Payment,"Request completed"
10002944,2026-08-28 01:13:36,INFO,Authentication,"Authentication failed"
10002945,2026-08-28 01:13:37,ERROR,Authentication,"Invalid request"
10002946,2026-08-28 01:13:37,ERROR,Server,"High memory usage"
10002947,2026-08-28 01:13:37,DEBUG,Storage,"Connection timeout"
10002948,2026-08-28 01:13:38,INFO,Network,"Authentication failed"
10002949,2026-08-28 01:13:39,WARN,Storage,"Invalid request"
10002950,2026-08-28 01:13:41,DEBUG,Database,"Payment failed"
10002951,2026-08-28 01:13:43,INFO,Storage,"Connection refused"
10002952,2026-08-28 01:13:45,WARN,Server,"Server overloaded"
10002953,2026-08-28 01:13:47,DEBUG,Payment,"Authentication failed"
10002954,2026-08-28 01:13:49,INFO,API,"Database unavailable"
10002955,2026-08-28 01:13:52,WARN,API,"Authentication failed"
10002956,2026-08-28 01:13:52,ERROR,Database,"Connection refused"
10002957,2026-08-28 01:13:53,WARN,Payment,"Request completed"
10002958,2026-08-28 01:13:55,INFO,Server,"Server overloaded"
10002959,2026-08-28 01:13:56,ERROR,Network,"Server overloaded"
10002960,2026-08-28 01:13:59,INFO,Database,"High memory usage"
10002961,2026-08-28 01:13:59,INFO,Database,"High memory usage"
10002962,2026-08-28 01:13:59,ERROR,Server,"High memory usage"
10002963,2026-08-28 01:14:02,ERROR,Authentication,"File not found"
10002964,2026-08-28 01:14:03,WARN,Server,"Connection refused"
10002965,2026-08-28 01:14:03,ERROR,Storage,"Invalid request"
10002966,2026-08-28 01:14:04,WARN,Network,"Payment failed"
10002967,2026-08-28 01:14:05,INFO,Authentication,"Authentication failed"
10002968,2026-08-28 01:14:07,INFO,Storage,"Payment failed"
10002969,2026-08-28 01:14:10,WARN,Payment,"High memory usage"
10002970,2026-08-28 01:14:13,INFO,Storage,"High memory usage"
10002971,2026-08-28 01:14:14,ERROR,Storage,"Payment failed"
10002972,2026-08-28 01:14:14,WARN,Storage,"Invalid request"
10002973,2026-08-28 01:14:14,INFO,Database,"Authentication failed"
10002974,2026-08-28 01:14:14,DEBUG,Authentication,"Database unavailable"
10002975,2026-08-28 01:14:15,INFO,Payment,"High memory usage"
10002976,2026-08-28 01:14:18,WARN,Database,"Database unavailable"
10002977,2026-08-28 01:14:21,INFO,Database,"Invalid request"
10002978,2026-08-28 01:14:22,WARN,Network,"Connection refused"
10002979,2026-08-28 01:14:22,WARN,Payment,"Connection timeout"
10002980,2026-08-28 01:14:24,INFO,Server,"Database unavailable"
10002981,2026-08-28 01:14:24,ERROR,API,"Connection timeout"
10002982,2026-08-28 01:14:24,INFO,Payment,"Connection timeout"
10002983,2026-08-28 01:14:25,ERROR,Storage,"Request completed"
10002984,2026-08-28 01:14:27,INFO,API,"Authentication failed"
10002985,2026-08-28 01:14:30,DEBUG,Authentication,"File not found"
10002986,2026-08-28 01:14:32,INFO,Server,"Request completed"
10002987,2026-08-28 01:14:32,INFO,API,"Authentication failed"
10002988,2026-08-28 01:14:35,ERROR,Network,"High memory usage"
10002989,2026-08-28 01:14:35,INFO,Server,"Invalid request"
10002990,2026-08-28 01:14:37,INFO,Authentication,"Request completed"
10002991,2026-08-28 01:14:39,WARN,Server,"Request completed"
10002992,2026-08-28 01:14:40,DEBUG,Authentication,"Server overloaded"
10002993,2026-08-28 01:14:43,DEBUG,API,"Database unavailable"
10002994,2026-08-28 01:14:45,DEBUG,API,"File not found"
10002995,2026-08-28 01:14:47,DEBUG,Database,"High memory usage"
10002996,2026-08-28 01:14:47,ERROR,Payment,"Invalid request"
10002997,2026-08-28 01:14:49,DEBUG,Server,"Invalid request"
10002998,2026-08-28 01:14:50,DEBUG,Server,"Invalid request"
10002999,2026-08-28 01:14:51,WARN,Authentication,"Connection refused"
10003000,2026-08-28 01:14:52,INFO,Network,"High memory usage"
10003001,2026-08-28 01:14:55,ERROR,Payment,"High memory usage"
10003002,2026-08-28 01:14:57,WARN,Authentication,"Invalid request"
10003003,2026-08-28 01:14:57,ERROR,Payment,"Server overloaded"
10003004,2026-08-28 01:14:57,DEBUG,Authentication,"Payment failed"
10003005,2026-08-28 01:14:58,ERROR,Payment,"High memory usage"
10003006,2026-08-28 01:15:00,ERROR,API,"Payment failed"
10003007,2026-08-28 01:15:02,INFO,Server,"Request completed"
10003008,2026-08-28 01:15:03,ERROR,API,"Authentication failed"
10003009,2026-08-28 01:15:05,DEBUG,Storage,"Connection timeout"
10003010,2026-08-28 01:15:07,ERROR,Database,"Database unavailable"
10003011,2026-08-28 01:15:09,INFO,Network,"Server overloaded"
10003012,2026-08-28 01:15:09,DEBUG,Database,"Connection timeout"
10003013,2026-08-28 01:15:09,DEBUG,Database,"Request completed"
10003014,2026-08-28 01:15:12,INFO,Database,"Connection timeout"
10003015,2026-08-28 01:15:12,ERROR,Network,"Connection refused"
10003016,2026-08-28 01:15:12,DEBUG,Network,"Connection refused"
10003017,2026-08-28 01:15:12,WARN,Network,"Payment failed"
10003018,2026-08-28 01:15:13,ERROR,Storage,"Request completed"
10003019,2026-08-28 01:15:15,INFO,Server,"Payment failed"
10003020,2026-08-28 01:15:15,INFO,Server,"Authentication failed"
10003021,2026-08-28 01:15:18,ERROR,Database,"Authentication failed"
10003022,2026-08-28 01:15:21,ERROR,Server,"Authentication failed"
10003023,2026-08-28 01:15:22,WARN,Storage,"File not found"
10003024,2026-08-28 01:15:25,INFO,Server,"Invalid request"
10003025,2026-08-28 01:15:27,WARN,Server,"Connection refused"
10003026,2026-08-28 01:15:30,INFO,Authentication,"Payment failed"
10003027,2026-08-28 01:15:33,WARN,Network,"Connection timeout"
10003028,2026-08-28 01:15:33,INFO,Network,"Request completed"
10003029,2026-08-28 01:15:36,WARN,Server,"Payment failed"
10003030,2026-08-28 01:15:38,INFO,Database,"Request completed"
10003031,2026-08-28 01:15:41,INFO,Payment,"Invalid request"
10003032,2026-08-28 01:15:44,INFO,Authentication,"Invalid request"
10003033,2026-08-28 01:15:44,DEBUG,Server,"Invalid request"
10003034,2026-08-28 01:15:46,INFO,Payment,"Authentication failed"
10003035,2026-08-28 01:15:48,DEBUG,API,"Authentication failed"
10003036,2026-08-28 01:15:50,ERROR,Network,"Invalid request"
10003037,2026-08-28 01:15:53,ERROR,Storage,"Database unavailable"
10003038,2026-08-28 01:15:53,WARN,Server,"File not found"
10003039,2026-08-28 01:15:56,DEBUG,Database,"File not found"
10003040,2026-08-28 01:15:57,INFO,Database,"Connection timeout"
10003041,2026-08-28 01:16:00,DEBUG,API,"Server overloaded"
10003042,2026-08-28 01:16:01,ERROR,Network,"Database unavailable"
10003043,2026-08-28 01:16:03,ERROR,Network,"File not found"
10003044,2026-08-28 01:16:06,ERROR,Authentication,"File not found"
10003045,2026-08-28 01:16:06,INFO,Database,"High memory usage"
10003046,2026-08-28 01:16:07,INFO,Server,"File not found"
10003047,2026-08-28 01:16:08,DEBUG,Database,"Authentication failed"
10003048,2026-08-28 01:16:08,ERROR,Network,"Connection refused"
10003049,2026-08-28 01:16:08,INFO,API,"Connection timeout"
10003050,2026-08-28 01:16:11,DEBUG,Server,"Connection timeout"
10003051,2026-08-28 01:16:12,WARN,Server,"Database unavailable"
10003052,2026-08-28 01:16:12,ERROR,Storage,"Connection refused"
10003053,2026-08-28 01:16:14,ERROR,Network,"File not found"
10003054,2026-08-28 01:16:16,DEBUG,API,"Request completed"
10003055,2026-08-28 01:16:18,ERROR,Server,"Payment failed"
10003056,2026-08-28 01:16:18,ERROR,Storage,"Server overloaded"
10003057,2026-08-28 01:16:18,WARN,API,"Server overloaded"
10003058,2026-08-28 01:16:21,WARN,Payment,"High memory usage"
10003059,2026-08-28 01:16:22,INFO,Storage,"Connection timeout"
10003060,2026-08-28 01:16:25,INFO,Database,"Database unavailable"
10003061,2026-08-28 01:16:25,WARN,Network,"File not found"
10003062,2026-08-28 01:16:25,INFO,Network,"File not found"
10003063,2026-08-28 01:16:27,DEBUG,API,"File not found"
10003064,2026-08-28 01:16:30,ERROR,Authentication,"Server overloaded"
10003065,2026-08-28 01:16:32,ERROR,API,"Database unavailable"
10003066,2026-08-28 01:16:34,DEBUG,Network,"Database unavailable"
10003067,2026-08-28 01:16:34,ERROR,Payment,"Authentication failed"
10003068,2026-08-28 01:16:35,WARN,Authentication,"Server overloaded"
10003069,2026-08-28 01:16:37,INFO,Server,"Connection refused"
10003070,2026-08-28 01:16:40,INFO,Authentication,"Database unavailable"
10003071,2026-08-28 01:16:40,INFO,Storage,"Request completed"
10003072,2026-08-28 01:16:40,DEBUG,Network,"Connection refused"
10003073,2026-08-28 01:16:43,WARN,Storage,"Authentication failed"
10003074,2026-08-28 01:16:45,DEBUG,Server,"Request completed"
10003075,2026-08-28 01:16:45,WARN,Server,"Invalid request"
10003076,2026-08-28 01:16:48,INFO,Authentication,"Payment failed"
10003077,2026-08-28 01:16:48,DEBUG,Server,"Server overloaded"
10003078,2026-08-28 01:16:50,INFO,Network,"Connection refused"
10003079,2026-08-28 01:16:52,ERROR,Authentication,"Connection timeout"
10003080,2026-08-28 01:16:55,INFO,Server,"Invalid request"
10003081,2026-08-28 01:16:56,DEBUG,Network,"File not found"
10003082,2026-08-28 01:16:58,DEBUG,Server,"Request completed"
10003083,2026-08-28 01:16:58,DEBUG,Payment,"File not found"
10003084,2026-08-28 01:17:01,DEBUG,Database,"Payment failed"
10003085,2026-08-28 01:17:01,WARN,API,"Database unavailable"
10003086,2026-08-28 01:17:02,ERROR,Authentication,"File not found"
10003087,2026-08-28 01:17:02,ERROR,Network,"Payment failed"
10003088,2026-08-28 01:17:02,ERROR,API,"Authentication failed"
10003089,2026-08-28 01:17:05,ERROR,API,"Server overloaded"
10003090,2026-08-28 01:17:07,ERROR,Database,"High memory usage"
10003091,2026-08-28 01:17:09,INFO,Storage,"Connection timeout"
10003092,2026-08-28 01:17:11,INFO,API,"Authentication failed"
10003093,2026-08-28 01:17:11,ERROR,Server,"High memory usage"
10003094,2026-08-28 01:17:12,WARN,Server,"File not found"
10003095,2026-08-28 01:17:15,ERROR,Database,"Payment failed"
10003096,2026-08-28 01:17:16,DEBUG,Authentication,"Request completed"
10003097,2026-08-28 01:17:19,WARN,Authentication,"Request completed"
10003098,2026-08-28 01:17:20,INFO,Payment,"Payment failed"
10003099,2026-08-28 01:17:20,ERROR,Authentication,"Connection timeout"
10003100,2026-08-28 01:17:20,INFO,API,"Payment failed"
10003101,2026-08-28 01:17:23,DEBUG,Network,"Connection refused"
10003102,2026-08-28 01:17:26,WARN,API,"Database unavailable"
10003103,2026-08-28 01:17:28,DEBUG,Storage,"High memory usage"
10003104,2026-08-28 01:17:31,ERROR,Database,"File not found"
10003105,2026-08-28 01:17:32,WARN,Payment,"Database unavailable"
10003106,2026-08-28 01:17:32,WARN,Database,"Server overloaded"
10003107,2026-08-28 01:17:35,INFO,Payment,"High memory usage"
10003108,2026-08-28 01:17:35,INFO,Database,"Invalid request"
10003109,2026-08-28 01:17:37,INFO,Storage,"High memory usage"
10003110,2026-08-28 01:17:38,DEBUG,Server,"Connection timeout"
10003111,2026-08-28 01:17:39,ERROR,Network,"Connection timeout"
10003112,2026-08-28 01:17:42,DEBUG,Authentication,"Request completed"
10003113,2026-08-28 01:17:44,INFO,Database,"Request completed"
10003114,2026-08-28 01:17:44,DEBUG,Storage,"Payment failed"
10003115,2026-08-28 01:17:46,DEBUG,Storage,"Connection refused"
10003116,2026-08-28 01:17:49,DEBUG,Payment,"Authentication failed"
10003117,2026-08-28 01:17:50,WARN,Network,"File not found"
10003118,2026-08-28 01:17:53,ERROR,Authentication,"High memory usage"
10003119,2026-08-28 01:17:56,WARN,Payment,"Connection refused"
10003120,2026-08-28 01:17:58,INFO,Storage,"Request completed"
10003121,2026-08-28 01:18:00,ERROR,Network,"File not found"
10003122,2026-08-28 01:18:01,INFO,Payment,"Server overloaded"
10003123,2026-08-28 01:18:04,DEBUG,Authentication,"Invalid request"
10003124,2026-08-28 01:18:07,INFO,Database,"File not found"
10003125,2026-08-28 01:18:07,DEBUG,Network,"Database unavailable"
10003126,2026-08-28 01:18:10,ERROR,Server,"Database unavailable"
10003127,2026-08-28 01:18:13,WARN,Network,"Connection refused"
10003128,2026-08-28 01:18:14,INFO,Database,"Request completed"
10003129,2026-08-28 01:18:17,ERROR,API,"Connection timeout"
10003130,2026-08-28 01:18:19,WARN,Server,"Payment failed"
10003131,2026-08-28 01:18:22,ERROR,Network,"Authentication failed"
10003132,2026-08-28 01:18:24,INFO,Server,"Invalid request"
10003133,2026-08-28 01:18:27,DEBUG,Database,"Connection refused"
10003134,2026-08-28 01:18:27,WARN,Server,"High memory usage"
10003135,2026-08-28 01:18:30,ERROR,Database,"Server overloaded"
10003136,2026-08-28 01:18:30,DEBUG,API,"Connection timeout"
10003137,2026-08-28 01:18:30,DEBUG,API,"File not found"
10003138,2026-08-28 01:18:33,INFO,Authentication,"Authentication failed"
10003139,2026-08-28 01:18:35,DEBUG,Server,"High memory usage"
10003140,2026-08-28 01:18:35,DEBUG,Network,"Database unavailable"
10003141,2026-08-28 01:18:38,DEBUG,API,"Connection refused"
10003142,2026-08-28 01:18:41,WARN,Server,"File not found"
10003143,2026-08-28 01:18:42,INFO,Database,"Invalid request"
10003144,2026-08-28 01:18:42,DEBUG,Network,"Connection refused"
10003145,2026-08-28 01:18:43,WARN,Server,"High memory usage"
10003146,2026-08-28 01:18:43,INFO,API,"Payment failed"
10003147,2026-08-28 01:18:45,ERROR,Payment,"Payment failed"
10003148,2026-08-28 01:18:47,DEBUG,Server,"Connection refused"
10003149,2026-08-28 01:18:49,DEBUG,Network,"Server overloaded"
10003150,2026-08-28 01:18:50,INFO,Payment,"Request completed"
10003151,2026-08-28 01:18:51,INFO,Server,"High memory usage"
10003152,2026-08-28 01:18:51,WARN,Authentication,"Payment failed"
10003153,2026-08-28 01:18:53,INFO,Network,"Authentication failed"
10003154,2026-08-28 01:18:53,INFO,Authentication,"Invalid request"
10003155,2026-08-28 01:18:54,DEBUG,Payment,"Server overloaded"
10003156,2026-08-28 01:18:55,DEBUG,Payment,"Connection refused"
10003157,2026-08-28 01:18:57,WARN,API,"Server overloaded"
10003158,2026-08-28 01:18:57,WARN,Authentication,"Server overloaded"
10003159,2026-08-28 01:18:57,WARN,Storage,"Database unavailable"
10003160,2026-08-28 01:18:58,ERROR,Network,"Request completed"
10003161,2026-08-28 01:18:58,DEBUG,Payment,"Request completed"
10003162,2026-08-28 01:19:00,DEBUG,Database,"File not found"
10003163,2026-08-28 01:19:02,INFO,Database,"Connection refused"
10003164,2026-08-28 01:19:03,INFO,API,"Connection refused"
10003165,2026-08-28 01:19:05,WARN,Network,"Server overloaded"
10003166,2026-08-28 01:19:06,ERROR,API,"File not found"
10003167,2026-08-28 01:19:08,DEBUG,Authentication,"Authentication failed"
10003168,2026-08-28 01:19:10,ERROR,Database,"Server overloaded"
10003169,2026-08-28 01:19:13,DEBUG,Database,"Authentication failed"
10003170,2026-08-28 01:19:16,ERROR,Server,"File not found"
10003171,2026-08-28 01:19:19,DEBUG,Authentication,"Database unavailable"
10003172,2026-08-28 01:19:22,DEBUG,Storage,"Invalid request"
10003173,2026-08-28 01:19:23,WARN,Network,"Database unavailable"
10003174,2026-08-28 01:19:26,ERROR,API,"Connection refused"
10003175,2026-08-28 01:19:27,ERROR,Authentication,"Server overloaded"
10003176,2026-08-28 01:19:29,ERROR,Server,"Invalid request"
10003177,2026-08-28 01:19:30,INFO,Authentication,"Request completed"
10003178,2026-08-28 01:19:32,WARN,Authentication,"Database unavailable"
10003179,2026-08-28 01:19:34,INFO,Storage,"Invalid request"
10003180,2026-08-28 01:19:36,ERROR,Server,"Connection timeout"
10003181,2026-08-28 01:19:39,WARN,Storage,"File not found"
10003182,2026-08-28 01:19:39,WARN,Authentication,"File not found"
10003183,2026-08-28 01:19:39,DEBUG,Network,"File not found"
10003184,2026-08-28 01:19:42,DEBUG,Database,"Connection timeout"
10003185,2026-08-28 01:19:42,WARN,API,"Database unavailable"
10003186,2026-08-28 01:19:45,ERROR,Authentication,"Connection refused"
10003187,2026-08-28 01:19:48,DEBUG,Server,"Server overloaded"
10003188,2026-08-28 01:19:48,WARN,Storage,"Request completed"
10003189,2026-08-28 01:19:50,ERROR,Network,"Connection timeout"
10003190,2026-08-28 01:19:53,INFO,Payment,"Payment failed"
10003191,2026-08-28 01:19:55,WARN,Network,"Database unavailable"
10003192,2026-08-28 01:19:55,INFO,Authentication,"Connection refused"
10003193,2026-08-28 01:19:57,DEBUG,Network,"Connection timeout"
10003194,2026-08-28 01:20:00,ERROR,Server,"Request completed"
10003195,2026-08-28 01:20:01,ERROR,Server,"Invalid request"
10003196,2026-08-28 01:20:04,WARN,Server,"Connection timeout"
10003197,2026-08-28 01:20:06,INFO,Network,"High memory usage"
10003198,2026-08-28 01:20:08,ERROR,Storage,"Connection refused"
10003199,2026-08-28 01:20:09,WARN,Database,"Authentication failed"
10003200,2026-08-28 01:20:12,INFO,Network,"Request completed"
10003201,2026-08-28 01:20:15,WARN,Authentication,"Connection timeout"
10003202,2026-08-28 01:20:15,INFO,Authentication,"Database unavailable"
10003203,2026-08-28 01:20:15,ERROR,API,"Authentication failed"
10003204,2026-08-28 01:20:18,ERROR,Authentication,"High memory usage"
10003205,2026-08-28 01:20:18,INFO,API,"Authentication failed"
10003206,2026-08-28 01:20:18,WARN,Network,"High memory usage"
10003207,2026-08-28 01:20:18,DEBUG,Database,"Server overloaded"
10003208,2026-08-28 01:20:19,DEBUG,Network,"High memory usage"
10003209,2026-08-28 01:20:21,INFO,Storage,"Connection timeout"
10003210,2026-08-28 01:20:21,INFO,Database,"File not found"
10003211,2026-08-28 01:20:23,DEBUG,Storage,"File not found"
10003212,2026-08-28 01:20:26,ERROR,Database,"Authentication failed"
10003213,2026-08-28 01:20:28,WARN,Storage,"Server overloaded"
10003214,2026-08-28 01:20:30,ERROR,Payment,"Payment failed"
10003215,2026-08-28 01:20:32,INFO,API,"Authentication failed"
10003216,2026-08-28 01:20:32,DEBUG,Authentication,"Server overloaded"
10003217,2026-08-28 01:20:34,ERROR,Storage,"File not found"
10003218,2026-08-28 01:20:35,ERROR,Network,"Connection refused"
10003219,2026-08-28 01:20:38,ERROR,API,"Request completed"
10003220,2026-08-28 01:20:38,DEBUG,Payment,"File not found"
10003221,2026-08-28 01:20:41,DEBUG,API,"Request completed"
10003222,2026-08-28 01:20:43,INFO,Authentication,"Payment failed"
10003223,2026-08-28 01:20:43,INFO,API,"Request completed"
10003224,2026-08-28 01:20:43,DEBUG,Server,"Connection refused"
10003225,2026-08-28 01:20:43,ERROR,Database,"Invalid request"
10003226,2026-08-28 01:20:43,DEBUG,Database,"Invalid request"
10003227,2026-08-28 01:20:46,INFO,Network,"Connection timeout"
10003228,2026-08-28 01:20:46,DEBUG,Network,"Invalid request"
10003229,2026-08-28 01:20:49,DEBUG,Database,"High memory usage"
10003230,2026-08-28 01:20:49,INFO,Database,"Connection timeout"
10003231,2026-08-28 01:20:49,DEBUG,Server,"Connection refused"
10003232,2026-08-28 01:20:49,WARN,Network,"High memory usage"
10003233,2026-08-28 01:20:52,DEBUG,Database,"Request completed"
10003234,2026-08-28 01:20:52,DEBUG,API,"Invalid request"
10003235,2026-08-28 01:20:54,ERROR,Payment,"Authentication failed"
10003236,2026-08-28 01:20:55,DEBUG,Payment,"Server overloaded"
10003237,2026-08-28 01:20:56,INFO,Payment,"File not found"
10003238,2026-08-28 01:20:56,DEBUG,Payment,"Connection refused"
10003239,2026-08-28 01:20:59,DEBUG,Database,"Server overloaded"
10003240,2026-08-28 01:21:01,DEBUG,Authentication,"Server overloaded"
10003241,2026-08-28 01:21:04,WARN,Storage,"Connection timeout"
10003242,2026-08-28 01:21:07,WARN,Storage,"Connection refused"
10003243,2026-08-28 01:21:10,WARN,Storage,"Database unavailable"
10003244,2026-08-28 01:21:13,WARN,Database,"High memory usage"
10003245,2026-08-28 01:21:14,ERROR,Authentication,"Connection refused"
10003246,2026-08-28 01:21:14,WARN,API,"Authentication failed"
10003247,2026-08-28 01:21:14,WARN,Server,"File not found"
10003248,2026-08-28 01:21:17,WARN,Network,"Authentication failed"
10003249,2026-08-28 01:21:20,INFO,Network,"File not found"
10003250,2026-08-28 01:21:22,INFO,Authentication,"Authentication failed"
10003251,2026-08-28 01:21:23,WARN,Storage,"Invalid request"
10003252,2026-08-28 01:21:24,INFO,API,"Server overloaded"
10003253,2026-08-28 01:21:26,DEBUG,Server,"Connection refused"
10003254,2026-08-28 01:21:28,INFO,API,"Server overloaded"
10003255,2026-08-28 01:21:28,WARN,Payment,"File not found"
10003256,2026-08-28 01:21:28,WARN,API,"Server overloaded"
10003257,2026-08-28 01:21:31,INFO,Storage,"High memory usage"
10003258,2026-08-28 01:21:31,INFO,API,"Server overloaded"
10003259,2026-08-28 01:21:31,WARN,API,"Payment failed"
10003260,2026-08-28 01:21:34,ERROR,Server,"High memory usage"
10003261,2026-08-28 01:21:36,WARN,Authentication,"Payment failed"
10003262,2026-08-28 01:21:37,ERROR,Storage,"High memory usage"
10003263,2026-08-28 01:21:39,ERROR,Server,"Server overloaded"
10003264,2026-08-28 01:21:40,INFO,Payment,"Invalid request"
10003265,2026-08-28 01:21:42,INFO,Server,"Connection refused"
10003266,2026-08-28 01:21:44,DEBUG,Storage,"Payment failed"
10003267,2026-08-28 01:21:46,WARN,Authentication,"Request completed"
10003268,2026-08-28 01:21:47,ERROR,Server,"Database unavailable"
10003269,2026-08-28 01:21:47,ERROR,Server,"Server overloaded"
10003270,2026-08-28 01:21:48,WARN,Network,"File not found"
10003271,2026-08-28 01:21:49,ERROR,Network,"High memory usage"
10003272,2026-08-28 01:21:51,DEBUG,Server,"Database unavailable"
10003273,2026-08-28 01:21:52,WARN,Database,"Invalid request"
10003274,2026-08-28 01:21:53,WARN,Storage,"Server overloaded"
10003275,2026-08-28 01:21:53,DEBUG,Server,"Authentication failed"
10003276,2026-08-28 01:21:54,WARN,Network,"Server overloaded"
10003277,2026-08-28 01:21:56,WARN,Payment,"Database unavailable"
10003278,2026-08-28 01:21:58,DEBUG,Server,"Connection refused"
10003279,2026-08-28 01:21:58,WARN,Server,"Authentication failed"
10003280,2026-08-28 01:22:01,ERROR,Storage,"Connection refused"
10003281,2026-08-28 01:22:04,DEBUG,Database,"Request completed"
10003282,2026-08-28 01:22:06,INFO,Storage,"Invalid request"
10003283,2026-08-28 01:22:08,WARN,Storage,"Request completed"
10003284,2026-08-28 01:22:10,DEBUG,Authentication,"File not found"
10003285,2026-08-28 01:22:10,ERROR,API,"Authentication failed"
10003286,2026-08-28 01:22:13,INFO,Network,"Payment failed"
10003287,2026-08-28 01:22:13,WARN,Storage,"File not found"
10003288,2026-08-28 01:22:15,WARN,Database,"Database unavailable"
10003289,2026-08-28 01:22:18,DEBUG,API,"High memory usage"
10003290,2026-08-28 01:22:19,INFO,API,"Payment failed"
10003291,2026-08-28 01:22:19,ERROR,Server,"Request completed"
10003292,2026-08-28 01:22:21,INFO,Payment,"Invalid request"
10003293,2026-08-28 01:22:23,WARN,Server,"File not found"
10003294,2026-08-28 01:22:24,DEBUG,Database,"Connection refused"
10003295,2026-08-28 01:22:24,WARN,Storage,"File not found"
10003296,2026-08-28 01:22:24,DEBUG,Storage,"Connection refused"
10003297,2026-08-28 01:22:26,WARN,Server,"Database unavailable"
10003298,2026-08-28 01:22:29,ERROR,Storage,"Connection refused"
10003299,2026-08-28 01:22:30,WARN,Payment,"Connection refused"
10003300,2026-08-28 01:22:33,ERROR,Payment,"Payment failed"
10003301,2026-08-28 01:22:35,INFO,Network,"File not found"
10003302,2026-08-28 01:22:35,DEBUG,Network,"Invalid request"
10003303,2026-08-28 01:22:38,INFO,Authentication,"Connection refused"
10003304,2026-08-28 01:22:38,ERROR,Network,"Invalid request"
10003305,2026-08-28 01:22:38,WARN,Storage,"Server overloaded"
10003306,2026-08-28 01:22:39,WARN,Storage,"File not found"
10003307,2026-08-28 01:22:40,DEBUG,API,"Connection refused"
10003308,2026-08-28 01:22:42,DEBUG,API,"Database unavailable"
10003309,2026-08-28 01:22:43,WARN,Server,"Database unavailable"
10003310,2026-08-28 01:22:43,WARN,Database,"High memory usage"
10003311,2026-08-28 01:22:44,ERROR,Authentication,"Payment failed"
10003312,2026-08-28 01:22:46,WARN,API,"File not found"
10003313,2026-08-28 01:22:46,ERROR,Server,"Database unavailable"
10003314,2026-08-28 01:22:46,WARN,Authentication,"Payment failed"
10003315,2026-08-28 01:22:48,WARN,Authentication,"Authentication failed"
10003316,2026-08-28 01:22:51,DEBUG,Network,"Connection timeout"
10003317,2026-08-28 01:22:53,INFO,Network,"Connection timeout"
10003318,2026-08-28 01:22:54,INFO,Payment,"Request completed"
10003319,2026-08-28 01:22:56,INFO,Server,"Database unavailable"
10003320,2026-08-28 01:22:56,WARN,Authentication,"Server overloaded"
10003321,2026-08-28 01:22:57,INFO,Server,"Connection refused"
10003322,2026-08-28 01:22:59,ERROR,Payment,"Server overloaded"
10003323,2026-08-28 01:23:01,DEBUG,Database,"Database unavailable"
10003324,2026-08-28 01:23:02,INFO,Authentication,"Request completed"
10003325,2026-08-28 01:23:05,INFO,Database,"Connection refused"
10003326,2026-08-28 01:23:06,INFO,Server,"Connection timeout"
10003327,2026-08-28 01:23:08,DEBUG,Authentication,"Connection timeout"
10003328,2026-08-28 01:23:08,DEBUG,Authentication,"High memory usage"
10003329,2026-08-28 01:23:09,DEBUG,Network,"Database unavailable"
10003330,2026-08-28 01:23:10,INFO,API,"Server overloaded"
10003331,2026-08-28 01:23:11,ERROR,API,"Connection timeout"
10003332,2026-08-28 01:23:14,INFO,Storage,"File not found"
10003333,2026-08-28 01:23:17,DEBUG,Server,"Connection refused"
10003334,2026-08-28 01:23:17,DEBUG,Payment,"Database unavailable"
10003335,2026-08-28 01:23:19,DEBUG,Database,"Payment failed"
10003336,2026-08-28 01:23:21,DEBUG,Server,"Payment failed"
10003337,2026-08-28 01:23:23,WARN,Network,"Connection timeout"
10003338,2026-08-28 01:23:26,ERROR,Database,"Payment failed"
10003339,2026-08-28 01:23:29,DEBUG,API,"Invalid request"
10003340,2026-08-28 01:23:30,ERROR,Database,"Payment failed"
10003341,2026-08-28 01:23:31,DEBUG,API,"Invalid request"
10003342,2026-08-28 01:23:31,DEBUG,Database,"Payment failed"
10003343,2026-08-28 01:23:31,INFO,Payment,"Authentication failed"
10003344,2026-08-28 01:23:33,DEBUG,Network,"Connection timeout"
10003345,2026-08-28 01:23:36,INFO,Storage,"Database unavailable"
10003346,2026-08-28 01:23:39,INFO,Server,"Connection refused"
10003347,2026-08-28 01:23:40,DEBUG,Storage,"Database unavailable"
10003348,2026-08-28 01:23:40,ERROR,Authentication,"High memory usage"
10003349,2026-08-28 01:23:41,WARN,Server,"Request completed"
10003350,2026-08-28 01:23:42,WARN,Payment,"Connection timeout"
10003351,2026-08-28 01:23:43,INFO,Database,"Authentication failed"
10003352,2026-08-28 01:23:44,ERROR,Network,"Database unavailable"
10003353,2026-08-28 01:23:45,INFO,API,"Request completed"
10003354,2026-08-28 01:23:48,ERROR,Payment,"File not found"
10003355,2026-08-28 01:23:51,DEBUG,Database,"High memory usage"
10003356,2026-08-28 01:23:53,ERROR,Network,"High memory usage"
10003357,2026-08-28 01:23:54,WARN,Network,"Invalid request"
10003358,2026-08-28 01:23:54,WARN,Network,"Connection timeout"
10003359,2026-08-28 01:23:57,INFO,Database,"Connection refused"
10003360,2026-08-28 01:24:00,INFO,Payment,"File not found"
10003361,2026-08-28 01:24:03,WARN,Network,"Authentication failed"
10003362,2026-08-28 01:24:03,ERROR,Payment,"Invalid request"
10003363,2026-08-28 01:24:03,WARN,Storage,"High memory usage"
10003364,2026-08-28 01:24:06,WARN,Storage,"Authentication failed"
10003365,2026-08-28 01:24:08,ERROR,Storage,"Database unavailable"
10003366,2026-08-28 01:24:08,ERROR,Database,"Connection refused"
10003367,2026-08-28 01:24:11,DEBUG,Database,"High memory usage"
10003368,2026-08-28 01:24:12,INFO,Server,"Invalid request"
10003369,2026-08-28 01:24:15,DEBUG,Database,"Request completed"
10003370,2026-08-28 01:24:17,ERROR,Authentication,"Request completed"
10003371,2026-08-28 01:24:20,ERROR,Database,"File not found"
10003372,2026-08-28 01:24:20,INFO,Database,"Server overloaded"
10003373,2026-08-28 01:24:20,DEBUG,Payment,"Connection refused"
10003374,2026-08-28 01:24:20,ERROR,Payment,"Connection timeout"
10003375,2026-08-28 01:24:20,ERROR,Network,"File not found"
10003376,2026-08-28 01:24:21,INFO,Database,"Authentication failed"
10003377,2026-08-28 01:24:22,ERROR,Storage,"High memory usage"
10003378,2026-08-28 01:24:24,WARN,Payment,"File not found"
10003379,2026-08-28 01:24:27,WARN,Authentication,"Database unavailable"
10003380,2026-08-28 01:24:28,INFO,Authentication,"Connection refused"
10003381,2026-08-28 01:24:28,DEBUG,API,"Invalid request"
10003382,2026-08-28 01:24:28,DEBUG,Network,"Invalid request"
10003383,2026-08-28 01:24:31,ERROR,API,"Payment failed"
10003384,2026-08-28 01:24:31,INFO,API,"High memory usage"
10003385,2026-08-28 01:24:31,ERROR,Database,"Server overloaded"
10003386,2026-08-28 01:24:31,DEBUG,Payment,"Server overloaded"
10003387,2026-08-28 01:24:31,INFO,Server,"Connection refused"
10003388,2026-08-28 01:24:31,WARN,Storage,"High memory usage"
10003389,2026-08-28 01:24:34,ERROR,Authentication,"Invalid request"
10003390,2026-08-28 01:24:37,INFO,Server,"Request completed"
10003391,2026-08-28 01:24:40,DEBUG,API,"Authentication failed"
10003392,2026-08-28 01:24:41,ERROR,Authentication,"File not found"
10003393,2026-08-28 01:24:44,DEBUG,Payment,"Database unavailable"
10003394,2026-08-28 01:24:45,INFO,Storage,"Database unavailable"
10003395,2026-08-28 01:24:48,WARN,Network,"Payment failed"
10003396,2026-08-28 01:24:50,WARN,Network,"Connection timeout"
10003397,2026-08-28 01:24:50,ERROR,Authentication,"High memory usage"
10003398,2026-08-28 01:24:51,DEBUG,Authentication,"Connection timeout"
10003399,2026-08-28 01:24:51,INFO,Database,"Server overloaded"
10003400,2026-08-28 01:24:52,WARN,API,"Payment failed"
10003401,2026-08-28 01:24:54,ERROR,API,"Payment failed"
10003402,2026-08-28 01:24:57,ERROR,Server,"Request completed"
10003403,2026-08-28 01:24:57,INFO,Database,"File not found"
10003404,2026-08-28 01:24:57,INFO,Network,"Payment failed"
10003405,2026-08-28 01:24:58,INFO,Database,"Connection timeout"
10003406,2026-08-28 01:24:58,WARN,Network,"Request completed"
10003407,2026-08-28 01:25:01,ERROR,Payment,"Database unavailable"
10003408,2026-08-28 01:25:03,INFO,Network,"Connection refused"
10003409,2026-08-28 01:25:04,ERROR,Network,"Payment failed"
10003410,2026-08-28 01:25:04,INFO,Server,"Payment failed"
10003411,2026-08-28 01:25:04,WARN,Database,"Database unavailable"
10003412,2026-08-28 01:25:07,WARN,Server,"Request completed"
10003413,2026-08-28 01:25:09,DEBUG,Database,"Connection timeout"
10003414,2026-08-28 01:25:09,DEBUG,Database,"Authentication failed"
10003415,2026-08-28 01:25:10,INFO,API,"Authentication failed"
10003416,2026-08-28 01:25:10,INFO,API,"File not found"
10003417,2026-08-28 01:25:10,ERROR,Server,"Server overloaded"
10003418,2026-08-28 01:25:11,WARN,Payment,"High memory usage"
10003419,2026-08-28 01:25:13,INFO,API,"Connection timeout"
10003420,2026-08-28 01:25:16,INFO,API,"Connection refused"
10003421,2026-08-28 01:25:18,ERROR,API,"Connection timeout"
10003422,2026-08-28 01:25:21,WARN,Storage,"Payment failed"
10003423,2026-08-28 01:25:22,DEBUG,Authentication,"Authentication failed"
10003424,2026-08-28 01:25:24,DEBUG,Database,"File not found"
10003425,2026-08-28 01:25:25,INFO,Storage,"Payment failed"
10003426,2026-08-28 01:25:26,INFO,Network,"File not found"
10003427,2026-08-28 01:25:27,DEBUG,Payment,"Connection timeout"
10003428,2026-08-28 01:25:27,INFO,API,"Authentication failed"
10003429,2026-08-28 01:25:28,ERROR,Database,"Connection refused"
10003430,2026-08-28 01:25:30,INFO,Authentication,"Connection refused"
10003431,2026-08-28 01:25:32,ERROR,Database,"Payment failed"
10003432,2026-08-28 01:25:33,WARN,Database,"Request completed"
10003433,2026-08-28 01:25:35,WARN,Storage,"Request completed"
10003434,2026-08-28 01:25:35,ERROR,Payment,"File not found"
10003435,2026-08-28 01:25:36,WARN,Network,"File not found"
10003436,2026-08-28 01:25:37,WARN,Payment,"Request completed"
10003437,2026-08-28 01:25:39,WARN,Payment,"Authentication failed"
10003438,2026-08-28 01:25:40,INFO,Payment,"Server overloaded"
10003439,2026-08-28 01:25:41,INFO,Database,"Connection timeout"
10003440,2026-08-28 01:25:44,ERROR,Authentication,"File not found"
10003441,2026-08-28 01:25:44,INFO,API,"File not found"
10003442,2026-08-28 01:25:46,ERROR,Database,"Invalid request"
10003443,2026-08-28 01:25:46,DEBUG,Authentication,"Authentication failed"
10003444,2026-08-28 01:25:47,ERROR,Payment,"High memory usage"
10003445,2026-08-28 01:25:50,WARN,Database,"File not found"
10003446,2026-08-28 01:25:50,ERROR,Server,"Invalid request"
10003447,2026-08-28 01:25:51,WARN,API,"Connection timeout"
10003448,2026-08-28 01:25:54,ERROR,Server,"Payment failed"
10003449,2026-08-28 01:25:56,INFO,Authentication,"File not found"
10003450,2026-08-28 01:25:59,WARN,Payment,"Authentication failed"
10003451,2026-08-28 01:26:01,WARN,Server,"File not found"
10003452,2026-08-28 01:26:02,ERROR,Server,"Request completed"
10003453,2026-08-28 01:26:02,WARN,Database,"Request completed"
10003454,2026-08-28 01:26:05,INFO,Payment,"Request completed"
10003455,2026-08-28 01:26:07,INFO,Network,"File not found"
10003456,2026-08-28 01:26:10,INFO,Authentication,"High memory usage"
10003457,2026-08-28 01:26:12,DEBUG,Payment,"Payment failed"
10003458,2026-08-28 01:26:12,ERROR,Authentication,"High memory usage"
10003459,2026-08-28 01:26:12,INFO,Storage,"Invalid request"
10003460,2026-08-28 01:26:13,DEBUG,Storage,"Server overloaded"
10003461,2026-08-28 01:26:15,DEBUG,Storage,"Authentication failed"
10003462,2026-08-28 01:26:18,INFO,Storage,"Database unavailable"
10003463,2026-08-28 01:26:21,ERROR,Authentication,"High memory usage"
10003464,2026-08-28 01:26:23,INFO,Storage,"File not found"
10003465,2026-08-28 01:26:23,ERROR,API,"Authentication failed"
10003466,2026-08-28 01:26:25,INFO,Network,"Connection timeout"
10003467,2026-08-28 01:26:26,ERROR,Network,"High memory usage"
10003468,2026-08-28 01:26:27,WARN,Server,"Authentication failed"
10003469,2026-08-28 01:26:27,DEBUG,Database,"Database unavailable"
10003470,2026-08-28 01:26:29,WARN,Payment,"Server overloaded"
10003471,2026-08-28 01:26:29,WARN,Storage,"Invalid request"
10003472,2026-08-28 01:26:30,ERROR,Database,"Request completed"
10003473,2026-08-28 01:26:30,INFO,Database,"Invalid request"
10003474,2026-08-28 01:26:31,ERROR,Payment,"Invalid request"
10003475,2026-08-28 01:26:31,ERROR,API,"High memory usage"
10003476,2026-08-28 01:26:34,WARN,Network,"High memory usage"
10003477,2026-08-28 01:26:35,ERROR,Server,"Connection timeout"
10003478,2026-08-28 01:26:36,INFO,Network,"Connection refused"
10003479,2026-08-28 01:26:37,DEBUG,Database,"Database unavailable"
10003480,2026-08-28 01:26:37,WARN,Storage,"File not found"
10003481,2026-08-28 01:26:39,INFO,Network,"Invalid request"
10003482,2026-08-28 01:26:40,INFO,Network,"Server overloaded"
10003483,2026-08-28 01:26:42,WARN,Storage,"Connection timeout"
10003484,2026-08-28 01:26:45,DEBUG,API,"Payment failed"
10003485,2026-08-28 01:26:46,INFO,Server,"High memory usage"
10003486,2026-08-28 01:26:46,ERROR,Server,"Connection timeout"
10003487,2026-08-28 01:26:49,WARN,Database,"Connection refused"
10003488,2026-08-28 01:26:49,ERROR,API,"Authentication failed"
10003489,2026-08-28 01:26:50,INFO,Payment,"High memory usage"
10003490,2026-08-28 01:26:53,ERROR,Storage,"Request completed"
10003491,2026-08-28 01:26:54,DEBUG,API,"Authentication failed"
10003492,2026-08-28 01:26:57,INFO,Authentication,"Database unavailable"
10003493,2026-08-28 01:27:00,DEBUG,Server,"Invalid request"
10003494,2026-08-28 01:27:02,DEBUG,Database,"Database unavailable"
10003495,2026-08-28 01:27:05,DEBUG,Server,"Connection refused"
10003496,2026-08-28 01:27:05,INFO,Storage,"Database unavailable"
10003497,2026-08-28 01:27:08,ERROR,Storage,"File not found"
10003498,2026-08-28 01:27:10,ERROR,Authentication,"Payment failed"
10003499,2026-08-28 01:27:11,WARN,Payment,"Request completed"
10003500,2026-08-28 01:27:13,DEBUG,Payment,"Database unavailable"
10003501,2026-08-28 01:27:13,DEBUG,API,"Server overloaded"
10003502,2026-08-28 01:27:13,ERROR,Storage,"Database unavailable"
10003503,2026-08-28 01:27:13,WARN,Storage,"Connection refused"
10003504,2026-08-28 01:27:15,ERROR,Storage,"High memory usage"
10003505,2026-08-28 01:27:15,DEBUG,Server,"High memory usage"
10003506,2026-08-28 01:27:18,ERROR,Database,"High memory usage"
10003507,2026-08-28 01:27:20,WARN,API,"Database unavailable"
10003508,2026-08-28 01:27:22,DEBUG,API,"Payment failed"
10003509,2026-08-28 01:27:24,ERROR,Network,"Connection refused"
10003510,2026-08-28 01:27:26,DEBUG,Authentication,"Authentication failed"
10003511,2026-08-28 01:27:29,DEBUG,Database,"High memory usage"
10003512,2026-08-28 01:27:32,INFO,Payment,"File not found"
10003513,2026-08-28 01:27:34,INFO,Authentication,"Database unavailable"
10003514,2026-08-28 01:27:37,WARN,API,"Request completed"
10003515,2026-08-28 01:27:37,ERROR,Network,"Server overloaded"
10003516,2026-08-28 01:27:39,ERROR,Authentication,"Invalid request"
10003517,2026-08-28 01:27:39,DEBUG,Server,"Authentication failed"
10003518,2026-08-28 01:27:41,WARN,Server,"Request completed"
10003519,2026-08-28 01:27:43,WARN,Network,"Request completed"
10003520,2026-08-28 01:27:43,WARN,Payment,"Database unavailable"
10003521,2026-08-28 01:27:46,ERROR,Server,"High memory usage"
10003522,2026-08-28 01:27:46,INFO,Server,"Connection timeout"
10003523,2026-08-28 01:27:49,INFO,Database,"Request completed"
10003524,2026-08-28 01:27:52,WARN,Network,"Server overloaded"
10003525,2026-08-28 01:27:55,INFO,Payment,"Database unavailable"
10003526,2026-08-28 01:27:57,DEBUG,Database,"Server overloaded"
10003527,2026-08-28 01:27:59,ERROR,Database,"Request completed"
10003528,2026-08-28 01:28:01,ERROR,Network,"Connection timeout"
10003529,2026-08-28 01:28:01,INFO,Server,"Payment failed"
10003530,2026-08-28 01:28:01,WARN,Database,"Connection refused"
10003531,2026-08-28 01:28:02,DEBUG,Authentication,"Connection timeout"
10003532,2026-08-28 01:28:04,INFO,Network,"Server overloaded"
10003533,2026-08-28 01:28:07,ERROR,Network,"Invalid request"
10003534,2026-08-28 01:28:10,ERROR,Payment,"File not found"
10003535,2026-08-28 01:28:10,ERROR,Storage,"File not found"
10003536,2026-08-28 01:28:12,WARN,Payment,"Connection refused"
10003537,2026-08-28 01:28:14,DEBUG,Storage,"Connection timeout"
10003538,2026-08-28 01:28:14,INFO,Payment,"Payment failed"
10003539,2026-08-28 01:28:15,ERROR,Network,"Invalid request"
10003540,2026-08-28 01:28:15,WARN,Storage,"Invalid request"
10003541,2026-08-28 01:28:18,DEBUG,Authentication,"Request completed"
10003542,2026-08-28 01:28:18,INFO,Payment,"Payment failed"
10003543,2026-08-28 01:28:19,DEBUG,Storage,"High memory usage"
10003544,2026-08-28 01:28:20,WARN,Network,"Connection timeout"
10003545,2026-08-28 01:28:23,ERROR,API,"Database unavailable"
10003546,2026-08-28 01:28:24,INFO,Authentication,"Payment failed"
10003547,2026-08-28 01:28:24,ERROR,Server,"Invalid request"
10003548,2026-08-28 01:28:26,WARN,Network,"Database unavailable"
10003549,2026-08-28 01:28:27,DEBUG,Payment,"Payment failed"
10003550,2026-08-28 01:28:30,WARN,API,"Server overloaded"
10003551,2026-08-28 01:28:31,ERROR,Authentication,"Request completed"
10003552,2026-08-28 01:28:34,INFO,Payment,"Database unavailable"
10003553,2026-08-28 01:28:36,DEBUG,Storage,"Server overloaded"
10003554,2026-08-28 01:28:36,WARN,Authentication,"High memory usage"
10003555,2026-08-28 01:28:38,WARN,Database,"Database unavailable"
10003556,2026-08-28 01:28:40,ERROR,Server,"File not found"
10003557,2026-08-28 01:28:41,ERROR,Storage,"Connection timeout"
10003558,2026-08-28 01:28:42,DEBUG,API,"Database unavailable"
10003559,2026-08-28 01:28:45,ERROR,Authentication,"Connection refused"
10003560,2026-08-28 01:28:46,DEBUG,API,"File not found"
10003561,2026-08-28 01:28:46,WARN,Payment,"Connection timeout"
10003562,2026-08-28 01:28:47,DEBUG,Payment,"Database unavailable"
10003563,2026-08-28 01:28:47,ERROR,Payment,"File not found"
10003564,2026-08-28 01:28:49,INFO,API,"Database unavailable"
10003565,2026-08-28 01:28:51,ERROR,Network,"Invalid request"
10003566,2026-08-28 01:28:52,ERROR,Storage,"Server overloaded"
10003567,2026-08-28 01:28:54,DEBUG,Database,"Connection refused"
10003568,2026-08-28 01:28:54,INFO,Storage,"Payment failed"
10003569,2026-08-28 01:28:57,INFO,API,"Server overloaded"
10003570,2026-08-28 01:28:59,INFO,Database,"Request completed"
10003571,2026-08-28 01:29:01,ERROR,Storage,"Payment failed"
10003572,2026-08-28 01:29:02,DEBUG,Network,"Request completed"
10003573,2026-08-28 01:29:05,INFO,Database,"Invalid request"
10003574,2026-08-28 01:29:05,WARN,Database,"Connection timeout"
10003575,2026-08-28 01:29:07,WARN,Network,"Server overloaded"
10003576,2026-08-28 01:29:07,WARN,Network,"Invalid request"
10003577,2026-08-28 01:29:10,DEBUG,Payment,"Database unavailable"
10003578,2026-08-28 01:29:11,DEBUG,API,"Connection refused"
10003579,2026-08-28 01:29:14,DEBUG,Database,"File not found"
10003580,2026-08-28 01:29:14,WARN,Network,"Request completed"
10003581,2026-08-28 01:29:16,WARN,Network,"Authentication failed"
10003582,2026-08-28 01:29:17,DEBUG,Authentication,"High memory usage"
10003583,2026-08-28 01:29:18,DEBUG,Payment,"Server overloaded"
10003584,2026-08-28 01:29:20,WARN,API,"Server overloaded"
10003585,2026-08-28 01:29:22,DEBUG,Storage,"Request completed"
10003586,2026-08-28 01:29:23,ERROR,API,"Request completed"
10003587,2026-08-28 01:29:25,INFO,Payment,"Connection timeout"
10003588,2026-08-28 01:29:28,DEBUG,Authentication,"Request completed"
10003589,2026-08-28 01:29:31,ERROR,Payment,"Invalid request"
10003590,2026-08-28 01:29:34,INFO,Authentication,"Server overloaded"
10003591,2026-08-28 01:29:34,INFO,API,"Payment failed"
10003592,2026-08-28 01:29:34,WARN,Database,"File not found"
10003593,2026-08-28 01:29:36,DEBUG,Network,"Server overloaded"
10003594,2026-08-28 01:29:36,INFO,Authentication,"Connection timeout"
10003595,2026-08-28 01:29:38,DEBUG,Payment,"Payment failed"
10003596,2026-08-28 01:29:39,ERROR,API,"High memory usage"
10003597,2026-08-28 01:29:42,INFO,Network,"File not found"
10003598,2026-08-28 01:29:44,DEBUG,Storage,"Connection timeout"
10003599,2026-08-28 01:29:45,DEBUG,Payment,"Server overloaded"
10003600,2026-08-28 01:29:45,INFO,Database,"Server overloaded"
10003601,2026-08-28 01:29:46,INFO,Storage,"Request completed"
10003602,2026-08-28 01:29:46,WARN,Payment,"Database unavailable"
10003603,2026-08-28 01:29:49,INFO,Payment,"Database unavailable"
10003604,2026-08-28 01:29:51,INFO,Database,"Authentication failed"
10003605,2026-08-28 01:29:51,WARN,Storage,"Connection timeout"
10003606,2026-08-28 01:29:52,ERROR,API,"Authentication failed"
10003607,2026-08-28 01:29:53,INFO,Payment,"Database unavailable"
10003608,2026-08-28 01:29:53,INFO,API,"Invalid request"
10003609,2026-08-28 01:29:53,INFO,Server,"Request completed"
10003610,2026-08-28 01:29:55,ERROR,Database,"File not found"
10003611,2026-08-28 01:29:58,DEBUG,API,"Connection timeout"
10003612,2026-08-28 01:30:00,DEBUG,Storage,"High memory usage"
10003613,2026-08-28 01:30:02,WARN,API,"Server overloaded"
10003614,2026-08-28 01:30:03,INFO,Storage,"Invalid request"
10003615,2026-08-28 01:30:05,WARN,API,"Connection timeout"
10003616,2026-08-28 01:30:05,WARN,Storage,"Database unavailable"
10003617,2026-08-28 01:30:06,DEBUG,Database,"Connection refused"
10003618,2026-08-28 01:30:09,ERROR,Authentication,"Payment failed"
10003619,2026-08-28 01:30:10,INFO,Network,"Connection refused"
10003620,2026-08-28 01:30:10,INFO,Storage,"Connection refused"
10003621,2026-08-28 01:30:11,ERROR,Authentication,"File not found"
10003622,2026-08-28 01:30:12,WARN,API,"Database unavailable"
10003623,2026-08-28 01:30:13,ERROR,Payment,"Connection timeout"
10003624,2026-08-28 01:30:16,WARN,Database,"Connection refused"
10003625,2026-08-28 01:30:19,ERROR,Storage,"File not found"
10003626,2026-08-28 01:30:20,DEBUG,Storage,"Payment failed"
10003627,2026-08-28 01:30:21,WARN,Server,"Request completed"
10003628,2026-08-28 01:30:22,ERROR,Authentication,"Server overloaded"
10003629,2026-08-28 01:30:22,WARN,Database,"Payment failed"
10003630,2026-08-28 01:30:25,WARN,Storage,"Connection refused"
10003631,2026-08-28 01:30:26,DEBUG,Storage,"Connection timeout"
10003632,2026-08-28 01:30:28,DEBUG,API,"Database unavailable"
10003633,2026-08-28 01:30:28,ERROR,Database,"File not found"
10003634,2026-08-28 01:30:30,INFO,Database,"Connection refused"
10003635,2026-08-28 01:30:30,DEBUG,Network,"Request completed"
10003636,2026-08-28 01:30:30,WARN,Authentication,"File not found"
10003637,2026-08-28 01:30:33,INFO,API,"Request completed"
10003638,2026-08-28 01:30:33,WARN,Network,"Connection refused"
10003639,2026-08-28 01:30:33,DEBUG,Server,"Authentication failed"
10003640,2026-08-28 01:30:34,ERROR,Network,"Payment failed"
10003641,2026-08-28 01:30:36,INFO,Database,"Request completed"
10003642,2026-08-28 01:30:37,INFO,Payment,"Invalid request"
10003643,2026-08-28 01:30:38,DEBUG,API,"Connection refused"
10003644,2026-08-28 01:30:39,INFO,Authentication,"Server overloaded"
10003645,2026-08-28 01:30:39,WARN,API,"Connection timeout"
10003646,2026-08-28 01:30:41,INFO,Authentication,"High memory usage"
10003647,2026-08-28 01:30:43,WARN,Network,"Connection timeout"
10003648,2026-08-28 01:30:46,WARN,Storage,"Authentication failed"
10003649,2026-08-28 01:30:47,WARN,Storage,"Connection timeout"
10003650,2026-08-28 01:30:47,ERROR,Storage,"Connection refused"
10003651,2026-08-28 01:30:50,DEBUG,API,"Database unavailable"
10003652,2026-08-28 01:30:51,ERROR,Database,"Database unavailable"
10003653,2026-08-28 01:30:52,WARN,Storage,"File not found"
10003654,2026-08-28 01:30:52,DEBUG,Network,"Connection refused"
10003655,2026-08-28 01:30:55,DEBUG,Database,"Request completed"
10003656,2026-08-28 01:30:56,INFO,Server,"Connection timeout"
10003657,2026-08-28 01:30:58,INFO,Network,"Invalid request"
10003658,2026-08-28 01:31:00,WARN,Authentication,"Authentication failed"
10003659,2026-08-28 01:31:02,WARN,Database,"High memory usage"
10003660,2026-08-28 01:31:05,DEBUG,Server,"Database unavailable"
10003661,2026-08-28 01:31:07,WARN,Payment,"Invalid request"
10003662,2026-08-28 01:31:07,INFO,API,"Database unavailable"
10003663,2026-08-28 01:31:10,WARN,Payment,"Payment failed"
10003664,2026-08-28 01:31:13,ERROR,API,"Connection timeout"
10003665,2026-08-28 01:31:13,WARN,Storage,"File not found"
10003666,2026-08-28 01:31:16,DEBUG,API,"File not found"
10003667,2026-08-28 01:31:18,WARN,Network,"Payment failed"
10003668,2026-08-28 01:31:21,ERROR,Authentication,"Connection refused"
10003669,2026-08-28 01:31:24,ERROR,Network,"Server overloaded"
10003670,2026-08-28 01:31:24,DEBUG,Storage,"Authentication failed"
10003671,2026-08-28 01:31:25,ERROR,API,"Server overloaded"
10003672,2026-08-28 01:31:27,ERROR,Network,"High memory usage"
10003673,2026-08-28 01:31:29,ERROR,Storage,"Server overloaded"
10003674,2026-08-28 01:31:32,INFO,API,"Authentication failed"
10003675,2026-08-28 01:31:34,WARN,Database,"Connection timeout"
10003676,2026-08-28 01:31:34,WARN,Authentication,"Payment failed"
10003677,2026-08-28 01:31:36,WARN,Payment,"Payment failed"
10003678,2026-08-28 01:31:38,WARN,Server,"Authentication failed"
10003679,2026-08-28 01:31:38,ERROR,Storage,"High memory usage"
10003680,2026-08-28 01:31:38,WARN,Storage,"Authentication failed"
10003681,2026-08-28 01:31:41,WARN,Server,"Connection timeout"
10003682,2026-08-28 01:31:43,DEBUG,Authentication,"Connection timeout"
10003683,2026-08-28 01:31:46,INFO,Payment,"Connection timeout"
10003684,2026-08-28 01:31:48,INFO,Storage,"Payment failed"
10003685,2026-08-28 01:31:48,DEBUG,Server,"High memory usage"
10003686,2026-08-28 01:31:51,DEBUG,Authentication,"Payment failed"
10003687,2026-08-28 01:31:51,WARN,Storage,"File not found"
10003688,2026-08-28 01:31:54,INFO,Database,"Server overloaded"
10003689,2026-08-28 01:31:56,WARN,Payment,"Request completed"
10003690,2026-08-28 01:31:59,WARN,Database,"Server overloaded"
10003691,2026-08-28 01:32:01,WARN,Authentication,"Server overloaded"
10003692,2026-08-28 01:32:03,INFO,Authentication,"Server overloaded"
10003693,2026-08-28 01:32:05,INFO,Server,"High memory usage"
10003694,2026-08-28 01:32:06,INFO,API,"Database unavailable"
10003695,2026-08-28 01:32:07,WARN,Network,"Server overloaded"
10003696,2026-08-28 01:32:07,INFO,Server,"High memory usage"
10003697,2026-08-28 01:32:10,DEBUG,Network,"High memory usage"
10003698,2026-08-28 01:32:11,DEBUG,Network,"Server overloaded"
10003699,2026-08-28 01:32:12,INFO,Storage,"Invalid request"
10003700,2026-08-28 01:32:12,DEBUG,Network,"File not found"
10003701,2026-08-28 01:32:12,WARN,Database,"Invalid request"
10003702,2026-08-28 01:32:15,INFO,Server,"Connection refused"
10003703,2026-08-28 01:32:16,INFO,Server,"Invalid request"
10003704,2026-08-28 01:32:18,WARN,Server,"File not found"
10003705,2026-08-28 01:32:19,DEBUG,Payment,"Request completed"
10003706,2026-08-28 01:32:22,WARN,API,"Invalid request"
10003707,2026-08-28 01:32:22,DEBUG,API,"Payment failed"
10003708,2026-08-28 01:32:24,WARN,Storage,"Connection refused"
10003709,2026-08-28 01:32:26,DEBUG,Payment,"Request completed"
10003710,2026-08-28 01:32:26,DEBUG,API,"Database unavailable"
10003711,2026-08-28 01:32:29,INFO,API,"Connection timeout"
10003712,2026-08-28 01:32:30,ERROR,Database,"Invalid request"
10003713,2026-08-28 01:32:31,ERROR,Payment,"Authentication failed"
10003714,2026-08-28 01:32:34,WARN,Server,"Connection timeout"
10003715,2026-08-28 01:32:35,INFO,Authentication,"High memory usage"
10003716,2026-08-28 01:32:36,WARN,Storage,"Payment failed"
10003717,2026-08-28 01:32:36,ERROR,Database,"File not found"
10003718,2026-08-28 01:32:38,WARN,API,"File not found"
10003719,2026-08-28 01:32:38,WARN,Database,"Request completed"
10003720,2026-08-28 01:32:38,DEBUG,Server,"Authentication failed"
10003721,2026-08-28 01:32:40,WARN,Database,"Request completed"
10003722,2026-08-28 01:32:40,WARN,Database,"Invalid request"
10003723,2026-08-28 01:32:40,WARN,Payment,"File not found"
10003724,2026-08-28 01:32:40,WARN,Server,"Authentication failed"
10003725,2026-08-28 01:32:43,INFO,Storage,"Invalid request"
10003726,2026-08-28 01:32:44,ERROR,Authentication,"Payment failed"
10003727,2026-08-28 01:32:44,DEBUG,Database,"Payment failed"
10003728,2026-08-28 01:32:47,INFO,Network,"Database unavailable"
10003729,2026-08-28 01:32:49,ERROR,API,"Connection timeout"
10003730,2026-08-28 01:32:50,WARN,Authentication,"Request completed"
10003731,2026-08-28 01:32:53,INFO,Authentication,"High memory usage"
10003732,2026-08-28 01:32:55,DEBUG,Authentication,"Server overloaded"
10003733,2026-08-28 01:32:58,WARN,Storage,"Payment failed"
10003734,2026-08-28 01:33:00,DEBUG,Database,"Invalid request"
10003735,2026-08-28 01:33:01,WARN,Authentication,"Server overloaded"
10003736,2026-08-28 01:33:02,DEBUG,Payment,"High memory usage"
10003737,2026-08-28 01:33:02,ERROR,Database,"Database unavailable"
10003738,2026-08-28 01:33:04,DEBUG,Server,"Invalid request"
10003739,2026-08-28 01:33:06,ERROR,Network,"High memory usage"
10003740,2026-08-28 01:33:08,WARN,Authentication,"Database unavailable"
10003741,2026-08-28 01:33:09,WARN,Database,"Authentication failed"
10003742,2026-08-28 01:33:09,WARN,Authentication,"Connection refused"
10003743,2026-08-28 01:33:11,INFO,Authentication,"Server overloaded"
10003744,2026-08-28 01:33:12,WARN,Authentication,"File not found"
10003745,2026-08-28 01:33:12,INFO,Authentication,"Server overloaded"
10003746,2026-08-28 01:33:13,DEBUG,Authentication,"File not found"
10003747,2026-08-28 01:33:13,ERROR,Database,"Payment failed"
10003748,2026-08-28 01:33:13,WARN,Payment,"Request completed"
10003749,2026-08-28 01:33:14,INFO,Database,"High memory usage"
10003750,2026-08-28 01:33:16,DEBUG,Database,"Invalid request"
10003751,2026-08-28 01:33:18,DEBUG,Payment,"File not found"
10003752,2026-08-28 01:33:21,ERROR,Server,"Invalid request"
10003753,2026-08-28 01:33:24,DEBUG,Authentication,"Connection timeout"
10003754,2026-08-28 01:33:25,ERROR,API,"Authentication failed"
10003755,2026-08-28 01:33:25,WARN,Authentication,"High memory usage"
10003756,2026-08-28 01:33:25,DEBUG,API,"Payment failed"
10003757,2026-08-28 01:33:28,WARN,Network,"File not found"
10003758,2026-08-28 01:33:29,ERROR,Storage,"Connection timeout"
10003759,2026-08-28 01:33:31,INFO,Payment,"Invalid request"
10003760,2026-08-28 01:33:33,ERROR,Storage,"Invalid request"
10003761,2026-08-28 01:33:34,INFO,API,"Connection timeout"
10003762,2026-08-28 01:33:35,WARN,Network,"Database unavailable"
10003763,2026-08-28 01:33:37,INFO,Network,"Authentication failed"
10003764,2026-08-28 01:33:39,DEBUG,API,"Server overloaded"
10003765,2026-08-28 01:33:40,ERROR,Network,"Connection timeout"
10003766,2026-08-28 01:33:41,INFO,Authentication,"Server overloaded"
10003767,2026-08-28 01:33:43,DEBUG,Network,"Connection timeout"
10003768,2026-08-28 01:33:43,ERROR,Database,"Connection refused"
10003769,2026-08-28 01:33:44,INFO,API,"Database unavailable"
10003770,2026-08-28 01:33:44,INFO,Server,"High memory usage"
10003771,2026-08-28 01:33:45,WARN,Storage,"Invalid request"
10003772,2026-08-28 01:33:47,DEBUG,Server,"Connection timeout"
10003773,2026-08-28 01:33:48,ERROR,API,"Request completed"
10003774,2026-08-28 01:33:50,INFO,Network,"Payment failed"
10003775,2026-08-28 01:33:52,DEBUG,Storage,"Connection timeout"
10003776,2026-08-28 01:33:52,INFO,Payment,"File not found"
10003777,2026-08-28 01:33:52,INFO,Authentication,"Server overloaded"
10003778,2026-08-28 01:33:53,DEBUG,Storage,"Authentication failed"
10003779,2026-08-28 01:33:56,ERROR,Authentication,"Database unavailable"
10003780,2026-08-28 01:33:57,WARN,Network,"Invalid request"
10003781,2026-08-28 01:33:57,ERROR,Storage,"Connection refused"
10003782,2026-08-28 01:33:58,DEBUG,Database,"High memory usage"
10003783,2026-08-28 01:34:00,DEBUG,Authentication,"Invalid request"
10003784,2026-08-28 01:34:03,DEBUG,Payment,"Request completed"
10003785,2026-08-28 01:34:04,ERROR,Authentication,"Payment failed"
10003786,2026-08-28 01:34:06,DEBUG,Authentication,"Connection timeout"
10003787,2026-08-28 01:34:08,ERROR,API,"Invalid request"
10003788,2026-08-28 01:34:09,WARN,Payment,"Connection timeout"
10003789,2026-08-28 01:34:12,INFO,Storage,"Server overloaded"
10003790,2026-08-28 01:34:12,ERROR,Authentication,"Invalid request"
10003791,2026-08-28 01:34:15,ERROR,Database,"Authentication failed"
10003792,2026-08-28 01:34:18,ERROR,Storage,"Connection timeout"
10003793,2026-08-28 01:34:21,WARN,Storage,"Invalid request"
10003794,2026-08-28 01:34:21,ERROR,Database,"Server overloaded"
10003795,2026-08-28 01:34:22,DEBUG,Database,"Payment failed"
10003796,2026-08-28 01:34:25,WARN,Authentication,"Authentication failed"
10003797,2026-08-28 01:34:25,WARN,Database,"Payment failed"
10003798,2026-08-28 01:34:25,DEBUG,Database,"Invalid request"
10003799,2026-08-28 01:34:26,ERROR,API,"Server overloaded"
10003800,2026-08-28 01:34:29,INFO,Authentication,"Request completed"
10003801,2026-08-28 01:34:32,ERROR,Database,"Connection refused"
10003802,2026-08-28 01:34:32,ERROR,Authentication,"Connection timeout"
10003803,2026-08-28 01:34:33,ERROR,Server,"Authentication failed"
10003804,2026-08-28 01:34:35,WARN,Payment,"Invalid request"
10003805,2026-08-28 01:34:37,ERROR,Server,"Invalid request"
10003806,2026-08-28 01:34:39,WARN,Network,"Invalid request"
10003807,2026-08-28 01:34:40,WARN,Storage,"High memory usage"
10003808,2026-08-28 01:34:42,WARN,Database,"Server overloaded"
10003809,2026-08-28 01:34:42,INFO,API,"Connection refused"
10003810,2026-08-28 01:34:42,INFO,Storage,"Connection timeout"
10003811,2026-08-28 01:34:43,DEBUG,Authentication,"Payment failed"
10003812,2026-08-28 01:34:46,WARN,Payment,"Connection refused"
10003813,2026-08-28 01:34:49,WARN,Authentication,"Payment failed"
10003814,2026-08-28 01:34:51,WARN,Authentication,"Database unavailable"
10003815,2026-08-28 01:34:51,DEBUG,Server,"Connection timeout"
10003816,2026-08-28 01:34:52,ERROR,Server,"Payment failed"
10003817,2026-08-28 01:34:52,INFO,Network,"Request completed"
10003818,2026-08-28 01:34:55,INFO,Server,"Request completed"
10003819,2026-08-28 01:34:57,DEBUG,Network,"High memory usage"
10003820,2026-08-28 01:34:59,ERROR,Database,"High memory usage"
10003821,2026-08-28 01:35:02,ERROR,Network,"Server overloaded"
10003822,2026-08-28 01:35:04,WARN,Storage,"Database unavailable"
10003823,2026-08-28 01:35:07,WARN,Storage,"Connection refused"
10003824,2026-08-28 01:35:07,WARN,Payment,"Database unavailable"
10003825,2026-08-28 01:35:08,DEBUG,Payment,"Invalid request"
10003826,2026-08-28 01:35:09,DEBUG,Network,"Authentication failed"
10003827,2026-08-28 01:35:09,INFO,Authentication,"Invalid request"
10003828,2026-08-28 01:35:09,INFO,Authentication,"Invalid request"
10003829,2026-08-28 01:35:10,WARN,Server,"High memory usage"
10003830,2026-08-28 01:35:13,DEBUG,Server,"Server overloaded"
10003831,2026-08-28 01:35:16,ERROR,Database,"Connection timeout"
10003832,2026-08-28 01:35:16,INFO,Authentication,"High memory usage"
10003833,2026-08-28 01:35:16,INFO,Authentication,"Database unavailable"
10003834,2026-08-28 01:35:16,ERROR,Network,"High memory usage"
10003835,2026-08-28 01:35:19,WARN,Storage,"Authentication failed"
10003836,2026-08-28 01:35:21,INFO,Storage,"Database unavailable"
10003837,2026-08-28 01:35:22,DEBUG,Authentication,"Request completed"
10003838,2026-08-28 01:35:25,INFO,Payment,"High memory usage"
10003839,2026-08-28 01:35:27,INFO,Server,"Authentication failed"
10003840,2026-08-28 01:35:29,INFO,Payment,"Authentication failed"
10003841,2026-08-28 01:35:29,ERROR,Storage,"Database unavailable"
10003842,2026-08-28 01:35:31,DEBUG,Database,"Invalid request"
10003843,2026-08-28 01:35:32,WARN,Authentication,"Server overloaded"
10003844,2026-08-28 01:35:33,ERROR,Payment,"Database unavailable"
10003845,2026-08-28 01:35:36,ERROR,Authentication,"Server overloaded"
10003846,2026-08-28 01:35:37,ERROR,Payment,"File not found"
10003847,2026-08-28 01:35:40,DEBUG,Authentication,"Server overloaded"
10003848,2026-08-28 01:35:42,ERROR,Database,"File not found"
10003849,2026-08-28 01:35:43,WARN,Network,"Connection timeout"
10003850,2026-08-28 01:35:43,INFO,Payment,"Connection timeout"
10003851,2026-08-28 01:35:44,DEBUG,Server,"Authentication failed"
10003852,2026-08-28 01:35:45,WARN,Authentication,"Database unavailable"
10003853,2026-08-28 01:35:46,DEBUG,Database,"Connection refused"
10003854,2026-08-28 01:35:46,WARN,Network,"Request completed"
10003855,2026-08-28 01:35:47,INFO,Storage,"Authentication failed"
10003856,2026-08-28 01:35:49,DEBUG,API,"Invalid request"
10003857,2026-08-28 01:35:51,WARN,API,"High memory usage"
10003858,2026-08-28 01:35:51,INFO,Network,"Request completed"
10003859,2026-08-28 01:35:51,INFO,Payment,"Payment failed"
10003860,2026-08-28 01:35:54,DEBUG,Database,"Payment failed"
10003861,2026-08-28 01:35:57,INFO,Payment,"Payment failed"
10003862,2026-08-28 01:35:58,INFO,Server,"High memory usage"
10003863,2026-08-28 01:36:01,DEBUG,Network,"Payment failed"
10003864,2026-08-28 01:36:04,ERROR,Network,"Connection timeout"
10003865,2026-08-28 01:36:05,INFO,Network,"Connection timeout"
10003866,2026-08-28 01:36:05,WARN,Authentication,"Payment failed"
10003867,2026-08-28 01:36:07,WARN,Payment,"Server overloaded"
10003868,2026-08-28 01:36:09,ERROR,Payment,"Connection refused"
10003869,2026-08-28 01:36:09,WARN,Payment,"Authentication failed"
10003870,2026-08-28 01:36:09,ERROR,API,"Connection timeout"
10003871,2026-08-28 01:36:11,INFO,API,"Request completed"
10003872,2026-08-28 01:36:14,INFO,Storage,"High memory usage"
10003873,2026-08-28 01:36:17,WARN,Payment,"Request completed"
10003874,2026-08-28 01:36:20,WARN,Database,"Database unavailable"
10003875,2026-08-28 01:36:22,ERROR,Database,"Authentication failed"
10003876,2026-08-28 01:36:23,DEBUG,Database,"Request completed"
10003877,2026-08-28 01:36:24,ERROR,Payment,"Request completed"
10003878,2026-08-28 01:36:26,ERROR,Database,"Connection refused"
10003879,2026-08-28 01:36:27,WARN,Network,"Request completed"
10003880,2026-08-28 01:36:27,WARN,Storage,"File not found"
10003881,2026-08-28 01:36:30,WARN,Network,"Request completed"
10003882,2026-08-28 01:36:30,ERROR,Server,"Connection refused"
10003883,2026-08-28 01:36:30,ERROR,Authentication,"Database unavailable"
10003884,2026-08-28 01:36:33,WARN,Authentication,"Request completed"
10003885,2026-08-28 01:36:35,DEBUG,Network,"Request completed"
10003886,2026-08-28 01:36:37,ERROR,Server,"Connection refused"
10003887,2026-08-28 01:36:37,INFO,Payment,"Connection timeout"
10003888,2026-08-28 01:36:39,INFO,Database,"Database unavailable"
10003889,2026-08-28 01:36:41,INFO,Server,"Database unavailable"
10003890,2026-08-28 01:36:44,WARN,Database,"Connection refused"
10003891,2026-08-28 01:36:45,WARN,Authentication,"File not found"
10003892,2026-08-28 01:36:45,DEBUG,Payment,"Payment failed"
10003893,2026-08-28 01:36:46,ERROR,Database,"Server overloaded"
10003894,2026-08-28 01:36:48,WARN,Authentication,"High memory usage"
10003895,2026-08-28 01:36:48,WARN,Network,"Database unavailable"
10003896,2026-08-28 01:36:51,WARN,Storage,"Server overloaded"
10003897,2026-08-28 01:36:53,WARN,API,"Connection timeout"
10003898,2026-08-28 01:36:53,INFO,Payment,"Invalid request"
10003899,2026-08-28 01:36:53,WARN,Server,"File not found"
10003900,2026-08-28 01:36:56,INFO,Server,"Authentication failed"
10003901,2026-08-28 01:36:56,ERROR,Storage,"Connection refused"
10003902,2026-08-28 01:36:59,ERROR,Storage,"Connection timeout"
10003903,2026-08-28 01:37:02,WARN,Authentication,"Connection refused"
10003904,2026-08-28 01:37:05,DEBUG,Authentication,"Connection refused"
10003905,2026-08-28 01:37:08,INFO,Server,"Database unavailable"
10003906,2026-08-28 01:37:11,WARN,Authentication,"Payment failed"
10003907,2026-08-28 01:37:14,INFO,Payment,"Authentication failed"
10003908,2026-08-28 01:37:16,DEBUG,Authentication,"Authentication failed"
10003909,2026-08-28 01:37:16,ERROR,Network,"File not found"
10003910,2026-08-28 01:37:16,WARN,Network,"Connection refused"
10003911,2026-08-28 01:37:19,WARN,Database,"Invalid request"
10003912,2026-08-28 01:37:21,WARN,Database,"Invalid request"
10003913,2026-08-28 01:37:23,ERROR,Authentication,"Database unavailable"
10003914,2026-08-28 01:37:25,WARN,Payment,"Invalid request"
10003915,2026-08-28 01:37:27,WARN,Authentication,"Payment failed"
10003916,2026-08-28 01:37:28,WARN,Payment,"Database unavailable"
10003917,2026-08-28 01:37:31,ERROR,Network,"High memory usage"
10003918,2026-08-28 01:37:33,INFO,Network,"Authentication failed"
10003919,2026-08-28 01:37:36,ERROR,Payment,"High memory usage"
10003920,2026-08-28 01:37:36,DEBUG,Payment,"Request completed"
10003921,2026-08-28 01:37:37,INFO,Authentication,"Payment failed"
10003922,2026-08-28 01:37:39,DEBUG,API,"Authentication failed"
10003923,2026-08-28 01:37:42,WARN,API,"Payment failed"
10003924,2026-08-28 01:37:42,ERROR,Authentication,"Server overloaded"
10003925,2026-08-28 01:37:42,DEBUG,Server,"High memory usage"
10003926,2026-08-28 01:37:43,WARN,Server,"Connection timeout"
10003927,2026-08-28 01:37:45,DEBUG,Payment,"Connection refused"
10003928,2026-08-28 01:37:46,WARN,Authentication,"Connection timeout"
10003929,2026-08-28 01:37:49,ERROR,Authentication,"Server overloaded"
10003930,2026-08-28 01:37:52,WARN,Payment,"Server overloaded"
10003931,2026-08-28 01:37:53,INFO,Authentication,"Payment failed"
10003932,2026-08-28 01:37:54,WARN,Database,"High memory usage"
10003933,2026-08-28 01:37:56,ERROR,Storage,"Database unavailable"
10003934,2026-08-28 01:37:57,INFO,Payment,"Payment failed"
10003935,2026-08-28 01:37:58,DEBUG,Database,"Invalid request"
10003936,2026-08-28 01:38:00,INFO,API,"Connection refused"
10003937,2026-08-28 01:38:03,DEBUG,Storage,"Invalid request"
10003938,2026-08-28 01:38:05,ERROR,API,"Payment failed"
10003939,2026-08-28 01:38:06,DEBUG,Server,"Connection timeout"
10003940,2026-08-28 01:38:07,ERROR,Payment,"High memory usage"
10003941,2026-08-28 01:38:08,INFO,Database,"Authentication failed"
10003942,2026-08-28 01:38:11,ERROR,Payment,"Payment failed"
10003943,2026-08-28 01:38:11,ERROR,Server,"Connection refused"
10003944,2026-08-28 01:38:12,INFO,Storage,"Payment failed"
10003945,2026-08-28 01:38:15,DEBUG,API,"File not found"
10003946,2026-08-28 01:38:16,DEBUG,Network,"High memory usage"
10003947,2026-08-28 01:38:18,DEBUG,Server,"Invalid request"
10003948,2026-08-28 01:38:18,ERROR,Database,"Authentication failed"
10003949,2026-08-28 01:38:19,WARN,Storage,"High memory usage"
10003950,2026-08-28 01:38:21,WARN,Network,"Server overloaded"
10003951,2026-08-28 01:38:23,ERROR,Database,"Invalid request"
10003952,2026-08-28 01:38:26,WARN,Server,"Payment failed"
10003953,2026-08-28 01:38:27,DEBUG,Server,"Request completed"
10003954,2026-08-28 01:38:30,WARN,Network,"File not found"
10003955,2026-08-28 01:38:32,WARN,Storage,"Database unavailable"
10003956,2026-08-28 01:38:33,INFO,Server,"Payment failed"
10003957,2026-08-28 01:38:36,WARN,Database,"Connection refused"
10003958,2026-08-28 01:38:37,WARN,Storage,"Connection timeout"
10003959,2026-08-28 01:38:37,WARN,Authentication,"Server overloaded"
10003960,2026-08-28 01:38:37,ERROR,Payment,"Invalid request"
10003961,2026-08-28 01:38:38,ERROR,Storage,"Server overloaded"
10003962,2026-08-28 01:38:41,DEBUG,Database,"Request completed"
10003963,2026-08-28 01:38:42,INFO,Storage,"Request completed"
10003964,2026-08-28 01:38:43,ERROR,API,"Database unavailable"
10003965,2026-08-28 01:38:44,DEBUG,Network,"High memory usage"
10003966,2026-08-28 01:38:44,INFO,Database,"Server overloaded"
10003967,2026-08-28 01:38:45,INFO,Payment,"Payment failed"
10003968,2026-08-28 01:38:47,ERROR,Payment,"High memory usage"
10003969,2026-08-28 01:38:49,INFO,Payment,"High memory usage"
10003970,2026-08-28 01:38:52,WARN,Network,"Server overloaded"
10003971,2026-08-28 01:38:52,WARN,Payment,"Database unavailable"
10003972,2026-08-28 01:38:55,INFO,Database,"Request completed"
10003973,2026-08-28 01:38:56,ERROR,Database,"Connection refused"
10003974,2026-08-28 01:38:57,ERROR,Storage,"Connection timeout"
10003975,2026-08-28 01:39:00,ERROR,Network,"Authentication failed"
10003976,2026-08-28 01:39:03,INFO,Payment,"Database unavailable"
10003977,2026-08-28 01:39:05,DEBUG,Server,"Server overloaded"
10003978,2026-08-28 01:39:08,ERROR,Storage,"Server overloaded"
10003979,2026-08-28 01:39:09,DEBUG,API,"Authentication failed"
10003980,2026-08-28 01:39:12,DEBUG,Storage,"Authentication failed"
10003981,2026-08-28 01:39:13,INFO,Authentication,"Connection timeout"
10003982,2026-08-28 01:39:14,WARN,Database,"Connection timeout"
10003983,2026-08-28 01:39:17,DEBUG,Authentication,"Payment failed"
10003984,2026-08-28 01:39:17,WARN,Storage,"Database unavailable"
10003985,2026-08-28 01:39:17,DEBUG,Authentication,"High memory usage"
10003986,2026-08-28 01:39:17,WARN,Payment,"Request completed"
10003987,2026-08-28 01:39:19,ERROR,Server,"Database unavailable"
10003988,2026-08-28 01:39:20,WARN,Payment,"Connection timeout"
10003989,2026-08-28 01:39:22,WARN,Network,"High memory usage"
10003990,2026-08-28 01:39:25,INFO,Storage,"Connection timeout"
10003991,2026-08-28 01:39:26,WARN,Payment,"Invalid request"
10003992,2026-08-28 01:39:29,DEBUG,API,"Database unavailable"
10003993,2026-08-28 01:39:30,DEBUG,Database,"Connection refused"
10003994,2026-08-28 01:39:32,INFO,API,"High memory usage"
10003995,2026-08-28 01:39:32,DEBUG,Database,"Server overloaded"
10003996,2026-08-28 01:39:32,WARN,API,"Connection refused"
10003997,2026-08-28 01:39:35,WARN,Network,"Payment failed"
10003998,2026-08-28 01:39:35,INFO,Server,"Connection timeout"
10003999,2026-08-28 01:39:36,INFO,Network,"Request completed"
10004000,2026-08-28 01:39:36,INFO,Network,"Request completed"
10004001,2026-08-28 01:39:39,ERROR,Network,"Payment failed"
10004002,2026-08-28 01:39:42,INFO,Network,"Request completed"
10004003,2026-08-28 01:39:44,ERROR,Network,"High memory usage"
10004004,2026-08-28 01:39:44,DEBUG,Payment,"Database unavailable"
10004005,2026-08-28 01:39:47,WARN,API,"Request completed"
10004006,2026-08-28 01:39:47,INFO,Server,"Database unavailable"
10004007,2026-08-28 01:39:47,WARN,Network,"Invalid request"
10004008,2026-08-28 01:39:50,ERROR,Server,"File not found"
10004009,2026-08-28 01:39:52,DEBUG,Storage,"File not found"
10004010,2026-08-28 01:39:53,INFO,Storage,"Database unavailable"
10004011,2026-08-28 01:39:54,ERROR,Storage,"High memory usage"
10004012,2026-08-28 01:39:54,DEBUG,Payment,"Connection refused"
10004013,2026-08-28 01:39:55,INFO,Payment,"Payment failed"
10004014,2026-08-28 01:39:57,WARN,Payment,"Connection refused"
10004015,2026-08-28 01:40:00,INFO,API,"Connection refused"
10004016,2026-08-28 01:40:01,DEBUG,Payment,"Payment failed"
10004017,2026-08-28 01:40:04,WARN,Network,"Connection refused"
10004018,2026-08-28 01:40:06,DEBUG,Storage,"Payment failed"
10004019,2026-08-28 01:40:06,WARN,Authentication,"Request completed"
10004020,2026-08-28 01:40:06,INFO,Network,"Payment failed"
10004021,2026-08-28 01:40:06,INFO,Server,"File not found"
10004022,2026-08-28 01:40:06,WARN,Storage,"Connection timeout"
10004023,2026-08-28 01:40:07,WARN,Authentication,"Request completed"
10004024,2026-08-28 01:40:10,ERROR,Payment,"Invalid request"
10004025,2026-08-28 01:40:13,ERROR,Database,"Invalid request"
10004026,2026-08-28 01:40:15,DEBUG,API,"Server overloaded"
10004027,2026-08-28 01:40:15,WARN,Server,"Payment failed"
10004028,2026-08-28 01:40:16,WARN,Storage,"Server overloaded"
10004029,2026-08-28 01:40:17,DEBUG,Storage,"Invalid request"
10004030,2026-08-28 01:40:19,WARN,Storage,"Authentication failed"
10004031,2026-08-28 01:40:20,WARN,Payment,"Payment failed"
10004032,2026-08-28 01:40:21,WARN,Storage,"File not found"
10004033,2026-08-28 01:40:23,INFO,Database,"Database unavailable"
10004034,2026-08-28 01:40:24,WARN,Database,"Authentication failed"
10004035,2026-08-28 01:40:25,DEBUG,API,"Database unavailable"
10004036,2026-08-28 01:40:27,DEBUG,Network,"Request completed"
10004037,2026-08-28 01:40:29,DEBUG,Database,"Server overloaded"
10004038,2026-08-28 01:40:31,ERROR,Network,"Invalid request"
10004039,2026-08-28 01:40:33,ERROR,API,"Request completed"
10004040,2026-08-28 01:40:36,INFO,Network,"High memory usage"
10004041,2026-08-28 01:40:36,DEBUG,Storage,"Payment failed"
10004042,2026-08-28 01:40:38,WARN,Storage,"File not found"
10004043,2026-08-28 01:40:39,WARN,Server,"Authentication failed"
10004044,2026-08-28 01:40:40,ERROR,Network,"Server overloaded"
10004045,2026-08-28 01:40:42,ERROR,API,"Authentication failed"
10004046,2026-08-28 01:40:44,INFO,Database,"Database unavailable"
10004047,2026-08-28 01:40:46,INFO,Network,"Database unavailable"
10004048,2026-08-28 01:40:48,INFO,Network,"Authentication failed"
10004049,2026-08-28 01:40:50,WARN,Authentication,"Request completed"
10004050,2026-08-28 01:40:53,WARN,Storage,"File not found"
10004051,2026-08-28 01:40:53,ERROR,API,"Invalid request"
10004052,2026-08-28 01:40:55,WARN,Database,"Connection refused"
10004053,2026-08-28 01:40:55,DEBUG,API,"Payment failed"
10004054,2026-08-28 01:40:57,INFO,Payment,"Payment failed"
10004055,2026-08-28 01:40:57,INFO,Authentication,"Connection refused"
10004056,2026-08-28 01:40:59,WARN,API,"High memory usage"
10004057,2026-08-28 01:41:00,WARN,API,"High memory usage"
10004058,2026-08-28 01:41:00,ERROR,Payment,"Payment failed"
10004059,2026-08-28 01:41:01,WARN,Server,"Authentication failed"
10004060,2026-08-28 01:41:01,ERROR,Server,"Connection refused"
10004061,2026-08-28 01:41:03,WARN,Network,"Request completed"
10004062,2026-08-28 01:41:05,ERROR,Payment,"High memory usage"
10004063,2026-08-28 01:41:07,INFO,Storage,"Payment failed"
10004064,2026-08-28 01:41:08,WARN,Network,"File not found"
10004065,2026-08-28 01:41:10,WARN,Database,"Authentication failed"
10004066,2026-08-28 01:41:13,DEBUG,Server,"Server overloaded"
10004067,2026-08-28 01:41:16,INFO,Authentication,"Invalid request"
10004068,2026-08-28 01:41:18,INFO,Server,"Connection timeout"
10004069,2026-08-28 01:41:19,DEBUG,Storage,"High memory usage"
10004070,2026-08-28 01:41:20,INFO,API,"Invalid request"
10004071,2026-08-28 01:41:22,DEBUG,API,"Payment failed"
10004072,2026-08-28 01:41:23,INFO,API,"Database unavailable"
10004073,2026-08-28 01:41:25,DEBUG,Payment,"Request completed"
10004074,2026-08-28 01:41:27,WARN,API,"Request completed"
10004075,2026-08-28 01:41:29,INFO,API,"Connection refused"
10004076,2026-08-28 01:41:29,DEBUG,Payment,"High memory usage"
10004077,2026-08-28 01:41:30,INFO,Network,"Connection refused"
10004078,2026-08-28 01:41:30,ERROR,Database,"Connection timeout"
10004079,2026-08-28 01:41:33,ERROR,Database,"File not found"
10004080,2026-08-28 01:41:35,INFO,Network,"Invalid request"
10004081,2026-08-28 01:41:37,ERROR,API,"Connection timeout"
10004082,2026-08-28 01:41:37,DEBUG,Storage,"Authentication failed"
10004083,2026-08-28 01:41:39,INFO,Authentication,"Connection refused"
10004084,2026-08-28 01:41:40,WARN,Storage,"Authentication failed"
10004085,2026-08-28 01:41:43,DEBUG,Network,"Payment failed"
10004086,2026-08-28 01:41:45,ERROR,Network,"High memory usage"
10004087,2026-08-28 01:41:47,INFO,Payment,"Invalid request"
10004088,2026-08-28 01:41:49,WARN,Authentication,"Request completed"
10004089,2026-08-28 01:41:50,DEBUG,Database,"Payment failed"
10004090,2026-08-28 01:41:50,WARN,Storage,"Connection timeout"
10004091,2026-08-28 01:41:52,WARN,Payment,"Database unavailable"
10004092,2026-08-28 01:41:55,WARN,Database,"Payment failed"
10004093,2026-08-28 01:41:55,ERROR,Payment,"Invalid request"
10004094,2026-08-28 01:41:56,ERROR,Database,"File not found"
10004095,2026-08-28 01:41:58,ERROR,API,"High memory usage"
10004096,2026-08-28 01:41:59,WARN,Payment,"Connection refused"
10004097,2026-08-28 01:42:02,DEBUG,API,"Connection timeout"
10004098,2026-08-28 01:42:03,INFO,API,"High memory usage"
10004099,2026-08-28 01:42:06,DEBUG,Server,"Authentication failed"
10004100,2026-08-28 01:42:08,WARN,Storage,"Server overloaded"
10004101,2026-08-28 01:42:10,WARN,Payment,"Authentication failed"
10004102,2026-08-28 01:42:13,ERROR,API,"Connection timeout"
10004103,2026-08-28 01:42:14,ERROR,API,"Database unavailable"
10004104,2026-08-28 01:42:16,WARN,API,"Invalid request"
10004105,2026-08-28 01:42:18,INFO,Storage,"File not found"
10004106,2026-08-28 01:42:19,ERROR,Database,"Payment failed"
10004107,2026-08-28 01:42:22,WARN,Network,"Payment failed"
10004108,2026-08-28 01:42:22,DEBUG,Network,"Database unavailable"
10004109,2026-08-28 01:42:25,WARN,Storage,"Invalid request"
10004110,2026-08-28 01:42:27,INFO,Payment,"Connection refused"
10004111,2026-08-28 01:42:30,INFO,Payment,"File not found"
10004112,2026-08-28 01:42:31,WARN,API,"Invalid request"
10004113,2026-08-28 01:42:32,ERROR,Payment,"Connection timeout"
10004114,2026-08-28 01:42:33,WARN,Network,"Connection timeout"
10004115,2026-08-28 01:42:34,WARN,Payment,"Connection refused"
10004116,2026-08-28 01:42:37,ERROR,Database,"Authentication failed"
10004117,2026-08-28 01:42:40,DEBUG,Network,"Database unavailable"
10004118,2026-08-28 01:42:41,ERROR,Storage,"Connection refused"
10004119,2026-08-28 01:42:42,DEBUG,API,"Server overloaded"
10004120,2026-08-28 01:42:45,DEBUG,Storage,"File not found"
10004121,2026-08-28 01:42:48,DEBUG,Database,"Connection timeout"
10004122,2026-08-28 01:42:49,DEBUG,Storage,"Authentication failed"
10004123,2026-08-28 01:42:49,DEBUG,Payment,"Invalid request"
10004124,2026-08-28 01:42:51,WARN,Authentication,"High memory usage"
10004125,2026-08-28 01:42:53,ERROR,Storage,"Connection refused"
10004126,2026-08-28 01:42:56,DEBUG,Payment,"Connection refused"
10004127,2026-08-28 01:42:59,INFO,API,"File not found"
10004128,2026-08-28 01:42:59,DEBUG,Authentication,"File not found"
10004129,2026-08-28 01:42:59,INFO,Database,"Payment failed"
10004130,2026-08-28 01:43:02,DEBUG,Database,"Authentication failed"
10004131,2026-08-28 01:43:02,INFO,Storage,"Authentication failed"
10004132,2026-08-28 01:43:03,ERROR,Network,"Invalid request"
10004133,2026-08-28 01:43:03,WARN,Storage,"Database unavailable"
10004134,2026-08-28 01:43:06,INFO,Authentication,"Database unavailable"
10004135,2026-08-28 01:43:07,WARN,Network,"High memory usage"
10004136,2026-08-28 01:43:08,DEBUG,API,"Connection timeout"
10004137,2026-08-28 01:43:10,WARN,Server,"Server overloaded"
10004138,2026-08-28 01:43:12,INFO,API,"Authentication failed"
10004139,2026-08-28 01:43:15,INFO,Network,"Authentication failed"
10004140,2026-08-28 01:43:17,INFO,Database,"Request completed"
10004141,2026-08-28 01:43:18,DEBUG,Storage,"Server overloaded"
10004142,2026-08-28 01:43:21,DEBUG,Payment,"File not found"
10004143,2026-08-28 01:43:23,ERROR,Server,"Request completed"
10004144,2026-08-28 01:43:26,ERROR,Database,"Authentication failed"
10004145,2026-08-28 01:43:29,INFO,Storage,"Request completed"
10004146,2026-08-28 01:43:29,WARN,Network,"Payment failed"
10004147,2026-08-28 01:43:32,ERROR,Payment,"Request completed"
10004148,2026-08-28 01:43:33,INFO,Payment,"Server overloaded"
10004149,2026-08-28 01:43:33,WARN,Storage,"Connection refused"
10004150,2026-08-28 01:43:34,WARN,Database,"High memory usage"
10004151,2026-08-28 01:43:36,DEBUG,Storage,"Request completed"
10004152,2026-08-28 01:43:38,ERROR,Storage,"Database unavailable"
10004153,2026-08-28 01:43:41,WARN,Network,"Authentication failed"
10004154,2026-08-28 01:43:43,ERROR,API,"Authentication failed"
10004155,2026-08-28 01:43:44,INFO,Server,"Invalid request"
10004156,2026-08-28 01:43:44,WARN,Network,"Authentication failed"
10004157,2026-08-28 01:43:47,WARN,Authentication,"Payment failed"
10004158,2026-08-28 01:43:49,ERROR,Network,"Authentication failed"
10004159,2026-08-28 01:43:51,DEBUG,Storage,"Invalid request"
10004160,2026-08-28 01:43:53,DEBUG,Authentication,"Invalid request"
10004161,2026-08-28 01:43:54,INFO,API,"Server overloaded"
10004162,2026-08-28 01:43:56,DEBUG,Payment,"Request completed"
10004163,2026-08-28 01:43:58,ERROR,Server,"Request completed"
10004164,2026-08-28 01:44:01,WARN,Authentication,"Invalid request"
10004165,2026-08-28 01:44:03,INFO,Database,"Invalid request"
10004166,2026-08-28 01:44:05,INFO,Storage,"Database unavailable"
10004167,2026-08-28 01:44:06,INFO,Network,"Connection timeout"
10004168,2026-08-28 01:44:09,WARN,Network,"Connection refused"
10004169,2026-08-28 01:44:09,DEBUG,Database,"Payment failed"
10004170,2026-08-28 01:44:11,ERROR,Database,"Connection timeout"
10004171,2026-08-28 01:44:12,WARN,Payment,"Server overloaded"
10004172,2026-08-28 01:44:15,INFO,Storage,"Database unavailable"
10004173,2026-08-28 01:44:16,ERROR,Authentication,"Connection timeout"
10004174,2026-08-28 01:44:16,ERROR,Database,"Payment failed"
10004175,2026-08-28 01:44:19,DEBUG,Network,"File not found"
10004176,2026-08-28 01:44:19,INFO,Database,"Request completed"
10004177,2026-08-28 01:44:19,DEBUG,API,"Authentication failed"
10004178,2026-08-28 01:44:21,WARN,Network,"Connection timeout"
10004179,2026-08-28 01:44:24,WARN,Payment,"Connection refused"
10004180,2026-08-28 01:44:25,INFO,Database,"Payment failed"
10004181,2026-08-28 01:44:26,DEBUG,Authentication,"Connection refused"
10004182,2026-08-28 01:44:28,INFO,Authentication,"Authentication failed"
10004183,2026-08-28 01:44:31,INFO,Payment,"File not found"
10004184,2026-08-28 01:44:34,WARN,Payment,"Connection timeout"
10004185,2026-08-28 01:44:36,INFO,Database,"Request completed"
10004186,2026-08-28 01:44:39,INFO,Database,"High memory usage"
10004187,2026-08-28 01:44:41,INFO,Server,"Connection timeout"
10004188,2026-08-28 01:44:41,WARN,Payment,"Payment failed"
10004189,2026-08-28 01:44:42,ERROR,Payment,"Connection timeout"
10004190,2026-08-28 01:44:44,ERROR,Storage,"Request completed"
10004191,2026-08-28 01:44:44,DEBUG,Server,"Connection refused"
10004192,2026-08-28 01:44:46,ERROR,Authentication,"Connection refused"
10004193,2026-08-28 01:44:49,INFO,Network,"Server overloaded"
10004194,2026-08-28 01:44:51,DEBUG,Authentication,"Database unavailable"
10004195,2026-08-28 01:44:53,ERROR,Storage,"Connection refused"
10004196,2026-08-28 01:44:55,INFO,API,"Connection timeout"
10004197,2026-08-28 01:44:58,WARN,Server,"Request completed"
10004198,2026-08-28 01:44:58,DEBUG,Payment,"Invalid request"
10004199,2026-08-28 01:44:58,ERROR,Authentication,"Connection refused"
10004200,2026-08-28 01:45:00,INFO,Storage,"Payment failed"
10004201,2026-08-28 01:45:03,WARN,Database,"Authentication failed"
10004202,2026-08-28 01:45:05,ERROR,Storage,"Connection timeout"
10004203,2026-08-28 01:45:05,ERROR,Storage,"Connection timeout"
10004204,2026-08-28 01:45:07,WARN,Network,"Request completed"
10004205,2026-08-28 01:45:08,WARN,Server,"Authentication failed"
10004206,2026-08-28 01:45:11,WARN,Server,"Connection refused"
10004207,2026-08-28 01:45:11,DEBUG,API,"Invalid request"
10004208,2026-08-28 01:45:14,WARN,Server,"Request completed"
10004209,2026-08-28 01:45:16,INFO,Server,"Database unavailable"
10004210,2026-08-28 01:45:16,DEBUG,API,"Server overloaded"
10004211,2026-08-28 01:45:17,INFO,Database,"Database unavailable"
10004212,2026-08-28 01:45:19,ERROR,Network,"Connection timeout"
10004213,2026-08-28 01:45:19,DEBUG,Database,"Authentication failed"
10004214,2026-08-28 01:45:21,ERROR,Payment,"Server overloaded"
10004215,2026-08-28 01:45:21,INFO,Server,"Payment failed"
10004216,2026-08-28 01:45:22,INFO,Payment,"Database unavailable"
10004217,2026-08-28 01:45:22,ERROR,Database,"File not found"
10004218,2026-08-28 01:45:25,INFO,Database,"Connection timeout"
10004219,2026-08-28 01:45:25,WARN,Server,"Connection timeout"
10004220,2026-08-28 01:45:27,WARN,Database,"Database unavailable"
10004221,2026-08-28 01:45:29,WARN,Network,"Database unavailable"
10004222,2026-08-28 01:45:31,WARN,Payment,"Invalid request"
10004223,2026-08-28 01:45:31,INFO,Network,"Database unavailable"
10004224,2026-08-28 01:45:34,INFO,API,"File not found"
10004225,2026-08-28 01:45:34,WARN,Authentication,"Request completed"
10004226,2026-08-28 01:45:35,ERROR,Authentication,"Authentication failed"
10004227,2026-08-28 01:45:36,DEBUG,Network,"Server overloaded"
10004228,2026-08-28 01:45:38,ERROR,Authentication,"High memory usage"
10004229,2026-08-28 01:45:39,WARN,Database,"High memory usage"
10004230,2026-08-28 01:45:39,DEBUG,API,"Server overloaded"
10004231,2026-08-28 01:45:40,WARN,API,"Payment failed"
10004232,2026-08-28 01:45:42,DEBUG,Database,"Invalid request"
10004233,2026-08-28 01:45:45,INFO,API,"Authentication failed"
10004234,2026-08-28 01:45:45,DEBUG,Database,"Server overloaded"
10004235,2026-08-28 01:45:45,ERROR,Server,"Invalid request"
10004236,2026-08-28 01:45:45,WARN,Server,"Connection timeout"
10004237,2026-08-28 01:45:45,ERROR,Payment,"File not found"
10004238,2026-08-28 01:45:46,ERROR,Storage,"Database unavailable"
10004239,2026-08-28 01:45:49,WARN,Network,"High memory usage"
10004240,2026-08-28 01:45:49,ERROR,API,"Connection refused"
10004241,2026-08-28 01:45:51,WARN,Network,"Authentication failed"
10004242,2026-08-28 01:45:53,WARN,Storage,"Authentication failed"
10004243,2026-08-28 01:45:54,ERROR,Authentication,"Connection timeout"
10004244,2026-08-28 01:45:54,WARN,Database,"Payment failed"
10004245,2026-08-28 01:45:55,INFO,Authentication,"Request completed"
10004246,2026-08-28 01:45:57,WARN,Network,"Server overloaded"
10004247,2026-08-28 01:46:00,WARN,Storage,"Server overloaded"
10004248,2026-08-28 01:46:03,INFO,Payment,"Request completed"
10004249,2026-08-28 01:46:06,DEBUG,Server,"Connection refused"
10004250,2026-08-28 01:46:09,ERROR,Server,"Connection timeout"
10004251,2026-08-28 01:46:11,DEBUG,Network,"Connection timeout"
10004252,2026-08-28 01:46:12,WARN,Database,"Connection refused"
10004253,2026-08-28 01:46:15,DEBUG,API,"Database unavailable"
10004254,2026-08-28 01:46:16,INFO,API,"Connection refused"
10004255,2026-08-28 01:46:19,DEBUG,API,"File not found"
10004256,2026-08-28 01:46:20,DEBUG,Network,"Invalid request"
10004257,2026-08-28 01:46:23,DEBUG,Server,"Server overloaded"
10004258,2026-08-28 01:46:23,DEBUG,Server,"Invalid request"
10004259,2026-08-28 01:46:26,WARN,Database,"High memory usage"
10004260,2026-08-28 01:46:27,INFO,API,"File not found"
10004261,2026-08-28 01:46:29,INFO,Authentication,"Connection timeout"
10004262,2026-08-28 01:46:29,WARN,Payment,"Database unavailable"
10004263,2026-08-28 01:46:29,WARN,Authentication,"Authentication failed"
10004264,2026-08-28 01:46:29,WARN,Network,"Database unavailable"
10004265,2026-08-28 01:46:30,INFO,Authentication,"File not found"
10004266,2026-08-28 01:46:33,INFO,Database,"Invalid request"
10004267,2026-08-28 01:46:36,INFO,Server,"Request completed"
10004268,2026-08-28 01:46:38,INFO,Network,"Database unavailable"
10004269,2026-08-28 01:46:38,DEBUG,Authentication,"Database unavailable"
10004270,2026-08-28 01:46:39,WARN,Storage,"Server overloaded"
10004271,2026-08-28 01:46:40,INFO,Storage,"Connection refused"
10004272,2026-08-28 01:46:42,INFO,API,"Server overloaded"
10004273,2026-08-28 01:46:44,INFO,Server,"Request completed"
10004274,2026-08-28 01:46:44,INFO,Storage,"Server overloaded"
10004275,2026-08-28 01:46:46,WARN,Database,"Connection timeout"
10004276,2026-08-28 01:46:46,WARN,API,"High memory usage"
10004277,2026-08-28 01:46:49,ERROR,Payment,"Payment failed"
10004278,2026-08-28 01:46:51,DEBUG,Authentication,"Connection timeout"
10004279,2026-08-28 01:46:54,ERROR,Authentication,"Connection refused"
10004280,2026-08-28 01:46:55,INFO,Payment,"Request completed"
10004281,2026-08-28 01:46:58,ERROR,Database,"High memory usage"
10004282,2026-08-28 01:46:58,INFO,Database,"Connection timeout"
10004283,2026-08-28 01:47:01,WARN,Database,"Connection timeout"
10004284,2026-08-28 01:47:02,INFO,API,"Authentication failed"
10004285,2026-08-28 01:47:04,ERROR,Payment,"High memory usage"
10004286,2026-08-28 01:47:05,WARN,Authentication,"Invalid request"
10004287,2026-08-28 01:47:05,WARN,Payment,"Connection refused"
10004288,2026-08-28 01:47:06,INFO,Storage,"File not found"
10004289,2026-08-28 01:47:08,WARN,API,"Authentication failed"
10004290,2026-08-28 01:47:11,INFO,Network,"High memory usage"
10004291,2026-08-28 01:47:12,ERROR,API,"High memory usage"
10004292,2026-08-28 01:47:14,ERROR,API,"Payment failed"
10004293,2026-08-28 01:47:15,ERROR,Server,"Request completed"
10004294,2026-08-28 01:47:18,DEBUG,Database,"High memory usage"
10004295,2026-08-28 01:47:19,ERROR,Storage,"Authentication failed"
10004296,2026-08-28 01:47:19,DEBUG,Network,"Connection refused"
10004297,2026-08-28 01:47:20,INFO,Network,"Connection refused"
10004298,2026-08-28 01:47:22,INFO,Authentication,"Payment failed"
10004299,2026-08-28 01:47:25,ERROR,Storage,"Request completed"
10004300,2026-08-28 01:47:27,WARN,API,"Connection timeout"
10004301,2026-08-28 01:47:28,INFO,Storage,"Payment failed"
10004302,2026-08-28 01:47:28,ERROR,Server,"Request completed"
10004303,2026-08-28 01:47:29,INFO,Network,"Payment failed"
10004304,2026-08-28 01:47:31,DEBUG,API,"High memory usage"
10004305,2026-08-28 01:47:34,DEBUG,Network,"Connection refused"
10004306,2026-08-28 01:47:34,INFO,Storage,"Authentication failed"
10004307,2026-08-28 01:47:35,DEBUG,Authentication,"File not found"
10004308,2026-08-28 01:47:36,DEBUG,Payment,"Server overloaded"
10004309,2026-08-28 01:47:37,WARN,API,"File not found"
10004310,2026-08-28 01:47:37,ERROR,Server,"Payment failed"
10004311,2026-08-28 01:47:39,WARN,Database,"High memory usage"
10004312,2026-08-28 01:47:40,INFO,Authentication,"Invalid request"
10004313,2026-08-28 01:47:43,DEBUG,Authentication,"Invalid request"
10004314,2026-08-28 01:47:46,ERROR,Storage,"Payment failed"
10004315,2026-08-28 01:47:47,ERROR,Authentication,"Invalid request"
10004316,2026-08-28 01:47:48,INFO,Network,"Invalid request"
10004317,2026-08-28 01:47:50,ERROR,Database,"Connection timeout"
10004318,2026-08-28 01:47:53,INFO,Payment,"Server overloaded"
10004319,2026-08-28 01:47:55,ERROR,Authentication,"Invalid request"
10004320,2026-08-28 01:47:56,ERROR,Database,"Authentication failed"
10004321,2026-08-28 01:47:58,DEBUG,Database,"Invalid request"
10004322,2026-08-28 01:48:01,WARN,Server,"Server overloaded"
10004323,2026-08-28 01:48:01,INFO,Server,"Connection timeout"
10004324,2026-08-28 01:48:03,DEBUG,API,"High memory usage"
10004325,2026-08-28 01:48:04,DEBUG,Database,"Server overloaded"
10004326,2026-08-28 01:48:04,ERROR,API,"Database unavailable"
10004327,2026-08-28 01:48:06,DEBUG,Storage,"Connection timeout"
10004328,2026-08-28 01:48:07,WARN,Network,"Request completed"
10004329,2026-08-28 01:48:08,ERROR,Network,"Request completed"
10004330,2026-08-28 01:48:10,ERROR,Database,"Payment failed"
10004331,2026-08-28 01:48:13,WARN,Payment,"Request completed"
10004332,2026-08-28 01:48:14,ERROR,Database,"Connection refused"
10004333,2026-08-28 01:48:16,ERROR,Authentication,"Invalid request"
10004334,2026-08-28 01:48:16,WARN,Database,"File not found"
10004335,2026-08-28 01:48:16,WARN,API,"Server overloaded"
10004336,2026-08-28 01:48:16,ERROR,Payment,"Request completed"
10004337,2026-08-28 01:48:18,ERROR,Storage,"File not found"
10004338,2026-08-28 01:48:18,ERROR,Database,"Invalid request"
10004339,2026-08-28 01:48:20,INFO,API,"Database unavailable"
10004340,2026-08-28 01:48:20,WARN,Payment,"High memory usage"
10004341,2026-08-28 01:48:20,ERROR,Authentication,"Authentication failed"
10004342,2026-08-28 01:48:23,DEBUG,Storage,"Connection refused"
10004343,2026-08-28 01:48:23,WARN,Payment,"File not found"
10004344,2026-08-28 01:48:23,INFO,API,"Invalid request"
10004345,2026-08-28 01:48:26,INFO,Server,"Invalid request"
10004346,2026-08-28 01:48:29,ERROR,Payment,"Connection refused"
10004347,2026-08-28 01:48:32,DEBUG,Server,"File not found"
10004348,2026-08-28 01:48:33,ERROR,API,"Connection refused"
10004349,2026-08-28 01:48:35,WARN,Authentication,"Authentication failed"
10004350,2026-08-28 01:48:37,ERROR,Server,"Payment failed"
10004351,2026-08-28 01:48:38,DEBUG,Payment,"Payment failed"
10004352,2026-08-28 01:48:41,WARN,Database,"Database unavailable"
10004353,2026-08-28 01:48:44,DEBUG,Database,"Invalid request"
10004354,2026-08-28 01:48:45,DEBUG,Payment,"Invalid request"
10004355,2026-08-28 01:48:45,WARN,Authentication,"Connection refused"
10004356,2026-08-28 01:48:47,ERROR,Payment,"High memory usage"
10004357,2026-08-28 01:48:48,WARN,Database,"Invalid request"
10004358,2026-08-28 01:48:51,INFO,Database,"Server overloaded"
10004359,2026-08-28 01:48:51,ERROR,Payment,"File not found"
10004360,2026-08-28 01:48:52,WARN,Payment,"Server overloaded"
10004361,2026-08-28 01:48:53,WARN,Authentication,"File not found"
10004362,2026-08-28 01:48:56,ERROR,Authentication,"File not found"
10004363,2026-08-28 01:48:56,INFO,Server,"File not found"
10004364,2026-08-28 01:48:59,ERROR,Database,"Database unavailable"
10004365,2026-08-28 01:48:59,ERROR,Network,"File not found"
10004366,2026-08-28 01:48:59,ERROR,Storage,"Request completed"
10004367,2026-08-28 01:49:01,INFO,Database,"Authentication failed"
10004368,2026-08-28 01:49:03,INFO,Authentication,"Authentication failed"
10004369,2026-08-28 01:49:03,ERROR,Authentication,"Invalid request"
10004370,2026-08-28 01:49:06,INFO,Database,"Request completed"
10004371,2026-08-28 01:49:06,INFO,Authentication,"Authentication failed"
10004372,2026-08-28 01:49:08,ERROR,Authentication,"Connection refused"
10004373,2026-08-28 01:49:08,ERROR,Storage,"File not found"
10004374,2026-08-28 01:49:09,INFO,API,"Connection refused"
10004375,2026-08-28 01:49:11,DEBUG,Authentication,"Connection refused"
10004376,2026-08-28 01:49:12,DEBUG,Authentication,"Connection refused"
10004377,2026-08-28 01:49:12,INFO,Network,"Server overloaded"
10004378,2026-08-28 01:49:15,DEBUG,Database,"Server overloaded"
10004379,2026-08-28 01:49:17,ERROR,Authentication,"File not found"
10004380,2026-08-28 01:49:18,INFO,Authentication,"Server overloaded"
10004381,2026-08-28 01:49:19,INFO,Payment,"Payment failed"
10004382,2026-08-28 01:49:21,WARN,API,"High memory usage"
10004383,2026-08-28 01:49:24,DEBUG,Authentication,"File not found"
10004384,2026-08-28 01:49:25,DEBUG,Payment,"File not found"
10004385,2026-08-28 01:49:26,WARN,Database,"Server overloaded"
10004386,2026-08-28 01:49:28,DEBUG,API,"Server overloaded"
10004387,2026-08-28 01:49:30,INFO,Network,"File not found"
10004388,2026-08-28 01:49:30,INFO,Network,"Authentication failed"
10004389,2026-08-28 01:49:33,WARN,Network,"Connection refused"
10004390,2026-08-28 01:49:36,WARN,Payment,"Database unavailable"
10004391,2026-08-28 01:49:37,INFO,Database,"Authentication failed"
10004392,2026-08-28 01:49:37,ERROR,Storage,"High memory usage"
10004393,2026-08-28 01:49:40,DEBUG,Network,"Connection timeout"
10004394,2026-08-28 01:49:43,INFO,API,"High memory usage"
10004395,2026-08-28 01:49:43,ERROR,Authentication,"Server overloaded"
10004396,2026-08-28 01:49:44,ERROR,Server,"Authentication failed"
10004397,2026-08-28 01:49:45,ERROR,Payment,"Payment failed"
10004398,2026-08-28 01:49:45,WARN,Storage,"Invalid request"
10004399,2026-08-28 01:49:46,ERROR,Storage,"Authentication failed"
10004400,2026-08-28 01:49:47,WARN,Payment,"Authentication failed"
10004401,2026-08-28 01:49:50,WARN,Payment,"Invalid request"
10004402,2026-08-28 01:49:52,WARN,API,"Request completed"
10004403,2026-08-28 01:49:52,WARN,Network,"Connection timeout"
10004404,2026-08-28 01:49:54,DEBUG,API,"Invalid request"
10004405,2026-08-28 01:49:55,WARN,API,"Payment failed"
10004406,2026-08-28 01:49:57,INFO,Storage,"High memory usage"
10004407,2026-08-28 01:49:59,INFO,Authentication,"Payment failed"
10004408,2026-08-28 01:50:02,DEBUG,Network,"Database unavailable"
10004409,2026-08-28 01:50:03,WARN,Database,"Authentication failed"
10004410,2026-08-28 01:50:04,ERROR,Payment,"High memory usage"
10004411,2026-08-28 01:50:07,WARN,Database,"High memory usage"
10004412,2026-08-28 01:50:07,DEBUG,Authentication,"Authentication failed"
10004413,2026-08-28 01:50:10,INFO,Server,"Request completed"
10004414,2026-08-28 01:50:10,DEBUG,Authentication,"Invalid request"
10004415,2026-08-28 01:50:11,INFO,Payment,"Database unavailable"
10004416,2026-08-28 01:50:14,DEBUG,Authentication,"Server overloaded"
10004417,2026-08-28 01:50:17,WARN,Authentication,"High memory usage"
10004418,2026-08-28 01:50:17,WARN,Server,"Connection timeout"
10004419,2026-08-28 01:50:17,DEBUG,Authentication,"Request completed"
10004420,2026-08-28 01:50:20,ERROR,Payment,"High memory usage"
10004421,2026-08-28 01:50:21,ERROR,Network,"High memory usage"
10004422,2026-08-28 01:50:24,DEBUG,Storage,"High memory usage"
10004423,2026-08-28 01:50:24,DEBUG,Payment,"Connection refused"
10004424,2026-08-28 01:50:25,ERROR,Payment,"Connection timeout"
10004425,2026-08-28 01:50:27,DEBUG,Database,"Payment failed"
10004426,2026-08-28 01:50:29,DEBUG,API,"File not found"
10004427,2026-08-28 01:50:30,INFO,Payment,"Connection refused"
10004428,2026-08-28 01:50:30,WARN,Network,"Database unavailable"
10004429,2026-08-28 01:50:30,DEBUG,Authentication,"Connection timeout"
10004430,2026-08-28 01:50:33,INFO,Authentication,"Server overloaded"
10004431,2026-08-28 01:50:35,ERROR,Payment,"Request completed"
10004432,2026-08-28 01:50:35,WARN,Payment,"Payment failed"
10004433,2026-08-28 01:50:36,INFO,Authentication,"Database unavailable"
10004434,2026-08-28 01:50:38,DEBUG,Payment,"Invalid request"
10004435,2026-08-28 01:50:39,DEBUG,Authentication,"Authentication failed"
10004436,2026-08-28 01:50:42,INFO,API,"Connection timeout"
10004437,2026-08-28 01:50:42,DEBUG,Database,"Server overloaded"
10004438,2026-08-28 01:50:43,DEBUG,Payment,"File not found"
10004439,2026-08-28 01:50:43,INFO,Payment,"High memory usage"
10004440,2026-08-28 01:50:43,INFO,Payment,"High memory usage"
10004441,2026-08-28 01:50:46,WARN,Authentication,"Connection timeout"
10004442,2026-08-28 01:50:47,DEBUG,API,"Request completed"
10004443,2026-08-28 01:50:47,INFO,API,"Connection timeout"
10004444,2026-08-28 01:50:49,ERROR,Server,"Connection timeout"
10004445,2026-08-28 01:50:52,ERROR,Authentication,"Server overloaded"
10004446,2026-08-28 01:50:54,DEBUG,Storage,"Payment failed"
10004447,2026-08-28 01:50:57,DEBUG,Storage,"High memory usage"
10004448,2026-08-28 01:50:58,DEBUG,Authentication,"Connection timeout"
10004449,2026-08-28 01:51:00,INFO,Payment,"Database unavailable"
10004450,2026-08-28 01:51:03,INFO,Storage,"High memory usage"
10004451,2026-08-28 01:51:06,INFO,Payment,"Connection refused"
10004452,2026-08-28 01:51:06,ERROR,Payment,"Database unavailable"
10004453,2026-08-28 01:51:08,ERROR,Authentication,"Database unavailable"
10004454,2026-08-28 01:51:09,DEBUG,Authentication,"Database unavailable"
10004455,2026-08-28 01:51:09,DEBUG,Authentication,"File not found"
10004456,2026-08-28 01:51:11,WARN,Network,"Authentication failed"
10004457,2026-08-28 01:51:11,DEBUG,API,"Connection timeout"
10004458,2026-08-28 01:51:12,ERROR,Payment,"Request completed"
10004459,2026-08-28 01:51:12,INFO,Network,"High memory usage"
10004460,2026-08-28 01:51:13,ERROR,Authentication,"File not found"
10004461,2026-08-28 01:51:13,ERROR,Database,"Request completed"
10004462,2026-08-28 01:51:15,DEBUG,Storage,"Authentication failed"
10004463,2026-08-28 01:51:18,ERROR,Server,"Connection refused"
10004464,2026-08-28 01:51:21,WARN,Server,"Server overloaded"
10004465,2026-08-28 01:51:21,ERROR,Network,"Connection timeout"
10004466,2026-08-28 01:51:23,INFO,Network,"Connection refused"
10004467,2026-08-28 01:51:24,INFO,Storage,"Request completed"
10004468,2026-08-28 01:51:27,ERROR,Payment,"Invalid request"
10004469,2026-08-28 01:51:29,INFO,Payment,"File not found"
10004470,2026-08-28 01:51:31,INFO,API,"Server overloaded"
10004471,2026-08-28 01:51:31,WARN,Authentication,"Invalid request"
10004472,2026-08-28 01:51:32,ERROR,Network,"Server overloaded"
10004473,2026-08-28 01:51:33,DEBUG,Storage,"File not found"
10004474,2026-08-28 01:51:34,ERROR,API,"Invalid request"
10004475,2026-08-28 01:51:37,INFO,Database,"Connection refused"
10004476,2026-08-28 01:51:40,INFO,Server,"Payment failed"
10004477,2026-08-28 01:51:41,ERROR,Database,"Authentication failed"
10004478,2026-08-28 01:51:43,WARN,Authentication,"Database unavailable"
10004479,2026-08-28 01:51:44,INFO,Authentication,"Payment failed"
10004480,2026-08-28 01:51:45,DEBUG,Authentication,"Request completed"
10004481,2026-08-28 01:51:45,ERROR,Network,"Connection refused"
10004482,2026-08-28 01:51:45,WARN,Authentication,"Invalid request"
10004483,2026-08-28 01:51:46,ERROR,Network,"Connection timeout"
10004484,2026-08-28 01:51:46,WARN,Network,"Server overloaded"
10004485,2026-08-28 01:51:49,DEBUG,Storage,"Server overloaded"
10004486,2026-08-28 01:51:52,INFO,API,"Connection timeout"
10004487,2026-08-28 01:51:54,ERROR,Database,"Server overloaded"
10004488,2026-08-28 01:51:56,DEBUG,API,"Request completed"
10004489,2026-08-28 01:51:56,WARN,API,"Authentication failed"
10004490,2026-08-28 01:51:56,INFO,Authentication,"Connection refused"
10004491,2026-08-28 01:51:57,ERROR,Storage,"Server overloaded"
10004492,2026-08-28 01:51:59,DEBUG,Server,"Connection timeout"
10004493,2026-08-28 01:52:02,ERROR,Payment,"Payment failed"
10004494,2026-08-28 01:52:05,INFO,Payment,"Database unavailable"
10004495,2026-08-28 01:52:06,DEBUG,API,"Database unavailable"
10004496,2026-08-28 01:52:08,ERROR,Storage,"Server overloaded"
10004497,2026-08-28 01:52:09,ERROR,Network,"High memory usage"
10004498,2026-08-28 01:52:11,WARN,Network,"High memory usage"
10004499,2026-08-28 01:52:14,INFO,API,"Connection timeout"
10004500,2026-08-28 01:52:17,WARN,Network,"Server overloaded"
10004501,2026-08-28 01:52:17,WARN,Authentication,"Server overloaded"
10004502,2026-08-28 01:52:19,INFO,API,"Request completed"
10004503,2026-08-28 01:52:21,WARN,Storage,"Authentication failed"
10004504,2026-08-28 01:52:24,ERROR,Network,"Server overloaded"
10004505,2026-08-28 01:52:24,WARN,Payment,"Payment failed"
10004506,2026-08-28 01:52:27,ERROR,Payment,"Connection refused"
10004507,2026-08-28 01:52:27,DEBUG,Authentication,"Payment failed"
10004508,2026-08-28 01:52:28,DEBUG,Network,"Server overloaded"
10004509,2026-08-28 01:52:29,DEBUG,Payment,"File not found"
10004510,2026-08-28 01:52:30,INFO,Server,"Connection timeout"
10004511,2026-08-28 01:52:31,WARN,API,"Connection timeout"
10004512,2026-08-28 01:52:31,ERROR,Storage,"Connection refused"
10004513,2026-08-28 01:52:33,WARN,API,"Server overloaded"
10004514,2026-08-28 01:52:33,ERROR,Storage,"Connection refused"
10004515,2026-08-28 01:52:35,WARN,Payment,"Invalid request"
10004516,2026-08-28 01:52:35,DEBUG,Payment,"Payment failed"
10004517,2026-08-28 01:52:37,DEBUG,Payment,"Authentication failed"
10004518,2026-08-28 01:52:40,WARN,Authentication,"Connection refused"
10004519,2026-08-28 01:52:42,WARN,Authentication,"Server overloaded"
10004520,2026-08-28 01:52:43,WARN,API,"High memory usage"
10004521,2026-08-28 01:52:46,ERROR,Authentication,"Connection timeout"
10004522,2026-08-28 01:52:47,DEBUG,API,"File not found"
10004523,2026-08-28 01:52:50,DEBUG,Network,"Invalid request"
10004524,2026-08-28 01:52:50,INFO,Payment,"Invalid request"
10004525,2026-08-28 01:52:51,DEBUG,Payment,"Request completed"
10004526,2026-08-28 01:52:54,DEBUG,Payment,"Connection refused"
10004527,2026-08-28 01:52:54,INFO,API,"Invalid request"
10004528,2026-08-28 01:52:54,WARN,Payment,"Connection timeout"
10004529,2026-08-28 01:52:55,ERROR,Payment,"Database unavailable"
10004530,2026-08-28 01:52:55,WARN,Network,"Request completed"
10004531,2026-08-28 01:52:56,INFO,Payment,"High memory usage"
10004532,2026-08-28 01:52:56,WARN,API,"Connection timeout"
10004533,2026-08-28 01:52:56,INFO,Payment,"Database unavailable"
10004534,2026-08-28 01:52:57,DEBUG,Authentication,"File not found"
10004535,2026-08-28 01:52:57,INFO,API,"File not found"
10004536,2026-08-28 01:52:59,INFO,Authentication,"File not found"
10004537,2026-08-28 01:53:00,DEBUG,Network,"Payment failed"
10004538,2026-08-28 01:53:03,ERROR,Payment,"Invalid request"
10004539,2026-08-28 01:53:05,WARN,Authentication,"Payment failed"
10004540,2026-08-28 01:53:08,DEBUG,Server,"Request completed"
10004541,2026-08-28 01:53:11,ERROR,Storage,"Request completed"
10004542,2026-08-28 01:53:12,ERROR,Storage,"Authentication failed"
10004543,2026-08-28 01:53:12,WARN,Payment,"High memory usage"
10004544,2026-08-28 01:53:13,ERROR,Server,"Invalid request"
10004545,2026-08-28 01:53:13,WARN,Database,"Payment failed"
10004546,2026-08-28 01:53:15,DEBUG,Storage,"Invalid request"
10004547,2026-08-28 01:53:16,WARN,Database,"Invalid request"
10004548,2026-08-28 01:53:16,INFO,Database,"Server overloaded"
10004549,2026-08-28 01:53:19,WARN,Server,"Authentication failed"
10004550,2026-08-28 01:53:20,WARN,API,"Database unavailable"
10004551,2026-08-28 01:53:20,ERROR,Database,"Connection refused"
10004552,2026-08-28 01:53:20,ERROR,API,"Server overloaded"
10004553,2026-08-28 01:53:20,DEBUG,API,"Connection refused"
10004554,2026-08-28 01:53:20,WARN,Network,"Authentication failed"
10004555,2026-08-28 01:53:23,INFO,Authentication,"Invalid request"
10004556,2026-08-28 01:53:26,WARN,Database,"Payment failed"
10004557,2026-08-28 01:53:28,INFO,Database,"Request completed"
10004558,2026-08-28 01:53:29,INFO,API,"Connection refused"
10004559,2026-08-28 01:53:29,DEBUG,Server,"Invalid request"
10004560,2026-08-28 01:53:30,ERROR,Storage,"Connection refused"
10004561,2026-08-28 01:53:31,ERROR,Network,"Request completed"
10004562,2026-08-28 01:53:31,INFO,Authentication,"Invalid request"
10004563,2026-08-28 01:53:33,WARN,Database,"Server overloaded"
10004564,2026-08-28 01:53:36,WARN,Server,"Payment failed"
10004565,2026-08-28 01:53:39,DEBUG,Network,"Server overloaded"
10004566,2026-08-28 01:53:40,WARN,Server,"Connection refused"
10004567,2026-08-28 01:53:42,ERROR,API,"Connection timeout"
10004568,2026-08-28 01:53:43,ERROR,Authentication,"Server overloaded"
10004569,2026-08-28 01:53:45,ERROR,Database,"Connection refused"
10004570,2026-08-28 01:53:45,DEBUG,Database,"Authentication failed"
10004571,2026-08-28 01:53:45,WARN,Payment,"Request completed"
10004572,2026-08-28 01:53:46,WARN,Database,"File not found"
10004573,2026-08-28 01:53:46,INFO,Payment,"Payment failed"
10004574,2026-08-28 01:53:49,INFO,Network,"Payment failed"
10004575,2026-08-28 01:53:51,INFO,Network,"Connection refused"
10004576,2026-08-28 01:53:52,WARN,Storage,"High memory usage"
10004577,2026-08-28 01:53:52,ERROR,Storage,"Authentication failed"
10004578,2026-08-28 01:53:53,INFO,Payment,"Invalid request"
10004579,2026-08-28 01:53:56,INFO,API,"Server overloaded"
10004580,2026-08-28 01:53:57,WARN,Storage,"File not found"
10004581,2026-08-28 01:53:57,DEBUG,Network,"Authentication failed"
10004582,2026-08-28 01:53:57,WARN,Payment,"Payment failed"
10004583,2026-08-28 01:54:00,WARN,Database,"Payment failed"
10004584,2026-08-28 01:54:01,INFO,API,"Request completed"
10004585,2026-08-28 01:54:04,DEBUG,Network,"Connection timeout"
10004586,2026-08-28 01:54:07,DEBUG,Server,"Authentication failed"
10004587,2026-08-28 01:54:08,INFO,Payment,"Payment failed"
10004588,2026-08-28 01:54:11,WARN,Database,"High memory usage"
10004589,2026-08-28 01:54:13,INFO,API,"Connection timeout"
10004590,2026-08-28 01:54:13,DEBUG,Database,"High memory usage"
10004591,2026-08-28 01:54:16,ERROR,Server,"File not found"
10004592,2026-08-28 01:54:19,WARN,Payment,"Request completed"
10004593,2026-08-28 01:54:21,DEBUG,Storage,"Database unavailable"
10004594,2026-08-28 01:54:24,INFO,API,"High memory usage"
10004595,2026-08-28 01:54:25,WARN,Database,"Request completed"
10004596,2026-08-28 01:54:26,INFO,Storage,"File not found"
10004597,2026-08-28 01:54:29,INFO,Storage,"File not found"
10004598,2026-08-28 01:54:29,WARN,Server,"Invalid request"
10004599,2026-08-28 01:54:29,ERROR,Authentication,"Database unavailable"
10004600,2026-08-28 01:54:31,INFO,Network,"Connection refused"
10004601,2026-08-28 01:54:31,WARN,Payment,"Connection refused"
10004602,2026-08-28 01:54:33,INFO,Network,"Payment failed"
10004603,2026-08-28 01:54:33,DEBUG,API,"File not found"
10004604,2026-08-28 01:54:33,ERROR,Database,"Connection refused"
10004605,2026-08-28 01:54:35,INFO,Payment,"Server overloaded"
10004606,2026-08-28 01:54:35,ERROR,API,"File not found"
10004607,2026-08-28 01:54:36,ERROR,Authentication,"High memory usage"
10004608,2026-08-28 01:54:38,WARN,API,"High memory usage"
10004609,2026-08-28 01:54:38,INFO,Server,"File not found"
10004610,2026-08-28 01:54:39,ERROR,Network,"Request completed"
10004611,2026-08-28 01:54:42,INFO,Payment,"Database unavailable"
10004612,2026-08-28 01:54:45,INFO,Payment,"Server overloaded"
10004613,2026-08-28 01:54:46,DEBUG,Database,"Invalid request"
10004614,2026-08-28 01:54:49,DEBUG,Server,"Server overloaded"
10004615,2026-08-28 01:54:49,ERROR,Storage,"Server overloaded"
10004616,2026-08-28 01:54:52,ERROR,Storage,"Request completed"
10004617,2026-08-28 01:54:55,ERROR,API,"Server overloaded"
10004618,2026-08-28 01:54:56,ERROR,Database,"Request completed"
10004619,2026-08-28 01:54:57,INFO,Storage,"Authentication failed"
10004620,2026-08-28 01:55:00,DEBUG,Authentication,"Payment failed"
10004621,2026-08-28 01:55:01,DEBUG,Storage,"Server overloaded"
10004622,2026-08-28 01:55:04,INFO,Database,"Invalid request"
10004623,2026-08-28 01:55:06,INFO,API,"Database unavailable"
10004624,2026-08-28 01:55:08,WARN,Payment,"Server overloaded"
10004625,2026-08-28 01:55:11,WARN,Authentication,"Request completed"
10004626,2026-08-28 01:55:11,WARN,Network,"High memory usage"
10004627,2026-08-28 01:55:12,ERROR,Database,"File not found"
10004628,2026-08-28 01:55:13,DEBUG,Database,"File not found"
10004629,2026-08-28 01:55:14,DEBUG,Database,"Authentication failed"
10004630,2026-08-28 01:55:14,ERROR,Authentication,"Database unavailable"
10004631,2026-08-28 01:55:15,DEBUG,Network,"File not found"
10004632,2026-08-28 01:55:18,WARN,Payment,"File not found"
10004633,2026-08-28 01:55:21,DEBUG,Network,"File not found"
10004634,2026-08-28 01:55:23,INFO,Database,"Connection refused"
10004635,2026-08-28 01:55:26,INFO,Database,"Server overloaded"
10004636,2026-08-28 01:55:28,WARN,Network,"Server overloaded"
10004637,2026-08-28 01:55:28,ERROR,Database,"File not found"
10004638,2026-08-28 01:55:30,ERROR,Payment,"File not found"
10004639,2026-08-28 01:55:31,ERROR,Authentication,"Connection timeout"
10004640,2026-08-28 01:55:34,DEBUG,API,"Authentication failed"
10004641,2026-08-28 01:55:35,WARN,Payment,"High memory usage"
10004642,2026-08-28 01:55:36,ERROR,Network,"Server overloaded"
10004643,2026-08-28 01:55:39,DEBUG,API,"Invalid request"
10004644,2026-08-28 01:55:41,INFO,Server,"Payment failed"
10004645,2026-08-28 01:55:42,WARN,Database,"Request completed"
10004646,2026-08-28 01:55:44,ERROR,Authentication,"Connection refused"
10004647,2026-08-28 01:55:44,WARN,Network,"High memory usage"
10004648,2026-08-28 01:55:46,INFO,Network,"Connection timeout"
10004649,2026-08-28 01:55:48,ERROR,Payment,"Connection timeout"
10004650,2026-08-28 01:55:49,ERROR,Network,"Database unavailable"
10004651,2026-08-28 01:55:51,WARN,Database,"Database unavailable"
10004652,2026-08-28 01:55:52,ERROR,Authentication,"High memory usage"
10004653,2026-08-28 01:55:55,INFO,Network,"Database unavailable"
10004654,2026-08-28 01:55:55,ERROR,Database,"File not found"
10004655,2026-08-28 01:55:57,WARN,Database,"Invalid request"
10004656,2026-08-28 01:56:00,WARN,Network,"Authentication failed"
10004657,2026-08-28 01:56:02,ERROR,Database,"Server overloaded"
10004658,2026-08-28 01:56:05,INFO,Payment,"Server overloaded"
10004659,2026-08-28 01:56:06,DEBUG,Storage,"Payment failed"
10004660,2026-08-28 01:56:06,DEBUG,Authentication,"File not found"
10004661,2026-08-28 01:56:07,INFO,Database,"Authentication failed"
10004662,2026-08-28 01:56:07,WARN,Network,"Authentication failed"
10004663,2026-08-28 01:56:08,WARN,API,"Invalid request"
10004664,2026-08-28 01:56:08,INFO,Storage,"Server overloaded"
10004665,2026-08-28 01:56:09,WARN,Database,"Authentication failed"
10004666,2026-08-28 01:56:10,INFO,Network,"Connection refused"
10004667,2026-08-28 01:56:10,ERROR,Server,"Server overloaded"
10004668,2026-08-28 01:56:12,INFO,Network,"Request completed"
10004669,2026-08-28 01:56:15,WARN,Authentication,"Authentication failed"
10004670,2026-08-28 01:56:15,DEBUG,Server,"File not found"
10004671,2026-08-28 01:56:16,ERROR,Database,"High memory usage"
10004672,2026-08-28 01:56:17,WARN,API,"Request completed"
10004673,2026-08-28 01:56:19,DEBUG,API,"Authentication failed"
10004674,2026-08-28 01:56:20,DEBUG,Authentication,"Server overloaded"
10004675,2026-08-28 01:56:21,WARN,Server,"Payment failed"
10004676,2026-08-28 01:56:24,WARN,Server,"File not found"
10004677,2026-08-28 01:56:26,INFO,Network,"File not found"
10004678,2026-08-28 01:56:28,DEBUG,Network,"High memory usage"
10004679,2026-08-28 01:56:30,WARN,Database,"Connection timeout"
10004680,2026-08-28 01:56:32,WARN,API,"Authentication failed"
10004681,2026-08-28 01:56:35,INFO,Server,"Payment failed"
10004682,2026-08-28 01:56:37,ERROR,Network,"Invalid request"
10004683,2026-08-28 01:56:40,INFO,Server,"High memory usage"
10004684,2026-08-28 01:56:40,WARN,Storage,"Server overloaded"
10004685,2026-08-28 01:56:40,ERROR,API,"Invalid request"
10004686,2026-08-28 01:56:43,DEBUG,Database,"Database unavailable"
10004687,2026-08-28 01:56:43,ERROR,API,"File not found"
10004688,2026-08-28 01:56:44,WARN,Network,"Payment failed"
10004689,2026-08-28 01:56:44,DEBUG,Authentication,"Authentication failed"
10004690,2026-08-28 01:56:44,INFO,Storage,"Connection refused"
10004691,2026-08-28 01:56:44,WARN,API,"Connection timeout"
10004692,2026-08-28 01:56:47,INFO,Payment,"Request completed"
10004693,2026-08-28 01:56:47,ERROR,Server,"File not found"
10004694,2026-08-28 01:56:47,ERROR,API,"Database unavailable"
10004695,2026-08-28 01:56:47,WARN,Payment,"Server overloaded"
10004696,2026-08-28 01:56:49,ERROR,Database,"High memory usage"
10004697,2026-08-28 01:56:51,DEBUG,Payment,"Server overloaded"
10004698,2026-08-28 01:56:53,WARN,Network,"File not found"
10004699,2026-08-28 01:56:54,ERROR,API,"Database unavailable"
10004700,2026-08-28 01:56:57,DEBUG,Payment,"Connection timeout"
10004701,2026-08-28 01:56:58,ERROR,Network,"Payment failed"
10004702,2026-08-28 01:56:59,INFO,Authentication,"Database unavailable"
10004703,2026-08-28 01:57:02,DEBUG,Authentication,"Invalid request"
10004704,2026-08-28 01:57:04,ERROR,API,"Server overloaded"
10004705,2026-08-28 01:57:04,INFO,Authentication,"Server overloaded"
10004706,2026-08-28 01:57:05,ERROR,Storage,"Connection timeout"
10004707,2026-08-28 01:57:05,ERROR,Server,"Payment failed"
10004708,2026-08-28 01:57:07,INFO,Database,"Server overloaded"
10004709,2026-08-28 01:57:08,ERROR,Authentication,"Database unavailable"
10004710,2026-08-28 01:57:09,WARN,Database,"Payment failed"
10004711,2026-08-28 01:57:10,ERROR,Database,"Payment failed"
10004712,2026-08-28 01:57:10,ERROR,Server,"Connection refused"
10004713,2026-08-28 01:57:13,WARN,Network,"File not found"
10004714,2026-08-28 01:57:15,WARN,Network,"Invalid request"
10004715,2026-08-28 01:57:18,ERROR,Payment,"High memory usage"
10004716,2026-08-28 01:57:21,DEBUG,API,"Server overloaded"
10004717,2026-08-28 01:57:23,WARN,Authentication,"Connection refused"
10004718,2026-08-28 01:57:24,DEBUG,Database,"Database unavailable"
10004719,2026-08-28 01:57:27,DEBUG,Authentication,"Invalid request"
10004720,2026-08-28 01:57:30,DEBUG,Payment,"Invalid request"
10004721,2026-08-28 01:57:33,DEBUG,Authentication,"Connection refused"
10004722,2026-08-28 01:57:33,DEBUG,Server,"Connection refused"
10004723,2026-08-28 01:57:36,INFO,Storage,"Authentication failed"
10004724,2026-08-28 01:57:39,INFO,API,"Server overloaded"
10004725,2026-08-28 01:57:41,WARN,Authentication,"Invalid request"
10004726,2026-08-28 01:57:43,WARN,Network,"Request completed"
10004727,2026-08-28 01:57:46,ERROR,Server,"Authentication failed"
10004728,2026-08-28 01:57:46,WARN,Storage,"Connection timeout"
10004729,2026-08-28 01:57:48,INFO,Payment,"File not found"
10004730,2026-08-28 01:57:48,INFO,Storage,"Server overloaded"
10004731,2026-08-28 01:57:49,WARN,Authentication,"Authentication failed"
10004732,2026-08-28 01:57:52,ERROR,Network,"Invalid request"
10004733,2026-08-28 01:57:52,INFO,Server,"Authentication failed"
10004734,2026-08-28 01:57:55,WARN,Authentication,"Server overloaded"
10004735,2026-08-28 01:57:58,ERROR,Server,"Connection refused"
10004736,2026-08-28 01:57:59,INFO,API,"Database unavailable"
10004737,2026-08-28 01:57:59,ERROR,API,"Server overloaded"
10004738,2026-08-28 01:58:00,INFO,Database,"High memory usage"
10004739,2026-08-28 01:58:00,INFO,Database,"Server overloaded"
10004740,2026-08-28 01:58:00,INFO,Payment,"Invalid request"
10004741,2026-08-28 01:58:02,INFO,Database,"File not found"
10004742,2026-08-28 01:58:04,DEBUG,API,"Authentication failed"
10004743,2026-08-28 01:58:05,ERROR,Database,"Connection refused"
10004744,2026-08-28 01:58:06,ERROR,Server,"Connection timeout"
10004745,2026-08-28 01:58:06,WARN,API,"File not found"
10004746,2026-08-28 01:58:09,ERROR,Payment,"Connection timeout"
10004747,2026-08-28 01:58:12,ERROR,Payment,"Database unavailable"
10004748,2026-08-28 01:58:12,DEBUG,API,"Authentication failed"
10004749,2026-08-28 01:58:14,INFO,Storage,"High memory usage"
10004750,2026-08-28 01:58:17,INFO,Database,"Connection timeout"
10004751,2026-08-28 01:58:17,INFO,Network,"Server overloaded"
10004752,2026-08-28 01:58:19,WARN,Authentication,"Authentication failed"
10004753,2026-08-28 01:58:21,ERROR,Payment,"Connection timeout"
10004754,2026-08-28 01:58:23,WARN,Authentication,"High memory usage"
10004755,2026-08-28 01:58:24,ERROR,Payment,"Server overloaded"
10004756,2026-08-28 01:58:25,WARN,Server,"Payment failed"
10004757,2026-08-28 01:58:28,ERROR,Server,"File not found"
10004758,2026-08-28 01:58:28,DEBUG,API,"Server overloaded"
10004759,2026-08-28 01:58:28,INFO,Server,"Connection refused"
10004760,2026-08-28 01:58:31,ERROR,Authentication,"Connection refused"
10004761,2026-08-28 01:58:32,DEBUG,Storage,"Invalid request"
10004762,2026-08-28 01:58:32,WARN,Payment,"High memory usage"
10004763,2026-08-28 01:58:35,INFO,Database,"Connection timeout"
10004764,2026-08-28 01:58:36,INFO,Server,"Server overloaded"
10004765,2026-08-28 01:58:37,INFO,Database,"File not found"
10004766,2026-08-28 01:58:40,WARN,Payment,"Connection refused"
10004767,2026-08-28 01:58:43,WARN,Server,"High memory usage"
10004768,2026-08-28 01:58:45,ERROR,Database,"File not found"
10004769,2026-08-28 01:58:46,INFO,Network,"Database unavailable"
10004770,2026-08-28 01:58:48,ERROR,Storage,"Payment failed"
10004771,2026-08-28 01:58:51,DEBUG,Payment,"Authentication failed"
10004772,2026-08-28 01:58:54,INFO,Payment,"Payment failed"
10004773,2026-08-28 01:58:57,INFO,Payment,"Invalid request"
10004774,2026-08-28 01:58:59,DEBUG,Network,"Server overloaded"
10004775,2026-08-28 01:59:00,WARN,Payment,"Connection refused"
10004776,2026-08-28 01:59:03,DEBUG,Storage,"File not found"
10004777,2026-08-28 01:59:04,INFO,Network,"Request completed"
10004778,2026-08-28 01:59:07,DEBUG,Server,"Connection refused"
10004779,2026-08-28 01:59:08,WARN,Storage,"Database unavailable"
10004780,2026-08-28 01:59:10,WARN,Database,"Request completed"
10004781,2026-08-28 01:59:13,INFO,Server,"File not found"
10004782,2026-08-28 01:59:16,DEBUG,Authentication,"Invalid request"
10004783,2026-08-28 01:59:19,INFO,Network,"File not found"
10004784,2026-08-28 01:59:20,WARN,Authentication,"Payment failed"
10004785,2026-08-28 01:59:22,WARN,Authentication,"Server overloaded"
10004786,2026-08-28 01:59:23,WARN,API,"File not found"
10004787,2026-08-28 01:59:25,INFO,Network,"Payment failed"
10004788,2026-08-28 01:59:28,INFO,Network,"Payment failed"
10004789,2026-08-28 01:59:28,ERROR,API,"Connection timeout"
10004790,2026-08-28 01:59:30,DEBUG,Database,"Payment failed"
10004791,2026-08-28 01:59:32,ERROR,Payment,"High memory usage"
10004792,2026-08-28 01:59:33,DEBUG,Database,"Connection refused"
10004793,2026-08-28 01:59:35,DEBUG,Database,"Connection refused"
10004794,2026-08-28 01:59:37,ERROR,Database,"File not found"
10004795,2026-08-28 01:59:37,WARN,API,"Payment failed"
10004796,2026-08-28 01:59:39,WARN,API,"Request completed"
10004797,2026-08-28 01:59:40,WARN,Database,"Request completed"
10004798,2026-08-28 01:59:40,INFO,Storage,"Server overloaded"
10004799,2026-08-28 01:59:41,DEBUG,Storage,"Invalid request"
10004800,2026-08-28 01:59:44,INFO,Database,"Payment failed"
10004801,2026-08-28 01:59:47,ERROR,Authentication,"Authentication failed"
10004802,2026-08-28 01:59:49,INFO,API,"Connection refused"
10004803,2026-08-28 01:59:50,ERROR,Payment,"File not found"
10004804,2026-08-28 01:59:50,INFO,API,"Database unavailable"
10004805,2026-08-28 01:59:52,DEBUG,Authentication,"Payment failed"
10004806,2026-08-28 01:59:52,WARN,Network,"High memory usage"
10004807,2026-08-28 01:59:52,DEBUG,Storage,"Server overloaded"
10004808,2026-08-28 01:59:52,ERROR,API,"High memory usage"
10004809,2026-08-28 01:59:52,WARN,Server,"Connection refused"
10004810,2026-08-28 01:59:55,INFO,API,"File not found"
10004811,2026-08-28 01:59:57,WARN,Payment,"Authentication failed"
10004812,2026-08-28 01:59:58,WARN,Payment,"Invalid request"
10004813,2026-08-28 02:00:01,DEBUG,Network,"File not found"
10004814,2026-08-28 02:00:04,ERROR,API,"File not found"
10004815,2026-08-28 02:00:05,INFO,API,"Payment failed"
10004816,2026-08-28 02:00:08,WARN,API,"Connection refused"
10004817,2026-08-28 02:00:11,WARN,Payment,"Payment failed"
10004818,2026-08-28 02:00:11,DEBUG,Authentication,"Connection refused"
10004819,2026-08-28 02:00:14,DEBUG,Authentication,"Connection timeout"
10004820,2026-08-28 02:00:17,ERROR,Database,"Request completed"
10004821,2026-08-28 02:00:20,DEBUG,Payment,"Connection refused"
10004822,2026-08-28 02:00:23,WARN,Authentication,"Request completed"
10004823,2026-08-28 02:00:23,DEBUG,Payment,"Database unavailable"
10004824,2026-08-28 02:00:26,DEBUG,Server,"Invalid request"
10004825,2026-08-28 02:00:27,ERROR,Storage,"Database unavailable"
10004826,2026-08-28 02:00:28,WARN,Authentication,"Invalid request"
10004827,2026-08-28 02:00:28,DEBUG,API,"File not found"
10004828,2026-08-28 02:00:31,DEBUG,Authentication,"Server overloaded"
10004829,2026-08-28 02:00:34,DEBUG,Server,"Payment failed"
10004830,2026-08-28 02:00:35,ERROR,Authentication,"File not found"
10004831,2026-08-28 02:00:35,ERROR,Database,"File not found"
10004832,2026-08-28 02:00:35,DEBUG,Server,"Database unavailable"
10004833,2026-08-28 02:00:36,DEBUG,Network,"Database unavailable"
10004834,2026-08-28 02:00:38,WARN,Database,"Payment failed"
10004835,2026-08-28 02:00:38,INFO,API,"File not found"
10004836,2026-08-28 02:00:41,DEBUG,Database,"Payment failed"
10004837,2026-08-28 02:00:44,INFO,Network,"High memory usage"
10004838,2026-08-28 02:00:46,WARN,API,"Connection timeout"
10004839,2026-08-28 02:00:49,INFO,API,"Database unavailable"
10004840,2026-08-28 02:00:50,WARN,Server,"Database unavailable"
10004841,2026-08-28 02:00:52,ERROR,Database,"File not found"
10004842,2026-08-28 02:00:53,ERROR,Storage,"Authentication failed"
10004843,2026-08-28 02:00:54,INFO,Database,"File not found"
10004844,2026-08-28 02:00:56,DEBUG,API,"High memory usage"
10004845,2026-08-28 02:00:58,ERROR,API,"Server overloaded"
10004846,2026-08-28 02:01:01,DEBUG,Server,"Server overloaded"
10004847,2026-08-28 02:01:02,WARN,Network,"Connection timeout"
10004848,2026-08-28 02:01:03,DEBUG,Authentication,"High memory usage"
10004849,2026-08-28 02:01:05,DEBUG,Authentication,"Server overloaded"
10004850,2026-08-28 02:01:05,ERROR,Network,"Connection refused"
10004851,2026-08-28 02:01:08,DEBUG,API,"Server overloaded"
10004852,2026-08-28 02:01:09,WARN,Payment,"High memory usage"
10004853,2026-08-28 02:01:12,WARN,Network,"Invalid request"
10004854,2026-08-28 02:01:13,INFO,Authentication,"Payment failed"
10004855,2026-08-28 02:01:14,WARN,Network,"Request completed"
10004856,2026-08-28 02:01:15,WARN,Server,"Request completed"
10004857,2026-08-28 02:01:16,INFO,Payment,"Database unavailable"
10004858,2026-08-28 02:01:18,DEBUG,Network,"Authentication failed"
10004859,2026-08-28 02:01:20,DEBUG,Server,"Database unavailable"
10004860,2026-08-28 02:01:21,ERROR,Database,"Database unavailable"
10004861,2026-08-28 02:01:21,ERROR,Payment,"Database unavailable"
10004862,2026-08-28 02:01:23,WARN,Database,"High memory usage"
10004863,2026-08-28 02:01:25,INFO,Storage,"Invalid request"
10004864,2026-08-28 02:01:28,ERROR,Network,"Request completed"
10004865,2026-08-28 02:01:28,WARN,Server,"High memory usage"
10004866,2026-08-28 02:01:30,INFO,Server,"Request completed"
10004867,2026-08-28 02:01:33,WARN,Payment,"Database unavailable"
10004868,2026-08-28 02:01:33,DEBUG,Authentication,"High memory usage"
10004869,2026-08-28 02:01:34,DEBUG,Payment,"Authentication failed"
10004870,2026-08-28 02:01:36,ERROR,Payment,"Authentication failed"
10004871,2026-08-28 02:01:39,ERROR,API,"Invalid request"
10004872,2026-08-28 02:01:39,WARN,Authentication,"Invalid request"
10004873,2026-08-28 02:01:39,WARN,API,"Server overloaded"
10004874,2026-08-28 02:01:41,ERROR,Network,"Connection refused"
10004875,2026-08-28 02:01:43,WARN,Payment,"Database unavailable"
10004876,2026-08-28 02:01:43,WARN,Authentication,"Database unavailable"
10004877,2026-08-28 02:01:44,WARN,Database,"Invalid request"
10004878,2026-08-28 02:01:45,ERROR,Authentication,"File not found"
10004879,2026-08-28 02:01:48,ERROR,Payment,"Connection refused"
10004880,2026-08-28 02:01:51,INFO,Authentication,"Database unavailable"
10004881,2026-08-28 02:01:53,DEBUG,Payment,"High memory usage"
10004882,2026-08-28 02:01:55,DEBUG,Network,"Database unavailable"
10004883,2026-08-28 02:01:55,DEBUG,Storage,"Connection timeout"
10004884,2026-08-28 02:01:58,INFO,Database,"Connection refused"
10004885,2026-08-28 02:01:59,INFO,Authentication,"Connection refused"
10004886,2026-08-28 02:01:59,INFO,Authentication,"Connection refused"
10004887,2026-08-28 02:01:59,INFO,Storage,"Connection refused"
10004888,2026-08-28 02:02:01,WARN,Authentication,"Authentication failed"
10004889,2026-08-28 02:02:04,INFO,Server,"Authentication failed"
10004890,2026-08-28 02:02:06,DEBUG,Network,"File not found"
10004891,2026-08-28 02:02:06,ERROR,Database,"High memory usage"
10004892,2026-08-28 02:02:07,ERROR,Payment,"File not found"
10004893,2026-08-28 02:02:10,WARN,Authentication,"Request completed"
10004894,2026-08-28 02:02:10,WARN,Database,"Connection refused"
10004895,2026-08-28 02:02:12,DEBUG,API,"Payment failed"
10004896,2026-08-28 02:02:15,DEBUG,Authentication,"High memory usage"
10004897,2026-08-28 02:02:18,WARN,Payment,"File not found"
10004898,2026-08-28 02:02:20,INFO,Payment,"Invalid request"
10004899,2026-08-28 02:02:23,INFO,Authentication,"Connection refused"
10004900,2026-08-28 02:02:25,DEBUG,Authentication,"Server overloaded"
10004901,2026-08-28 02:02:27,INFO,API,"Server overloaded"
10004902,2026-08-28 02:02:27,WARN,Storage,"Authentication failed"
10004903,2026-08-28 02:02:27,WARN,Payment,"Connection timeout"
10004904,2026-08-28 02:02:30,DEBUG,Payment,"Request completed"
10004905,2026-08-28 02:02:31,ERROR,Authentication,"Request completed"
10004906,2026-08-28 02:02:33,WARN,Payment,"Connection timeout"
10004907,2026-08-28 02:02:33,DEBUG,Storage,"File not found"
10004908,2026-08-28 02:02:36,DEBUG,Storage,"Database unavailable"
10004909,2026-08-28 02:02:36,INFO,Payment,"Server overloaded"
10004910,2026-08-28 02:02:38,ERROR,Network,"Invalid request"
10004911,2026-08-28 02:02:39,WARN,Storage,"High memory usage"
10004912,2026-08-28 02:02:41,ERROR,Payment,"Invalid request"
10004913,2026-08-28 02:02:41,INFO,Database,"Payment failed"
10004914,2026-08-28 02:02:44,ERROR,Server,"Request completed"
10004915,2026-08-28 02:02:47,DEBUG,Payment,"Connection refused"
10004916,2026-08-28 02:02:50,WARN,Authentication,"Invalid request"
10004917,2026-08-28 02:02:52,INFO,Storage,"Connection timeout"
10004918,2026-08-28 02:02:54,ERROR,Database,"File not found"
10004919,2026-08-28 02:02:54,INFO,Payment,"Request completed"
10004920,2026-08-28 02:02:54,INFO,Storage,"Request completed"
10004921,2026-08-28 02:02:55,INFO,Authentication,"Request completed"
10004922,2026-08-28 02:02:55,WARN,Storage,"Request completed"
10004923,2026-08-28 02:02:56,ERROR,Payment,"Payment failed"
10004924,2026-08-28 02:02:56,INFO,Database,"Server overloaded"
10004925,2026-08-28 02:02:58,INFO,Storage,"High memory usage"
10004926,2026-08-28 02:03:01,DEBUG,Storage,"High memory usage"
10004927,2026-08-28 02:03:04,WARN,Database,"High memory usage"
10004928,2026-08-28 02:03:07,DEBUG,Server,"Server overloaded"
10004929,2026-08-28 02:03:10,ERROR,Network,"Invalid request"
10004930,2026-08-28 02:03:12,INFO,API,"Connection refused"
10004931,2026-08-28 02:03:13,INFO,Authentication,"Invalid request"
10004932,2026-08-28 02:03:16,INFO,Database,"Database unavailable"
10004933,2026-08-28 02:03:17,INFO,Authentication,"Connection timeout"
10004934,2026-08-28 02:03:19,DEBUG,Authentication,"Invalid request"
10004935,2026-08-28 02:03:20,INFO,Authentication,"Authentication failed"
10004936,2026-08-28 02:03:20,INFO,Payment,"Payment failed"
10004937,2026-08-28 02:03:20,INFO,Network,"Invalid request"
10004938,2026-08-28 02:03:20,DEBUG,Payment,"Request completed"
10004939,2026-08-28 02:03:23,DEBUG,Payment,"Request completed"
10004940,2026-08-28 02:03:23,INFO,Payment,"Authentication failed"
10004941,2026-08-28 02:03:23,WARN,Server,"Payment failed"
10004942,2026-08-28 02:03:25,WARN,Server,"Invalid request"
10004943,2026-08-28 02:03:28,WARN,Authentication,"Server overloaded"
10004944,2026-08-28 02:03:29,WARN,Authentication,"Connection timeout"
10004945,2026-08-28 02:03:30,WARN,Storage,"High memory usage"
10004946,2026-08-28 02:03:31,ERROR,Database,"Invalid request"
10004947,2026-08-28 02:03:34,WARN,Server,"Authentication failed"
10004948,2026-08-28 02:03:35,INFO,Network,"High memory usage"
10004949,2026-08-28 02:03:37,DEBUG,Payment,"Payment failed"
10004950,2026-08-28 02:03:40,DEBUG,Database,"High memory usage"
10004951,2026-08-28 02:03:43,INFO,Authentication,"Request completed"
10004952,2026-08-28 02:03:45,INFO,Storage,"Request completed"
10004953,2026-08-28 02:03:46,DEBUG,Database,"Connection timeout"
10004954,2026-08-28 02:03:49,INFO,Authentication,"High memory usage"
10004955,2026-08-28 02:03:52,WARN,Storage,"Connection timeout"
10004956,2026-08-28 02:03:55,INFO,Database,"Authentication failed"
10004957,2026-08-28 02:03:58,ERROR,API,"Request completed"
10004958,2026-08-28 02:03:59,WARN,Network,"Connection timeout"
10004959,2026-08-28 02:04:01,DEBUG,Authentication,"Authentication failed"
10004960,2026-08-28 02:04:03,INFO,Storage,"Authentication failed"
10004961,2026-08-28 02:04:03,INFO,Network,"Payment failed"
10004962,2026-08-28 02:04:06,INFO,Network,"File not found"
10004963,2026-08-28 02:04:08,INFO,Server,"Connection refused"
10004964,2026-08-28 02:04:08,WARN,Server,"Payment failed"
10004965,2026-08-28 02:04:09,WARN,Network,"Request completed"
10004966,2026-08-28 02:04:11,WARN,Storage,"Request completed"
10004967,2026-08-28 02:04:12,INFO,Payment,"Authentication failed"
10004968,2026-08-28 02:04:12,ERROR,Database,"Database unavailable"
10004969,2026-08-28 02:04:13,WARN,Network,"File not found"
10004970,2026-08-28 02:04:15,DEBUG,Database,"Request completed"
10004971,2026-08-28 02:04:18,INFO,Database,"Authentication failed"
10004972,2026-08-28 02:04:20,WARN,Server,"Request completed"
10004973,2026-08-28 02:04:23,DEBUG,Authentication,"High memory usage"
10004974,2026-08-28 02:04:23,WARN,Database,"Connection timeout"
10004975,2026-08-28 02:04:23,INFO,API,"Invalid request"
10004976,2026-08-28 02:04:25,INFO,Network,"Invalid request"
10004977,2026-08-28 02:04:26,DEBUG,Network,"Connection timeout"
10004978,2026-08-28 02:04:26,ERROR,Server,"Server overloaded"
10004979,2026-08-28 02:04:29,INFO,Payment,"Connection timeout"
10004980,2026-08-28 02:04:31,DEBUG,Storage,"Request completed"
10004981,2026-08-28 02:04:33,INFO,Database,"Payment failed"
10004982,2026-08-28 02:04:33,ERROR,Database,"Authentication failed"
10004983,2026-08-28 02:04:33,DEBUG,Authentication,"Payment failed"
10004984,2026-08-28 02:04:33,WARN,Network,"Connection refused"
10004985,2026-08-28 02:04:33,ERROR,Server,"File not found"
10004986,2026-08-28 02:04:36,ERROR,Server,"File not found"
10004987,2026-08-28 02:04:38,DEBUG,Network,"Authentication failed"
10004988,2026-08-28 02:04:39,INFO,Storage,"Invalid request"
10004989,2026-08-28 02:04:40,WARN,Authentication,"Connection refused"
10004990,2026-08-28 02:04:42,WARN,Payment,"Connection refused"
10004991,2026-08-28 02:04:43,INFO,Payment,"High memory usage"
10004992,2026-08-28 02:04:45,DEBUG,Database,"High memory usage"
10004993,2026-08-28 02:04:45,ERROR,API,"Invalid request"
10004994,2026-08-28 02:04:45,DEBUG,Network,"High memory usage"
10004995,2026-08-28 02:04:45,INFO,Server,"Authentication failed"
10004996,2026-08-28 02:04:48,DEBUG,Network,"Database unavailable"
10004997,2026-08-28 02:04:51,ERROR,Authentication,"Connection refused"
10004998,2026-08-28 02:04:51,INFO,Database,"Authentication failed"
10004999,2026-08-28 02:04:54,DEBUG,Database,"Server overloaded"
10005000,2026-08-28 02:04:55,INFO,API,"Database unavailable"
10005001,2026-08-28 02:04:55,DEBUG,Authentication,"Connection timeout"
10005002,2026-08-28 02:04:58,DEBUG,Authentication,"Authentication failed"
10005003,2026-08-28 02:04:59,INFO,Database,"High memory usage"
10005004,2026-08-28 02:04:59,INFO,Database,"Server overloaded"
10005005,2026-08-28 02:04:59,INFO,Server,"File not found"
10005006,2026-08-28 02:05:01,ERROR,Network,"Invalid request"
10005007,2026-08-28 02:05:02,DEBUG,Network,"Authentication failed"
10005008,2026-08-28 02:05:03,ERROR,Network,"Database unavailable"
10005009,2026-08-28 02:05:05,ERROR,Payment,"Invalid request"
10005010,2026-08-28 02:05:06,DEBUG,Network,"Connection refused"
10005011,2026-08-28 02:05:09,DEBUG,Server,"Request completed"
10005012,2026-08-28 02:05:12,WARN,Payment,"Request completed"
10005013,2026-08-28 02:05:15,ERROR,Database,"High memory usage"
10005014,2026-08-28 02:05:18,INFO,Payment,"Server overloaded"
10005015,2026-08-28 02:05:18,WARN,Authentication,"Request completed"
10005016,2026-08-28 02:05:21,INFO,Network,"Connection timeout"
10005017,2026-08-28 02:05:24,INFO,Authentication,"High memory usage"
10005018,2026-08-28 02:05:25,DEBUG,Database,"Server overloaded"
10005019,2026-08-28 02:05:28,DEBUG,Authentication,"Invalid request"
10005020,2026-08-28 02:05:29,DEBUG,Database,"Connection timeout"
10005021,2026-08-28 02:05:31,WARN,API,"Payment failed"
10005022,2026-08-28 02:05:32,INFO,Server,"Invalid request"
10005023,2026-08-28 02:05:34,WARN,Server,"Payment failed"
10005024,2026-08-28 02:05:34,WARN,Storage,"Authentication failed"
10005025,2026-08-28 02:05:35,INFO,Authentication,"Connection timeout"
10005026,2026-08-28 02:05:37,ERROR,API,"Authentication failed"
10005027,2026-08-28 02:05:39,WARN,Payment,"Connection timeout"
10005028,2026-08-28 02:05:39,INFO,Network,"Authentication failed"
10005029,2026-08-28 02:05:39,WARN,Storage,"Database unavailable"
10005030,2026-08-28 02:05:41,INFO,Authentication,"Authentication failed"
10005031,2026-08-28 02:05:43,ERROR,API,"Request completed"
10005032,2026-08-28 02:05:43,WARN,Authentication,"Server overloaded"
10005033,2026-08-28 02:05:43,INFO,Network,"Request completed"
10005034,2026-08-28 02:05:43,DEBUG,Authentication,"Invalid request"
10005035,2026-08-28 02:05:46,DEBUG,Server,"Connection timeout"
10005036,2026-08-28 02:05:46,DEBUG,Payment,"Authentication failed"
10005037,2026-08-28 02:05:48,ERROR,Server,"Invalid request"
10005038,2026-08-28 02:05:49,WARN,Authentication,"File not found"
10005039,2026-08-28 02:05:49,DEBUG,Authentication,"Request completed"
10005040,2026-08-28 02:05:49,ERROR,API,"Database unavailable"
10005041,2026-08-28 02:05:51,WARN,Server,"Connection refused"
10005042,2026-08-28 02:05:53,INFO,Network,"Database unavailable"
10005043,2026-08-28 02:05:54,ERROR,Authentication,"Connection refused"
10005044,2026-08-28 02:05:55,DEBUG,Database,"Server overloaded"
10005045,2026-08-28 02:05:56,WARN,Network,"Server overloaded"
10005046,2026-08-28 02:05:56,ERROR,Database,"Invalid request"
10005047,2026-08-28 02:05:56,INFO,Authentication,"Request completed"
10005048,2026-08-28 02:05:58,DEBUG,Storage,"Server overloaded"
10005049,2026-08-28 02:06:00,DEBUG,Storage,"Payment failed"
10005050,2026-08-28 02:06:00,WARN,Authentication,"File not found"
10005051,2026-08-28 02:06:03,WARN,Network,"Server overloaded"
10005052,2026-08-28 02:06:05,WARN,Authentication,"Authentication failed"
10005053,2026-08-28 02:06:08,INFO,Authentication,"Invalid request"
10005054,2026-08-28 02:06:10,INFO,Storage,"High memory usage"
10005055,2026-08-28 02:06:12,INFO,Server,"Payment failed"
10005056,2026-08-28 02:06:13,ERROR,Authentication,"Server overloaded"
10005057,2026-08-28 02:06:16,ERROR,Payment,"Database unavailable"
10005058,2026-08-28 02:06:16,WARN,Authentication,"Authentication failed"
10005059,2026-08-28 02:06:16,INFO,Database,"Connection timeout"
10005060,2026-08-28 02:06:17,WARN,API,"Authentication failed"
10005061,2026-08-28 02:06:19,WARN,API,"Payment failed"
10005062,2026-08-28 02:06:22,WARN,Network,"Connection refused"
10005063,2026-08-28 02:06:25,WARN,Network,"Invalid request"
10005064,2026-08-28 02:06:25,INFO,Payment,"Invalid request"
10005065,2026-08-28 02:06:28,ERROR,Network,"Invalid request"
10005066,2026-08-28 02:06:30,INFO,Payment,"Database unavailable"
10005067,2026-08-28 02:06:31,INFO,Server,"Authentication failed"
10005068,2026-08-28 02:06:34,INFO,Network,"Payment failed"
10005069,2026-08-28 02:06:37,ERROR,Server,"Payment failed"
10005070,2026-08-28 02:06:38,WARN,Storage,"Database unavailable"
10005071,2026-08-28 02:06:39,WARN,API,"Payment failed"
10005072,2026-08-28 02:06:39,INFO,Authentication,"Request completed"
10005073,2026-08-28 02:06:42,INFO,Authentication,"File not found"
10005074,2026-08-28 02:06:43,INFO,Storage,"Invalid request"
10005075,2026-08-28 02:06:46,WARN,Database,"Connection timeout"
10005076,2026-08-28 02:06:49,INFO,Authentication,"Connection refused"
10005077,2026-08-28 02:06:51,INFO,Network,"Database unavailable"
10005078,2026-08-28 02:06:54,WARN,Network,"Authentication failed"
10005079,2026-08-28 02:06:55,WARN,API,"File not found"
10005080,2026-08-28 02:06:58,INFO,Storage,"High memory usage"
10005081,2026-08-28 02:07:00,DEBUG,Network,"Payment failed"
10005082,2026-08-28 02:07:01,ERROR,Payment,"Invalid request"
10005083,2026-08-28 02:07:02,ERROR,Storage,"Payment failed"
10005084,2026-08-28 02:07:05,INFO,Payment,"Connection timeout"
10005085,2026-08-28 02:07:08,WARN,API,"Connection timeout"
10005086,2026-08-28 02:07:09,ERROR,Database,"Payment failed"
10005087,2026-08-28 02:07:12,INFO,Network,"Request completed"
10005088,2026-08-28 02:07:14,ERROR,Storage,"File not found"
10005089,2026-08-28 02:07:17,DEBUG,Payment,"Server overloaded"
10005090,2026-08-28 02:07:18,ERROR,Network,"Invalid request"
10005091,2026-08-28 02:07:19,DEBUG,Server,"Invalid request"
10005092,2026-08-28 02:07:20,INFO,Server,"Authentication failed"
10005093,2026-08-28 02:07:22,DEBUG,Authentication,"Invalid request"
10005094,2026-08-28 02:07:24,INFO,Storage,"Request completed"
10005095,2026-08-28 02:07:27,INFO,Network,"File not found"
10005096,2026-08-28 02:07:27,ERROR,Network,"File not found"
10005097,2026-08-28 02:07:29,ERROR,Payment,"Connection timeout"
10005098,2026-08-28 02:07:31,DEBUG,Payment,"Invalid request"
10005099,2026-08-28 02:07:34,ERROR,Payment,"Request completed"
10005100,2026-08-28 02:07:36,DEBUG,Authentication,"Database unavailable"
10005101,2026-08-28 02:07:37,DEBUG,Payment,"Invalid request"
10005102,2026-08-28 02:07:38,INFO,Database,"High memory usage"
10005103,2026-08-28 02:07:41,INFO,Database,"Authentication failed"
10005104,2026-08-28 02:07:41,WARN,Server,"High memory usage"
10005105,2026-08-28 02:07:43,INFO,Authentication,"Payment failed"
10005106,2026-08-28 02:07:46,INFO,Authentication,"Server overloaded"
10005107,2026-08-28 02:07:47,DEBUG,Storage,"Authentication failed"
10005108,2026-08-28 02:07:49,INFO,Server,"File not found"
10005109,2026-08-28 02:07:52,DEBUG,Network,"Connection refused"
10005110,2026-08-28 02:07:55,INFO,Network,"High memory usage"
10005111,2026-08-28 02:07:55,WARN,Network,"Server overloaded"
10005112,2026-08-28 02:07:57,INFO,Database,"Connection timeout"
10005113,2026-08-28 02:07:59,WARN,Storage,"Database unavailable"
10005114,2026-08-28 02:08:02,DEBUG,Payment,"Database unavailable"
10005115,2026-08-28 02:08:02,ERROR,Payment,"Authentication failed"
10005116,2026-08-28 02:08:05,ERROR,Payment,"Database unavailable"
10005117,2026-08-28 02:08:06,INFO,API,"Database unavailable"
10005118,2026-08-28 02:08:06,WARN,Storage,"Request completed"
10005119,2026-08-28 02:08:09,WARN,Network,"Connection timeout"
10005120,2026-08-28 02:08:12,ERROR,Server,"Connection timeout"
10005121,2026-08-28 02:08:14,DEBUG,Authentication,"Invalid request"
10005122,2026-08-28 02:08:14,INFO,API,"Connection timeout"
10005123,2026-08-28 02:08:14,ERROR,Network,"Connection timeout"
10005124,2026-08-28 02:08:14,ERROR,Payment,"Request completed"
10005125,2026-08-28 02:08:14,DEBUG,Authentication,"Request completed"
10005126,2026-08-28 02:08:15,INFO,Network,"Database unavailable"
10005127,2026-08-28 02:08:16,WARN,Storage,"Connection timeout"
10005128,2026-08-28 02:08:17,WARN,API,"Payment failed"
10005129,2026-08-28 02:08:17,INFO,Server,"Server overloaded"
10005130,2026-08-28 02:08:19,ERROR,Database,"Authentication failed"
10005131,2026-08-28 02:08:20,DEBUG,Payment,"File not found"
10005132,2026-08-28 02:08:21,DEBUG,Network,"Payment failed"
10005133,2026-08-28 02:08:21,DEBUG,API,"Invalid request"
10005134,2026-08-28 02:08:23,INFO,Storage,"Payment failed"
10005135,2026-08-28 02:08:23,WARN,Authentication,"Database unavailable"
10005136,2026-08-28 02:08:26,ERROR,Database,"Payment failed"
10005137,2026-08-28 02:08:29,WARN,Storage,"File not found"
10005138,2026-08-28 02:08:32,INFO,Server,"High memory usage"
10005139,2026-08-28 02:08:33,WARN,Storage,"High memory usage"
10005140,2026-08-28 02:08:35,DEBUG,Authentication,"Request completed"
10005141,2026-08-28 02:08:35,DEBUG,API,"Connection refused"
10005142,2026-08-28 02:08:38,DEBUG,Storage,"Payment failed"
10005143,2026-08-28 02:08:38,DEBUG,Network,"Payment failed"
10005144,2026-08-28 02:08:41,DEBUG,Payment,"Connection refused"
10005145,2026-08-28 02:08:44,DEBUG,Payment,"Request completed"
10005146,2026-08-28 02:08:46,INFO,Database,"Request completed"
10005147,2026-08-28 02:08:49,INFO,Network,"Request completed"
10005148,2026-08-28 02:08:52,ERROR,Payment,"Connection timeout"
10005149,2026-08-28 02:08:53,DEBUG,Payment,"Connection refused"
10005150,2026-08-28 02:08:53,ERROR,Database,"Request completed"
10005151,2026-08-28 02:08:55,DEBUG,Payment,"Payment failed"
10005152,2026-08-28 02:08:56,ERROR,Database,"Database unavailable"
10005153,2026-08-28 02:08:59,DEBUG,Authentication,"Payment failed"
10005154,2026-08-28 02:09:01,INFO,Payment,"Invalid request"
10005155,2026-08-28 02:09:01,WARN,Network,"High memory usage"
10005156,2026-08-28 02:09:04,WARN,Storage,"Connection refused"
10005157,2026-08-28 02:09:06,ERROR,Storage,"Invalid request"
10005158,2026-08-28 02:09:09,ERROR,Network,"Connection timeout"
10005159,2026-08-28 02:09:09,INFO,Server,"Server overloaded"
10005160,2026-08-28 02:09:09,WARN,Server,"Database unavailable"
10005161,2026-08-28 02:09:10,INFO,Authentication,"Authentication failed"
10005162,2026-08-28 02:09:11,INFO,Payment,"Connection refused"
10005163,2026-08-28 02:09:13,ERROR,API,"Server overloaded"
10005164,2026-08-28 02:09:16,ERROR,Server,"High memory usage"
10005165,2026-08-28 02:09:17,WARN,API,"Authentication failed"
10005166,2026-08-28 02:09:18,ERROR,Payment,"Connection timeout"
10005167,2026-08-28 02:09:21,WARN,Network,"Database unavailable"
10005168,2026-08-28 02:09:23,WARN,Server,"Invalid request"
10005169,2026-08-28 02:09:26,DEBUG,Payment,"Connection timeout"
10005170,2026-08-28 02:09:28,DEBUG,Storage,"Payment failed"
10005171,2026-08-28 02:09:29,DEBUG,API,"Payment failed"
10005172,2026-08-28 02:09:31,ERROR,Server,"File not found"
10005173,2026-08-28 02:09:31,DEBUG,Database,"File not found"
10005174,2026-08-28 02:09:31,DEBUG,Server,"Authentication failed"
10005175,2026-08-28 02:09:31,DEBUG,Network,"Database unavailable"
10005176,2026-08-28 02:09:33,ERROR,Authentication,"Invalid request"
10005177,2026-08-28 02:09:33,DEBUG,Payment,"File not found"
10005178,2026-08-28 02:09:34,ERROR,Network,"Database unavailable"
10005179,2026-08-28 02:09:35,WARN,Payment,"Database unavailable"
10005180,2026-08-28 02:09:38,WARN,API,"Server overloaded"
10005181,2026-08-28 02:09:39,ERROR,Payment,"Database unavailable"
10005182,2026-08-28 02:09:40,DEBUG,Authentication,"Authentication failed"
10005183,2026-08-28 02:09:42,WARN,Network,"Connection timeout"
10005184,2026-08-28 02:09:42,ERROR,Network,"Payment failed"
10005185,2026-08-28 02:09:42,INFO,Authentication,"Request completed"
10005186,2026-08-28 02:09:42,ERROR,Payment,"Payment failed"
10005187,2026-08-28 02:09:42,ERROR,Payment,"Database unavailable"
10005188,2026-08-28 02:09:43,WARN,Authentication,"Authentication failed"
10005189,2026-08-28 02:09:45,WARN,Database,"Connection refused"
10005190,2026-08-28 02:09:46,DEBUG,Payment,"File not found"
10005191,2026-08-28 02:09:48,WARN,Payment,"Payment failed"
10005192,2026-08-28 02:09:50,INFO,API,"Authentication failed"
10005193,2026-08-28 02:09:52,WARN,Network,"High memory usage"
10005194,2026-08-28 02:09:54,ERROR,Storage,"File not found"
10005195,2026-08-28 02:09:57,WARN,Storage,"High memory usage"
10005196,2026-08-28 02:09:58,ERROR,Authentication,"Server overloaded"
10005197,2026-08-28 02:10:00,WARN,Payment,"Server overloaded"
10005198,2026-08-28 02:10:03,WARN,Authentication,"Connection timeout"
10005199,2026-08-28 02:10:06,DEBUG,Network,"High memory usage"
10005200,2026-08-28 02:10:06,DEBUG,Server,"Server overloaded"
10005201,2026-08-28 02:10:08,WARN,Authentication,"Connection timeout"
10005202,2026-08-28 02:10:11,INFO,Server,"Authentication failed"
10005203,2026-08-28 02:10:11,WARN,Network,"Connection refused"
10005204,2026-08-28 02:10:14,INFO,API,"Authentication failed"
10005205,2026-08-28 02:10:15,DEBUG,Payment,"Database unavailable"
10005206,2026-08-28 02:10:15,WARN,Server,"Payment failed"
10005207,2026-08-28 02:10:18,DEBUG,Server,"Payment failed"
10005208,2026-08-28 02:10:18,INFO,Storage,"Authentication failed"
10005209,2026-08-28 02:10:18,INFO,Network,"Authentication failed"
10005210,2026-08-28 02:10:19,WARN,Database,"File not found"
10005211,2026-08-28 02:10:22,WARN,Database,"High memory usage"
10005212,2026-08-28 02:10:23,INFO,Network,"Server overloaded"
10005213,2026-08-28 02:10:24,DEBUG,Authentication,"Authentication failed"
10005214,2026-08-28 02:10:26,INFO,Database,"Invalid request"
10005215,2026-08-28 02:10:26,DEBUG,API,"Authentication failed"
10005216,2026-08-28 02:10:26,INFO,Payment,"Payment failed"
10005217,2026-08-28 02:10:28,INFO,Database,"File not found"
10005218,2026-08-28 02:10:31,WARN,Server,"Database unavailable"
10005219,2026-08-28 02:10:34,WARN,Server,"Request completed"
10005220,2026-08-28 02:10:34,WARN,Authentication,"Server overloaded"
10005221,2026-08-28 02:10:36,ERROR,Storage,"File not found"
10005222,2026-08-28 02:10:36,DEBUG,Authentication,"Server overloaded"
10005223,2026-08-28 02:10:38,WARN,Payment,"Database unavailable"
10005224,2026-08-28 02:10:40,INFO,Payment,"Server overloaded"
10005225,2026-08-28 02:10:41,WARN,Authentication,"Server overloaded"
10005226,2026-08-28 02:10:43,INFO,Database,"Connection timeout"
10005227,2026-08-28 02:10:45,WARN,Authentication,"High memory usage"
10005228,2026-08-28 02:10:46,DEBUG,Payment,"Connection timeout"
10005229,2026-08-28 02:10:46,ERROR,Server,"Authentication failed"
10005230,2026-08-28 02:10:46,WARN,Network,"Request completed"
10005231,2026-08-28 02:10:46,ERROR,Authentication,"Authentication failed"
10005232,2026-08-28 02:10:49,WARN,Database,"Payment failed"
10005233,2026-08-28 02:10:50,INFO,Storage,"Invalid request"
10005234,2026-08-28 02:10:50,ERROR,Server,"File not found"
10005235,2026-08-28 02:10:53,DEBUG,Network,"Connection timeout"
10005236,2026-08-28 02:10:55,INFO,Payment,"High memory usage"
10005237,2026-08-28 02:10:56,DEBUG,Database,"Request completed"
10005238,2026-08-28 02:10:57,ERROR,Network,"Connection timeout"
10005239,2026-08-28 02:10:58,DEBUG,Payment,"Request completed"
10005240,2026-08-28 02:11:00,DEBUG,API,"Authentication failed"
10005241,2026-08-28 02:11:00,DEBUG,Storage,"File not found"
10005242,2026-08-28 02:11:01,WARN,Payment,"Connection refused"
10005243,2026-08-28 02:11:01,WARN,Authentication,"Payment failed"
10005244,2026-08-28 02:11:02,DEBUG,Authentication,"Database unavailable"
10005245,2026-08-28 02:11:03,ERROR,Server,"Invalid request"
10005246,2026-08-28 02:11:05,WARN,Network,"Server overloaded"
10005247,2026-08-28 02:11:05,WARN,Storage,"Request completed"
10005248,2026-08-28 02:11:06,WARN,Database,"Payment failed"
10005249,2026-08-28 02:11:08,INFO,Storage,"Server overloaded"
10005250,2026-08-28 02:11:11,ERROR,Network,"Server overloaded"
10005251,2026-08-28 02:11:14,DEBUG,API,"Invalid request"
10005252,2026-08-28 02:11:14,DEBUG,Network,"File not found"
10005253,2026-08-28 02:11:16,ERROR,Authentication,"Database unavailable"
10005254,2026-08-28 02:11:18,ERROR,Authentication,"Payment failed"
10005255,2026-08-28 02:11:20,INFO,Authentication,"File not found"
10005256,2026-08-28 02:11:22,ERROR,Storage,"Server overloaded"
10005257,2026-08-28 02:11:24,DEBUG,Database,"File not found"
10005258,2026-08-28 02:11:26,INFO,Authentication,"Invalid request"
10005259,2026-08-28 02:11:29,DEBUG,Database,"Server overloaded"
10005260,2026-08-28 02:11:29,INFO,Storage,"Request completed"
10005261,2026-08-28 02:11:31,DEBUG,Server,"File not found"
10005262,2026-08-28 02:11:32,ERROR,API,"Authentication failed"
10005263,2026-08-28 02:11:35,ERROR,Server,"Request completed"
10005264,2026-08-28 02:11:37,INFO,Payment,"High memory usage"
10005265,2026-08-28 02:11:40,INFO,Server,"High memory usage"
10005266,2026-08-28 02:11:43,WARN,Storage,"Server overloaded"
10005267,2026-08-28 02:11:46,WARN,Network,"Connection refused"
10005268,2026-08-28 02:11:49,DEBUG,Authentication,"High memory usage"
10005269,2026-08-28 02:11:50,INFO,Database,"Payment failed"
10005270,2026-08-28 02:11:52,DEBUG,Storage,"Request completed"
10005271,2026-08-28 02:11:54,WARN,Database,"High memory usage"
10005272,2026-08-28 02:11:57,DEBUG,API,"Authentication failed"
10005273,2026-08-28 02:11:58,WARN,Database,"Database unavailable"
10005274,2026-08-28 02:12:01,ERROR,Authentication,"Database unavailable"
10005275,2026-08-28 02:12:01,WARN,Database,"Connection refused"
10005276,2026-08-28 02:12:01,DEBUG,Database,"Request completed"
10005277,2026-08-28 02:12:03,INFO,Database,"Payment failed"
10005278,2026-08-28 02:12:05,WARN,Server,"Server overloaded"
10005279,2026-08-28 02:12:05,DEBUG,Authentication,"Connection refused"
10005280,2026-08-28 02:12:08,DEBUG,Authentication,"Authentication failed"
10005281,2026-08-28 02:12:10,ERROR,Authentication,"Connection refused"
10005282,2026-08-28 02:12:10,INFO,Server,"Connection timeout"
10005283,2026-08-28 02:12:12,DEBUG,Database,"Server overloaded"
10005284,2026-08-28 02:12:14,INFO,Payment,"Invalid request"
10005285,2026-08-28 02:12:14,INFO,Authentication,"Request completed"
10005286,2026-08-28 02:12:14,ERROR,API,"File not found"
10005287,2026-08-28 02:12:14,INFO,Database,"High memory usage"
10005288,2026-08-28 02:12:14,ERROR,Database,"Connection refused"
10005289,2026-08-28 02:12:14,ERROR,Authentication,"Connection timeout"
10005290,2026-08-28 02:12:15,DEBUG,Database,"Server overloaded"
10005291,2026-08-28 02:12:16,INFO,Database,"Payment failed"
10005292,2026-08-28 02:12:18,WARN,Database,"Request completed"
10005293,2026-08-28 02:12:21,WARN,Network,"File not found"
10005294,2026-08-28 02:12:21,ERROR,Payment,"Connection refused"
10005295,2026-08-28 02:12:21,DEBUG,Storage,"Authentication failed"
10005296,2026-08-28 02:12:23,DEBUG,Database,"Payment failed"
10005297,2026-08-28 02:12:26,DEBUG,Database,"File not found"
10005298,2026-08-28 02:12:28,WARN,API,"Payment failed"
10005299,2026-08-28 02:12:31,WARN,Payment,"Payment failed"
10005300,2026-08-28 02:12:34,WARN,Database,"Payment failed"
10005301,2026-08-28 02:12:37,DEBUG,Database,"Connection refused"
10005302,2026-08-28 02:12:39,ERROR,Network,"Invalid request"
10005303,2026-08-28 02:12:39,DEBUG,Authentication,"File not found"
10005304,2026-08-28 02:12:40,DEBUG,Storage,"File not found"
10005305,2026-08-28 02:12:43,DEBUG,API,"Invalid request"
10005306,2026-08-28 02:12:43,WARN,Authentication,"High memory usage"
10005307,2026-08-28 02:12:46,DEBUG,Database,"High memory usage"
10005308,2026-08-28 02:12:46,WARN,Network,"File not found"
10005309,2026-08-28 02:12:48,DEBUG,Server,"File not found"
10005310,2026-08-28 02:12:51,ERROR,Authentication,"Connection timeout"
10005311,2026-08-28 02:12:54,DEBUG,Payment,"Authentication failed"
10005312,2026-08-28 02:12:56,DEBUG,Payment,"Server overloaded"
10005313,2026-08-28 02:12:59,WARN,Authentication,"Request completed"
10005314,2026-08-28 02:12:59,ERROR,Authentication,"Connection timeout"
10005315,2026-08-28 02:13:02,ERROR,Payment,"File not found"
10005316,2026-08-28 02:13:03,DEBUG,Database,"Invalid request"
10005317,2026-08-28 02:13:04,ERROR,API,"Request completed"
10005318,2026-08-28 02:13:04,DEBUG,Network,"Server overloaded"
10005319,2026-08-28 02:13:06,WARN,Authentication,"Authentication failed"
10005320,2026-08-28 02:13:09,WARN,Payment,"Request completed"
10005321,2026-08-28 02:13:11,DEBUG,Storage,"Invalid request"
10005322,2026-08-28 02:13:11,ERROR,Payment,"Server overloaded"
10005323,2026-08-28 02:13:12,WARN,Network,"Connection refused"
10005324,2026-08-28 02:13:14,ERROR,Authentication,"Payment failed"
10005325,2026-08-28 02:13:14,INFO,Authentication,"Payment failed"
10005326,2026-08-28 02:13:14,INFO,Database,"Server overloaded"
10005327,2026-08-28 02:13:15,ERROR,Payment,"File not found"
10005328,2026-08-28 02:13:18,DEBUG,Payment,"Request completed"
10005329,2026-08-28 02:13:21,INFO,Authentication,"Invalid request"
10005330,2026-08-28 02:13:21,ERROR,Authentication,"File not found"
10005331,2026-08-28 02:13:22,ERROR,Payment,"High memory usage"
10005332,2026-08-28 02:13:23,ERROR,Server,"File not found"
10005333,2026-08-28 02:13:23,INFO,Server,"Payment failed"
10005334,2026-08-28 02:13:23,DEBUG,Database,"Request completed"
10005335,2026-08-28 02:13:25,ERROR,Storage,"Connection timeout"
10005336,2026-08-28 02:13:27,INFO,Database,"Connection timeout"
10005337,2026-08-28 02:13:30,DEBUG,Server,"High memory usage"
10005338,2026-08-28 02:13:32,WARN,API,"Server overloaded"
10005339,2026-08-28 02:13:35,ERROR,Authentication,"Server overloaded"
10005340,2026-08-28 02:13:36,ERROR,Network,"File not found"
10005341,2026-08-28 02:13:37,DEBUG,Database,"Request completed"
10005342,2026-08-28 02:13:40,ERROR,Server,"Authentication failed"
10005343,2026-08-28 02:13:42,WARN,Storage,"Request completed"
10005344,2026-08-28 02:13:42,INFO,Network,"Authentication failed"
10005345,2026-08-28 02:13:43,WARN,Network,"High memory usage"
10005346,2026-08-28 02:13:43,DEBUG,API,"Connection timeout"
10005347,2026-08-28 02:13:46,ERROR,API,"Invalid request"
10005348,2026-08-28 02:13:49,DEBUG,Network,"Request completed"
10005349,2026-08-28 02:13:51,ERROR,Storage,"Invalid request"
10005350,2026-08-28 02:13:51,WARN,API,"File not found"
10005351,2026-08-28 02:13:51,ERROR,Payment,"High memory usage"
10005352,2026-08-28 02:13:52,ERROR,Storage,"File not found"
10005353,2026-08-28 02:13:53,ERROR,Network,"Authentication failed"
10005354,2026-08-28 02:13:56,WARN,API,"Authentication failed"
10005355,2026-08-28 02:13:56,ERROR,Storage,"Invalid request"
10005356,2026-08-28 02:13:57,WARN,Network,"Connection refused"
10005357,2026-08-28 02:13:57,ERROR,Server,"Payment failed"
10005358,2026-08-28 02:13:57,ERROR,Server,"Authentication failed"
10005359,2026-08-28 02:13:58,ERROR,Network,"High memory usage"
10005360,2026-08-28 02:14:01,DEBUG,Authentication,"File not found"
10005361,2026-08-28 02:14:02,DEBUG,Server,"Request completed"
10005362,2026-08-28 02:14:02,ERROR,Storage,"Server overloaded"
10005363,2026-08-28 02:14:04,ERROR,Network,"Connection refused"
10005364,2026-08-28 02:14:04,ERROR,Authentication,"High memory usage"
10005365,2026-08-28 02:14:07,WARN,API,"Authentication failed"
10005366,2026-08-28 02:14:08,ERROR,API,"Database unavailable"
10005367,2026-08-28 02:14:08,INFO,Storage,"Payment failed"
10005368,2026-08-28 02:14:08,INFO,Network,"Connection refused"
10005369,2026-08-28 02:14:09,INFO,Authentication,"High memory usage"
10005370,2026-08-28 02:14:09,ERROR,Payment,"Database unavailable"
10005371,2026-08-28 02:14:11,ERROR,Database,"Database unavailable"
10005372,2026-08-28 02:14:14,WARN,Network,"High memory usage"
10005373,2026-08-28 02:14:14,ERROR,Authentication,"Server overloaded"
10005374,2026-08-28 02:14:14,WARN,Authentication,"Authentication failed"
10005375,2026-08-28 02:14:15,INFO,Authentication,"Authentication failed"
10005376,2026-08-28 02:14:16,DEBUG,API,"High memory usage"
10005377,2026-08-28 02:14:19,ERROR,Database,"Request completed"
10005378,2026-08-28 02:14:19,DEBUG,Database,"High memory usage"
10005379,2026-08-28 02:14:19,INFO,Storage,"File not found"
10005380,2026-08-28 02:14:19,WARN,Database,"Connection refused"
10005381,2026-08-28 02:14:20,ERROR,Storage,"Connection timeout"
10005382,2026-08-28 02:14:20,WARN,API,"Payment failed"
10005383,2026-08-28 02:14:22,ERROR,Network,"Connection refused"
10005384,2026-08-28 02:14:22,WARN,Storage,"Server overloaded"
10005385,2026-08-28 02:14:23,DEBUG,Server,"Connection timeout"
10005386,2026-08-28 02:14:26,ERROR,Authentication,"File not found"
10005387,2026-08-28 02:14:29,INFO,API,"File not found"
10005388,2026-08-28 02:14:31,DEBUG,Network,"Database unavailable"
10005389,2026-08-28 02:14:31,INFO,Server,"Connection timeout"
10005390,2026-08-28 02:14:32,ERROR,Storage,"Database unavailable"
10005391,2026-08-28 02:14:35,WARN,Server,"Database unavailable"
10005392,2026-08-28 02:14:35,INFO,Authentication,"Payment failed"
10005393,2026-08-28 02:14:38,ERROR,Payment,"Connection refused"
10005394,2026-08-28 02:14:38,INFO,Network,"Request completed"
10005395,2026-08-28 02:14:40,DEBUG,Server,"Connection refused"
10005396,2026-08-28 02:14:40,INFO,Database,"Authentication failed"
10005397,2026-08-28 02:14:43,DEBUG,Database,"Connection timeout"
10005398,2026-08-28 02:14:46,ERROR,API,"Invalid request"
10005399,2026-08-28 02:14:46,WARN,Server,"Server overloaded"
10005400,2026-08-28 02:14:49,WARN,Server,"High memory usage"
10005401,2026-08-28 02:14:52,ERROR,Server,"Request completed"
10005402,2026-08-28 02:14:53,ERROR,Payment,"Payment failed"
10005403,2026-08-28 02:14:55,ERROR,Database,"Invalid request"
10005404,2026-08-28 02:14:57,WARN,Database,"Request completed"
10005405,2026-08-28 02:14:58,ERROR,Storage,"Database unavailable"
10005406,2026-08-28 02:14:58,DEBUG,Database,"High memory usage"
10005407,2026-08-28 02:14:58,WARN,Payment,"Invalid request"
10005408,2026-08-28 02:14:58,INFO,Storage,"Server overloaded"
10005409,2026-08-28 02:14:59,DEBUG,Database,"Request completed"
10005410,2026-08-28 02:15:02,ERROR,Database,"Invalid request"
10005411,2026-08-28 02:15:05,ERROR,Storage,"High memory usage"
10005412,2026-08-28 02:15:05,DEBUG,Payment,"Request completed"
10005413,2026-08-28 02:15:08,DEBUG,Network,"Invalid request"
10005414,2026-08-28 02:15:09,WARN,Network,"File not found"
10005415,2026-08-28 02:15:12,ERROR,Database,"Database unavailable"
10005416,2026-08-28 02:15:13,ERROR,Storage,"High memory usage"
10005417,2026-08-28 02:15:16,DEBUG,Database,"Request completed"
10005418,2026-08-28 02:15:19,WARN,Server,"Payment failed"
10005419,2026-08-28 02:15:22,ERROR,Payment,"High memory usage"
10005420,2026-08-28 02:15:25,ERROR,Database,"High memory usage"
10005421,2026-08-28 02:15:25,INFO,API,"High memory usage"
10005422,2026-08-28 02:15:25,DEBUG,Payment,"Connection timeout"
10005423,2026-08-28 02:15:25,INFO,Payment,"Database unavailable"
10005424,2026-08-28 02:15:28,WARN,API,"Authentication failed"
10005425,2026-08-28 02:15:28,DEBUG,API,"Payment failed"
10005426,2026-08-28 02:15:29,ERROR,Storage,"Database unavailable"
10005427,2026-08-28 02:15:31,ERROR,API,"Connection timeout"
10005428,2026-08-28 02:15:33,DEBUG,API,"Invalid request"
10005429,2026-08-28 02:15:35,INFO,Payment,"Invalid request"
10005430,2026-08-28 02:15:36,WARN,API,"Request completed"
10005431,2026-08-28 02:15:39,WARN,Storage,"Connection timeout"
10005432,2026-08-28 02:15:42,ERROR,Database,"Payment failed"
10005433,2026-08-28 02:15:42,DEBUG,Server,"Connection timeout"
10005434,2026-08-28 02:15:42,DEBUG,Database,"Connection refused"
10005435,2026-08-28 02:15:44,INFO,Server,"Request completed"
10005436,2026-08-28 02:15:44,INFO,Authentication,"Connection timeout"
10005437,2026-08-28 02:15:44,ERROR,Authentication,"Request completed"
10005438,2026-08-28 02:15:44,ERROR,Network,"Database unavailable"
10005439,2026-08-28 02:15:47,DEBUG,Server,"Connection timeout"
10005440,2026-08-28 02:15:47,INFO,Network,"Payment failed"
10005441,2026-08-28 02:15:49,ERROR,Server,"High memory usage"
10005442,2026-08-28 02:15:52,ERROR,Database,"Connection refused"
10005443,2026-08-28 02:15:53,DEBUG,Network,"High memory usage"
10005444,2026-08-28 02:15:54,ERROR,Database,"Database unavailable"
10005445,2026-08-28 02:15:54,WARN,Payment,"High memory usage"
10005446,2026-08-28 02:15:57,INFO,Storage,"Request completed"
10005447,2026-08-28 02:16:00,INFO,Server,"Authentication failed"
10005448,2026-08-28 02:16:00,INFO,Network,"Connection timeout"
10005449,2026-08-28 02:16:01,WARN,API,"Database unavailable"
10005450,2026-08-28 02:16:01,DEBUG,Database,"Connection refused"
10005451,2026-08-28 02:16:02,INFO,API,"Request completed"
10005452,2026-08-28 02:16:05,DEBUG,Network,"Authentication failed"
10005453,2026-08-28 02:16:06,DEBUG,Storage,"File not found"
10005454,2026-08-28 02:16:07,WARN,Payment,"Database unavailable"
10005455,2026-08-28 02:16:10,INFO,Server,"High memory usage"
10005456,2026-08-28 02:16:11,INFO,Network,"Authentication failed"
10005457,2026-08-28 02:16:12,DEBUG,Network,"High memory usage"
10005458,2026-08-28 02:16:15,ERROR,Payment,"Authentication failed"
10005459,2026-08-28 02:16:15,ERROR,Storage,"High memory usage"
10005460,2026-08-28 02:16:18,WARN,API,"Database unavailable"
10005461,2026-08-28 02:16:20,ERROR,API,"Connection timeout"
10005462,2026-08-28 02:16:23,ERROR,Network,"Database unavailable"
10005463,2026-08-28 02:16:26,DEBUG,API,"Authentication failed"
10005464,2026-08-28 02:16:26,INFO,Database,"Database unavailable"
10005465,2026-08-28 02:16:27,INFO,Storage,"Connection timeout"
10005466,2026-08-28 02:16:29,ERROR,API,"Request completed"
10005467,2026-08-28 02:16:31,ERROR,Server,"Database unavailable"
10005468,2026-08-28 02:16:32,WARN,Server,"Authentication failed"
10005469,2026-08-28 02:16:35,DEBUG,Payment,"Invalid request"
10005470,2026-08-28 02:16:38,DEBUG,Payment,"Authentication failed"
10005471,2026-08-28 02:16:39,WARN,Storage,"Server overloaded"
10005472,2026-08-28 02:16:42,INFO,Server,"Connection refused"
10005473,2026-08-28 02:16:45,INFO,Server,"Connection refused"
10005474,2026-08-28 02:16:46,DEBUG,API,"Invalid request"
10005475,2026-08-28 02:16:49,INFO,Authentication,"Request completed"
10005476,2026-08-28 02:16:51,ERROR,Database,"High memory usage"
10005477,2026-08-28 02:16:53,DEBUG,Payment,"Payment failed"
10005478,2026-08-28 02:16:53,WARN,Authentication,"File not found"
10005479,2026-08-28 02:16:56,DEBUG,Database,"Payment failed"
10005480,2026-08-28 02:16:56,DEBUG,API,"Authentication failed"
10005481,2026-08-28 02:16:58,ERROR,Payment,"Authentication failed"
10005482,2026-08-28 02:16:59,DEBUG,Network,"High memory usage"
10005483,2026-08-28 02:17:02,WARN,Database,"Connection refused"
10005484,2026-08-28 02:17:05,WARN,Payment,"File not found"
10005485,2026-08-28 02:17:08,DEBUG,API,"Server overloaded"
10005486,2026-08-28 02:17:09,DEBUG,Network,"Payment failed"
10005487,2026-08-28 02:17:09,WARN,Payment,"Request completed"
10005488,2026-08-28 02:17:10,DEBUG,Network,"Request completed"
10005489,2026-08-28 02:17:12,INFO,API,"Authentication failed"
10005490,2026-08-28 02:17:12,DEBUG,Network,"File not found"
10005491,2026-08-28 02:17:15,DEBUG,Database,"Connection refused"
10005492,2026-08-28 02:17:18,ERROR,Network,"File not found"
10005493,2026-08-28 02:17:18,INFO,Storage,"Request completed"
10005494,2026-08-28 02:17:18,ERROR,API,"Payment failed"
10005495,2026-08-28 02:17:19,ERROR,Database,"Authentication failed"
10005496,2026-08-28 02:17:20,DEBUG,Network,"Server overloaded"
10005497,2026-08-28 02:17:23,ERROR,Storage,"Request completed"
10005498,2026-08-28 02:17:25,INFO,Payment,"Connection timeout"
10005499,2026-08-28 02:17:26,ERROR,Storage,"File not found"
10005500,2026-08-28 02:17:27,INFO,Server,"Connection refused"
10005501,2026-08-28 02:17:27,ERROR,Database,"Authentication failed"
10005502,2026-08-28 02:17:28,ERROR,Network,"High memory usage"
10005503,2026-08-28 02:17:29,DEBUG,Database,"Request completed"
10005504,2026-08-28 02:17:31,INFO,Database,"Connection timeout"
10005505,2026-08-28 02:17:32,DEBUG,Authentication,"Invalid request"
10005506,2026-08-28 02:17:34,DEBUG,Storage,"Authentication failed"
10005507,2026-08-28 02:17:36,INFO,Database,"Connection refused"
10005508,2026-08-28 02:17:39,DEBUG,Authentication,"Payment failed"
10005509,2026-08-28 02:17:39,WARN,Storage,"Authentication failed"
10005510,2026-08-28 02:17:41,ERROR,Server,"Invalid request"
10005511,2026-08-28 02:17:42,ERROR,Storage,"Payment failed"
10005512,2026-08-28 02:17:43,ERROR,Network,"Authentication failed"
10005513,2026-08-28 02:17:46,WARN,API,"Connection timeout"
10005514,2026-08-28 02:17:48,WARN,Payment,"Request completed"
10005515,2026-08-28 02:17:48,DEBUG,Storage,"Payment failed"
10005516,2026-08-28 02:17:48,INFO,Payment,"File not found"
10005517,2026-08-28 02:17:51,ERROR,Authentication,"High memory usage"
10005518,2026-08-28 02:17:54,DEBUG,Server,"Connection refused"
10005519,2026-08-28 02:17:57,ERROR,Database,"Connection timeout"
10005520,2026-08-28 02:17:59,DEBUG,Server,"Authentication failed"
10005521,2026-08-28 02:18:02,DEBUG,Authentication,"Connection timeout"
10005522,2026-08-28 02:18:02,DEBUG,Network,"File not found"
10005523,2026-08-28 02:18:03,ERROR,Database,"Payment failed"
10005524,2026-08-28 02:18:03,WARN,Authentication,"Server overloaded"
10005525,2026-08-28 02:18:05,ERROR,API,"Connection timeout"
10005526,2026-08-28 02:18:08,INFO,Server,"Connection refused"
10005527,2026-08-28 02:18:09,INFO,Authentication,"Authentication failed"
10005528,2026-08-28 02:18:09,INFO,Storage,"Connection refused"
10005529,2026-08-28 02:18:11,DEBUG,Server,"Database unavailable"
10005530,2026-08-28 02:18:11,WARN,API,"Connection refused"
10005531,2026-08-28 02:18:12,WARN,Storage,"Connection timeout"
10005532,2026-08-28 02:18:15,ERROR,Database,"Request completed"
10005533,2026-08-28 02:18:16,INFO,Authentication,"Server overloaded"
10005534,2026-08-28 02:18:18,DEBUG,Storage,"Payment failed"
10005535,2026-08-28 02:18:20,ERROR,Server,"High memory usage"
10005536,2026-08-28 02:18:21,DEBUG,Storage,"Invalid request"
10005537,2026-08-28 02:18:23,INFO,Storage,"File not found"
10005538,2026-08-28 02:18:26,DEBUG,Server,"Connection timeout"
10005539,2026-08-28 02:18:27,WARN,Network,"High memory usage"
10005540,2026-08-28 02:18:29,DEBUG,Authentication,"File not found"
10005541,2026-08-28 02:18:32,ERROR,API,"Server overloaded"
10005542,2026-08-28 02:18:33,WARN,Server,"File not found"
10005543,2026-08-28 02:18:36,WARN,Authentication,"Request completed"
10005544,2026-08-28 02:18:36,INFO,API,"Connection timeout"
10005545,2026-08-28 02:18:36,ERROR,Storage,"Request completed"
10005546,2026-08-28 02:18:39,WARN,Authentication,"Payment failed"
10005547,2026-08-28 02:18:40,INFO,API,"Server overloaded"
10005548,2026-08-28 02:18:40,INFO,Authentication,"Request completed"
10005549,2026-08-28 02:18:43,WARN,Storage,"Connection timeout"
10005550,2026-08-28 02:18:44,DEBUG,Authentication,"Connection timeout"
10005551,2026-08-28 02:18:44,ERROR,Network,"Server overloaded"
10005552,2026-08-28 02:18:45,WARN,Database,"File not found"
10005553,2026-08-28 02:18:46,ERROR,Database,"Payment failed"
10005554,2026-08-28 02:18:49,INFO,Network,"Invalid request"
10005555,2026-08-28 02:18:49,WARN,Payment,"Request completed"
10005556,2026-08-28 02:18:52,INFO,Server,"File not found"
10005557,2026-08-28 02:18:52,INFO,Server,"Database unavailable"
10005558,2026-08-28 02:18:52,ERROR,Authentication,"Database unavailable"
10005559,2026-08-28 02:18:55,ERROR,Database,"Invalid request"
10005560,2026-08-28 02:18:57,INFO,Storage,"Database unavailable"
10005561,2026-08-28 02:18:59,INFO,Storage,"Payment failed"
10005562,2026-08-28 02:19:00,ERROR,Authentication,"Request completed"
10005563,2026-08-28 02:19:03,ERROR,Authentication,"Connection timeout"
10005564,2026-08-28 02:19:03,DEBUG,Network,"Request completed"
10005565,2026-08-28 02:19:05,INFO,Server,"Server overloaded"
10005566,2026-08-28 02:19:05,WARN,Server,"Invalid request"
10005567,2026-08-28 02:19:08,ERROR,Network,"Request completed"
10005568,2026-08-28 02:19:08,WARN,Database,"Authentication failed"
10005569,2026-08-28 02:19:09,INFO,API,"Payment failed"
10005570,2026-08-28 02:19:11,DEBUG,API,"File not found"
10005571,2026-08-28 02:19:11,ERROR,Authentication,"High memory usage"
10005572,2026-08-28 02:19:14,WARN,Server,"Authentication failed"
10005573,2026-08-28 02:19:17,ERROR,Authentication,"Request completed"
10005574,2026-08-28 02:19:18,ERROR,Network,"File not found"
10005575,2026-08-28 02:19:18,DEBUG,Network,"Connection timeout"
10005576,2026-08-28 02:19:21,WARN,Storage,"Connection timeout"
10005577,2026-08-28 02:19:22,WARN,API,"Payment failed"
10005578,2026-08-28 02:19:22,INFO,Network,"Server overloaded"
10005579,2026-08-28 02:19:25,INFO,Network,"File not found"
10005580,2026-08-28 02:19:25,DEBUG,Server,"Database unavailable"
10005581,2026-08-28 02:19:28,DEBUG,Network,"Connection timeout"
10005582,2026-08-28 02:19:31,DEBUG,Server,"Connection timeout"
10005583,2026-08-28 02:19:34,WARN,Payment,"Server overloaded"
10005584,2026-08-28 02:19:37,INFO,Server,"High memory usage"
10005585,2026-08-28 02:19:40,DEBUG,Authentication,"Request completed"
10005586,2026-08-28 02:19:40,DEBUG,Payment,"Request completed"
10005587,2026-08-28 02:19:42,ERROR,Database,"Database unavailable"
10005588,2026-08-28 02:19:42,DEBUG,Authentication,"Database unavailable"
10005589,2026-08-28 02:19:42,WARN,Database,"Request completed"
10005590,2026-08-28 02:19:44,INFO,Payment,"File not found"
10005591,2026-08-28 02:19:44,DEBUG,API,"Payment failed"
10005592,2026-08-28 02:19:47,WARN,Payment,"Server overloaded"
10005593,2026-08-28 02:19:48,WARN,Database,"Payment failed"
10005594,2026-08-28 02:19:49,DEBUG,API,"Connection refused"
10005595,2026-08-28 02:19:49,WARN,Authentication,"Connection refused"
10005596,2026-08-28 02:19:52,ERROR,Storage,"Server overloaded"
10005597,2026-08-28 02:19:53,WARN,Database,"Database unavailable"
10005598,2026-08-28 02:19:55,ERROR,Server,"Connection timeout"
10005599,2026-08-28 02:19:58,INFO,Server,"Connection timeout"
10005600,2026-08-28 02:20:00,INFO,API,"High memory usage"
10005601,2026-08-28 02:20:02,DEBUG,Storage,"Connection timeout"
10005602,2026-08-28 02:20:03,WARN,Storage,"Request completed"
10005603,2026-08-28 02:20:04,DEBUG,Payment,"Database unavailable"
10005604,2026-08-28 02:20:06,DEBUG,Network,"Payment failed"
10005605,2026-08-28 02:20:08,INFO,Database,"Server overloaded"
10005606,2026-08-28 02:20:09,ERROR,Payment,"Server overloaded"
10005607,2026-08-28 02:20:12,WARN,Network,"Authentication failed"
10005608,2026-08-28 02:20:12,INFO,API,"Invalid request"
10005609,2026-08-28 02:20:13,WARN,Network,"Request completed"
10005610,2026-08-28 02:20:13,INFO,Storage,"Server overloaded"
10005611,2026-08-28 02:20:14,WARN,Authentication,"Request completed"
10005612,2026-08-28 02:20:15,INFO,Storage,"Database unavailable"
10005613,2026-08-28 02:20:17,ERROR,Payment,"Server overloaded"
10005614,2026-08-28 02:20:17,INFO,Network,"Database unavailable"
10005615,2026-08-28 02:20:17,ERROR,Server,"Connection refused"
10005616,2026-08-28 02:20:18,ERROR,Network,"Server overloaded"
10005617,2026-08-28 02:20:20,DEBUG,Network,"High memory usage"
10005618,2026-08-28 02:20:23,ERROR,Database,"Server overloaded"
10005619,2026-08-28 02:20:24,WARN,Authentication,"Invalid request"
10005620,2026-08-28 02:20:27,DEBUG,Database,"Authentication failed"
10005621,2026-08-28 02:20:29,INFO,Authentication,"Connection timeout"
10005622,2026-08-28 02:20:29,ERROR,Storage,"File not found"
10005623,2026-08-28 02:20:31,INFO,Server,"Connection timeout"
10005624,2026-08-28 02:20:33,DEBUG,API,"High memory usage"
10005625,2026-08-28 02:20:33,WARN,Authentication,"Database unavailable"
10005626,2026-08-28 02:20:35,ERROR,Server,"Authentication failed"
10005627,2026-08-28 02:20:36,ERROR,Network,"Connection refused"
10005628,2026-08-28 02:20:39,DEBUG,Network,"High memory usage"
10005629,2026-08-28 02:20:39,WARN,Database,"Connection timeout"
10005630,2026-08-28 02:20:42,INFO,Server,"Connection refused"
10005631,2026-08-28 02:20:45,ERROR,Payment,"Server overloaded"
10005632,2026-08-28 02:20:48,DEBUG,Network,"High memory usage"
10005633,2026-08-28 02:20:50,INFO,Storage,"Payment failed"
10005634,2026-08-28 02:20:53,ERROR,Server,"Payment failed"
10005635,2026-08-28 02:20:56,WARN,Database,"Server overloaded"
10005636,2026-08-28 02:20:59,WARN,Network,"Connection timeout"
10005637,2026-08-28 02:21:00,INFO,Network,"Connection refused"
10005638,2026-08-28 02:21:03,WARN,Payment,"Database unavailable"
10005639,2026-08-28 02:21:03,INFO,Payment,"Server overloaded"
10005640,2026-08-28 02:21:03,ERROR,Authentication,"Payment failed"
10005641,2026-08-28 02:21:03,DEBUG,Network,"Connection timeout"
10005642,2026-08-28 02:21:05,ERROR,Network,"Connection refused"
10005643,2026-08-28 02:21:06,INFO,Payment,"Connection refused"
10005644,2026-08-28 02:21:07,DEBUG,Storage,"Connection refused"
10005645,2026-08-28 02:21:07,WARN,Database,"File not found"
10005646,2026-08-28 02:21:10,DEBUG,Payment,"Server overloaded"
10005647,2026-08-28 02:21:13,DEBUG,Authentication,"Invalid request"
10005648,2026-08-28 02:21:13,INFO,Database,"Connection timeout"
10005649,2026-08-28 02:21:13,WARN,Database,"Authentication failed"
10005650,2026-08-28 02:21:14,ERROR,Storage,"Connection timeout"
10005651,2026-08-28 02:21:17,DEBUG,Server,"Invalid request"
10005652,2026-08-28 02:21:18,WARN,Server,"Payment failed"
10005653,2026-08-28 02:21:19,ERROR,Database,"Connection timeout"
10005654,2026-08-28 02:21:19,INFO,Network,"Authentication failed"
10005655,2026-08-28 02:21:19,INFO,Authentication,"Connection refused"
10005656,2026-08-28 02:21:20,WARN,Server,"Server overloaded"
10005657,2026-08-28 02:21:23,INFO,Database,"Server overloaded"
10005658,2026-08-28 02:21:24,INFO,Payment,"Connection timeout"
10005659,2026-08-28 02:21:27,WARN,Authentication,"High memory usage"
10005660,2026-08-28 02:21:29,WARN,Network,"Connection timeout"
10005661,2026-08-28 02:21:29,DEBUG,API,"Connection timeout"
10005662,2026-08-28 02:21:32,ERROR,Server,"Request completed"
10005663,2026-08-28 02:21:34,INFO,Payment,"Database unavailable"
10005664,2026-08-28 02:21:34,DEBUG,Payment,"Authentication failed"
10005665,2026-08-28 02:21:34,DEBUG,Authentication,"Connection refused"
10005666,2026-08-28 02:21:37,ERROR,API,"File not found"
10005667,2026-08-28 02:21:37,WARN,Storage,"Connection timeout"
10005668,2026-08-28 02:21:39,INFO,API,"Invalid request"
10005669,2026-08-28 02:21:39,WARN,Database,"Server overloaded"
10005670,2026-08-28 02:21:41,INFO,Database,"Connection timeout"
10005671,2026-08-28 02:21:42,WARN,API,"Authentication failed"
10005672,2026-08-28 02:21:42,DEBUG,API,"Request completed"
10005673,2026-08-28 02:21:45,WARN,Database,"Authentication failed"
10005674,2026-08-28 02:21:47,INFO,API,"Request completed"
10005675,2026-08-28 02:21:48,DEBUG,Server,"Server overloaded"
10005676,2026-08-28 02:21:49,DEBUG,Storage,"Payment failed"
10005677,2026-08-28 02:21:52,INFO,Database,"High memory usage"
10005678,2026-08-28 02:21:55,INFO,Payment,"High memory usage"
10005679,2026-08-28 02:21:57,DEBUG,Payment,"Invalid request"
10005680,2026-08-28 02:21:57,DEBUG,Network,"Server overloaded"
10005681,2026-08-28 02:21:58,ERROR,API,"Authentication failed"
10005682,2026-08-28 02:21:59,INFO,Server,"High memory usage"
10005683,2026-08-28 02:22:01,INFO,Database,"Server overloaded"
10005684,2026-08-28 02:22:03,INFO,Database,"Authentication failed"
10005685,2026-08-28 02:22:05,WARN,Database,"Database unavailable"
10005686,2026-08-28 02:22:08,ERROR,Storage,"Connection timeout"
10005687,2026-08-28 02:22:08,INFO,Payment,"Payment failed"
10005688,2026-08-28 02:22:10,WARN,Payment,"Connection timeout"
10005689,2026-08-28 02:22:11,ERROR,API,"Request completed"
10005690,2026-08-28 02:22:12,DEBUG,Storage,"Connection timeout"
10005691,2026-08-28 02:22:15,WARN,Storage,"Invalid request"
10005692,2026-08-28 02:22:18,INFO,Payment,"Server overloaded"
10005693,2026-08-28 02:22:18,ERROR,Storage,"File not found"
10005694,2026-08-28 02:22:19,WARN,Payment,"High memory usage"
10005695,2026-08-28 02:22:20,WARN,Server,"Connection timeout"
10005696,2026-08-28 02:22:22,INFO,Server,"Request completed"
10005697,2026-08-28 02:22:23,INFO,Network,"File not found"
10005698,2026-08-28 02:22:24,INFO,API,"Authentication failed"
10005699,2026-08-28 02:22:24,INFO,Network,"Server overloaded"
10005700,2026-08-28 02:22:27,INFO,Authentication,"Request completed"
10005701,2026-08-28 02:22:30,ERROR,Authentication,"Request completed"
10005702,2026-08-28 02:22:33,WARN,API,"File not found"
10005703,2026-08-28 02:22:33,WARN,Database,"Database unavailable"
10005704,2026-08-28 02:22:34,ERROR,API,"Payment failed"
10005705,2026-08-28 02:22:36,WARN,Server,"Database unavailable"
10005706,2026-08-28 02:22:37,ERROR,API,"Connection timeout"
10005707,2026-08-28 02:22:38,INFO,Storage,"Authentication failed"
10005708,2026-08-28 02:22:39,DEBUG,API,"Request completed"
10005709,2026-08-28 02:22:39,INFO,API,"High memory usage"
10005710,2026-08-28 02:22:40,INFO,API,"Request completed"
10005711,2026-08-28 02:22:40,DEBUG,Storage,"Payment failed"
10005712,2026-08-28 02:22:42,ERROR,Server,"High memory usage"
10005713,2026-08-28 02:22:45,ERROR,Authentication,"Authentication failed"
10005714,2026-08-28 02:22:45,DEBUG,Payment,"Connection timeout"
10005715,2026-08-28 02:22:48,INFO,Server,"Invalid request"
10005716,2026-08-28 02:22:49,WARN,Payment,"Authentication failed"
10005717,2026-08-28 02:22:50,WARN,API,"File not found"
10005718,2026-08-28 02:22:53,INFO,Database,"Invalid request"
10005719,2026-08-28 02:22:56,DEBUG,Network,"Invalid request"
10005720,2026-08-28 02:22:58,WARN,Database,"Connection timeout"
10005721,2026-08-28 02:22:58,ERROR,API,"Request completed"
10005722,2026-08-28 02:23:00,WARN,Database,"Connection refused"
10005723,2026-08-28 02:23:03,INFO,Network,"Server overloaded"
10005724,2026-08-28 02:23:04,WARN,Payment,"File not found"
10005725,2026-08-28 02:23:05,ERROR,Authentication,"Database unavailable"
10005726,2026-08-28 02:23:07,DEBUG,Authentication,"Payment failed"
10005727,2026-08-28 02:23:09,INFO,Database,"File not found"
10005728,2026-08-28 02:23:10,INFO,Database,"Connection timeout"
10005729,2026-08-28 02:23:12,DEBUG,Database,"File not found"
10005730,2026-08-28 02:23:13,ERROR,Database,"Database unavailable"
10005731,2026-08-28 02:23:13,ERROR,Payment,"Connection timeout"
10005732,2026-08-28 02:23:16,ERROR,Server,"Authentication failed"
10005733,2026-08-28 02:23:17,INFO,Server,"Connection refused"
10005734,2026-08-28 02:23:20,ERROR,Authentication,"File not found"
10005735,2026-08-28 02:23:22,DEBUG,Database,"File not found"
10005736,2026-08-28 02:23:22,DEBUG,Server,"Connection refused"
10005737,2026-08-28 02:23:24,DEBUG,Database,"Server overloaded"
10005738,2026-08-28 02:23:26,ERROR,Payment,"Connection timeout"
10005739,2026-08-28 02:23:27,INFO,Database,"Connection timeout"
10005740,2026-08-28 02:23:30,INFO,Network,"File not found"
10005741,2026-08-28 02:23:33,WARN,Payment,"Database unavailable"
10005742,2026-08-28 02:23:36,ERROR,Server,"Request completed"
10005743,2026-08-28 02:23:37,ERROR,Authentication,"Server overloaded"
10005744,2026-08-28 02:23:39,ERROR,Authentication,"Server overloaded"
10005745,2026-08-28 02:23:41,ERROR,Payment,"Invalid request"
10005746,2026-08-28 02:23:44,DEBUG,Network,"Invalid request"
10005747,2026-08-28 02:23:46,DEBUG,Payment,"Invalid request"
10005748,2026-08-28 02:23:47,DEBUG,Authentication,"High memory usage"
10005749,2026-08-28 02:23:48,ERROR,Server,"Connection timeout"
10005750,2026-08-28 02:23:51,ERROR,Storage,"Database unavailable"
10005751,2026-08-28 02:23:52,INFO,Database,"Invalid request"
10005752,2026-08-28 02:23:54,WARN,Database,"Payment failed"
10005753,2026-08-28 02:23:56,DEBUG,Network,"Server overloaded"
10005754,2026-08-28 02:23:56,ERROR,Payment,"Server overloaded"
10005755,2026-08-28 02:23:57,INFO,Storage,"Connection refused"
10005756,2026-08-28 02:23:57,DEBUG,Network,"Invalid request"
10005757,2026-08-28 02:23:57,INFO,Database,"Server overloaded"
10005758,2026-08-28 02:23:57,ERROR,Network,"Request completed"
10005759,2026-08-28 02:23:59,DEBUG,Database,"Request completed"
10005760,2026-08-28 02:24:02,WARN,Network,"Authentication failed"
10005761,2026-08-28 02:24:05,WARN,Authentication,"Connection timeout"
10005762,2026-08-28 02:24:05,DEBUG,Network,"File not found"
10005763,2026-08-28 02:24:05,WARN,Payment,"Invalid request"
10005764,2026-08-28 02:24:07,ERROR,API,"Authentication failed"
10005765,2026-08-28 02:24:08,DEBUG,API,"Authentication failed"
10005766,2026-08-28 02:24:08,INFO,Storage,"Payment failed"
10005767,2026-08-28 02:24:10,WARN,Server,"Connection timeout"
10005768,2026-08-28 02:24:13,WARN,Payment,"High memory usage"
10005769,2026-08-28 02:24:14,ERROR,Authentication,"Server overloaded"
10005770,2026-08-28 02:24:14,ERROR,Authentication,"Connection timeout"
10005771,2026-08-28 02:24:14,DEBUG,Authentication,"Invalid request"
10005772,2026-08-28 02:24:16,WARN,Database,"Request completed"
10005773,2026-08-28 02:24:16,ERROR,Payment,"Server overloaded"
10005774,2026-08-28 02:24:16,WARN,Storage,"Server overloaded"
10005775,2026-08-28 02:24:17,ERROR,Server,"Database unavailable"
10005776,2026-08-28 02:24:20,DEBUG,Authentication,"Server overloaded"
10005777,2026-08-28 02:24:23,WARN,Authentication,"Database unavailable"
10005778,2026-08-28 02:24:25,WARN,Server,"Request completed"
10005779,2026-08-28 02:24:27,DEBUG,Payment,"High memory usage"
10005780,2026-08-28 02:24:28,DEBUG,API,"Payment failed"
10005781,2026-08-28 02:24:28,INFO,Authentication,"Connection timeout"
10005782,2026-08-28 02:24:29,WARN,Storage,"High memory usage"
10005783,2026-08-28 02:24:30,DEBUG,Database,"Connection timeout"
10005784,2026-08-28 02:24:33,DEBUG,Authentication,"Connection refused"
10005785,2026-08-28 02:24:35,WARN,Server,"Connection refused"
10005786,2026-08-28 02:24:35,INFO,API,"Server overloaded"
10005787,2026-08-28 02:24:37,DEBUG,Authentication,"Invalid request"
10005788,2026-08-28 02:24:37,DEBUG,Payment,"File not found"
10005789,2026-08-28 02:24:37,INFO,Payment,"Request completed"
10005790,2026-08-28 02:24:40,INFO,Storage,"File not found"
10005791,2026-08-28 02:24:41,ERROR,Storage,"Invalid request"
10005792,2026-08-28 02:24:41,INFO,Network,"Payment failed"
10005793,2026-08-28 02:24:44,WARN,Authentication,"Database unavailable"
10005794,2026-08-28 02:24:46,ERROR,Network,"Database unavailable"
10005795,2026-08-28 02:24:46,INFO,Server,"Payment failed"
10005796,2026-08-28 02:24:48,WARN,Database,"Database unavailable"
10005797,2026-08-28 02:24:51,INFO,Storage,"Invalid request"
10005798,2026-08-28 02:24:54,INFO,Payment,"Server overloaded"
10005799,2026-08-28 02:24:55,ERROR,Database,"Connection timeout"
10005800,2026-08-28 02:24:58,DEBUG,Server,"Request completed"
10005801,2026-08-28 02:24:59,DEBUG,Storage,"Connection timeout"
10005802,2026-08-28 02:25:02,WARN,Database,"Database unavailable"
10005803,2026-08-28 02:25:05,ERROR,Server,"Connection timeout"
10005804,2026-08-28 02:25:05,WARN,Server,"Connection timeout"
10005805,2026-08-28 02:25:07,DEBUG,Server,"Payment failed"
10005806,2026-08-28 02:25:07,WARN,Server,"Connection refused"
10005807,2026-08-28 02:25:10,INFO,Database,"Invalid request"
10005808,2026-08-28 02:25:12,ERROR,Network,"Authentication failed"
10005809,2026-08-28 02:25:12,INFO,Network,"File not found"
10005810,2026-08-28 02:25:14,ERROR,Database,"Server overloaded"
10005811,2026-08-28 02:25:17,WARN,Network,"Connection timeout"
10005812,2026-08-28 02:25:17,INFO,Network,"High memory usage"
10005813,2026-08-28 02:25:18,INFO,Storage,"Server overloaded"
10005814,2026-08-28 02:25:19,ERROR,Authentication,"Invalid request"
10005815,2026-08-28 02:25:21,DEBUG,API,"Connection timeout"
10005816,2026-08-28 02:25:23,INFO,Server,"Invalid request"
10005817,2026-08-28 02:25:23,WARN,Payment,"Payment failed"
10005818,2026-08-28 02:25:23,INFO,Database,"Request completed"
10005819,2026-08-28 02:25:26,DEBUG,API,"Authentication failed"
10005820,2026-08-28 02:25:29,INFO,Network,"Request completed"
10005821,2026-08-28 02:25:31,ERROR,Storage,"High memory usage"
10005822,2026-08-28 02:25:34,WARN,Server,"Connection timeout"
10005823,2026-08-28 02:25:34,ERROR,Authentication,"Authentication failed"
10005824,2026-08-28 02:25:34,INFO,Network,"Invalid request"
10005825,2026-08-28 02:25:34,INFO,Authentication,"File not found"
10005826,2026-08-28 02:25:36,DEBUG,Database,"Database unavailable"
10005827,2026-08-28 02:25:38,ERROR,Database,"Payment failed"
10005828,2026-08-28 02:25:38,DEBUG,Database,"File not found"
10005829,2026-08-28 02:25:39,DEBUG,Network,"Connection refused"
10005830,2026-08-28 02:25:40,WARN,API,"Authentication failed"
10005831,2026-08-28 02:25:41,DEBUG,Payment,"Database unavailable"
10005832,2026-08-28 02:25:41,INFO,API,"Payment failed"
10005833,2026-08-28 02:25:43,ERROR,Server,"Invalid request"
10005834,2026-08-28 02:25:44,DEBUG,Authentication,"Database unavailable"
10005835,2026-08-28 02:25:46,INFO,Server,"Payment failed"
10005836,2026-08-28 02:25:47,ERROR,Network,"Database unavailable"
10005837,2026-08-28 02:25:49,INFO,API,"Request completed"
10005838,2026-08-28 02:25:51,WARN,API,"Payment failed"
10005839,2026-08-28 02:25:54,INFO,Payment,"Connection timeout"
10005840,2026-08-28 02:25:56,INFO,Database,"Payment failed"
10005841,2026-08-28 02:25:58,INFO,Payment,"Database unavailable"
10005842,2026-08-28 02:25:58,WARN,Network,"File not found"
10005843,2026-08-28 02:26:00,ERROR,Authentication,"Invalid request"
10005844,2026-08-28 02:26:00,WARN,API,"Authentication failed"
10005845,2026-08-28 02:26:03,WARN,API,"Request completed"
10005846,2026-08-28 02:26:04,INFO,Storage,"File not found"
10005847,2026-08-28 02:26:05,DEBUG,Network,"Request completed"
10005848,2026-08-28 02:26:07,INFO,Storage,"Database unavailable"
10005849,2026-08-28 02:26:10,INFO,Payment,"Database unavailable"
10005850,2026-08-28 02:26:11,INFO,Authentication,"High memory usage"
10005851,2026-08-28 02:26:13,WARN,API,"Invalid request"
10005852,2026-08-28 02:26:13,INFO,API,"Authentication failed"
10005853,2026-08-28 02:26:13,WARN,Storage,"Invalid request"
10005854,2026-08-28 02:26:13,WARN,Authentication,"Connection refused"
10005855,2026-08-28 02:26:16,INFO,Payment,"Server overloaded"
10005856,2026-08-28 02:26:17,INFO,Server,"High memory usage"
10005857,2026-08-28 02:26:20,DEBUG,API,"Invalid request"
10005858,2026-08-28 02:26:21,DEBUG,API,"Request completed"
10005859,2026-08-28 02:26:24,INFO,Storage,"Invalid request"
10005860,2026-08-28 02:26:24,ERROR,Authentication,"Connection timeout"
10005861,2026-08-28 02:26:25,ERROR,API,"Authentication failed"
10005862,2026-08-28 02:26:26,ERROR,Storage,"Request completed"
10005863,2026-08-28 02:26:26,ERROR,Server,"Payment failed"
10005864,2026-08-28 02:26:27,ERROR,Network,"High memory usage"
10005865,2026-08-28 02:26:27,WARN,Database,"Connection timeout"
10005866,2026-08-28 02:26:27,ERROR,Network,"Payment failed"
10005867,2026-08-28 02:26:27,WARN,Server,"Request completed"
10005868,2026-08-28 02:26:29,DEBUG,Network,"Database unavailable"
10005869,2026-08-28 02:26:31,WARN,Network,"Server overloaded"
10005870,2026-08-28 02:26:33,ERROR,Storage,"Connection refused"
10005871,2026-08-28 02:26:35,WARN,Server,"High memory usage"
10005872,2026-08-28 02:26:38,ERROR,Network,"Server overloaded"
10005873,2026-08-28 02:26:38,DEBUG,Network,"Server overloaded"
10005874,2026-08-28 02:26:38,ERROR,Authentication,"High memory usage"
10005875,2026-08-28 02:26:41,ERROR,Storage,"High memory usage"
10005876,2026-08-28 02:26:41,INFO,Payment,"Invalid request"
10005877,2026-08-28 02:26:43,WARN,Network,"Connection refused"
10005878,2026-08-28 02:26:43,ERROR,Network,"Connection timeout"
10005879,2026-08-28 02:26:45,INFO,Storage,"Invalid request"
10005880,2026-08-28 02:26:46,DEBUG,Storage,"Server overloaded"
10005881,2026-08-28 02:26:49,WARN,Storage,"Connection refused"
10005882,2026-08-28 02:26:52,DEBUG,Network,"High memory usage"
10005883,2026-08-28 02:26:53,WARN,Authentication,"Connection timeout"
10005884,2026-08-28 02:26:55,ERROR,Storage,"Connection refused"
10005885,2026-08-28 02:26:57,DEBUG,Database,"Invalid request"
10005886,2026-08-28 02:26:58,INFO,Database,"Server overloaded"
10005887,2026-08-28 02:27:01,ERROR,Network,"Connection timeout"
10005888,2026-08-28 02:27:01,ERROR,Authentication,"Database unavailable"
10005889,2026-08-28 02:27:03,INFO,Authentication,"Server overloaded"
10005890,2026-08-28 02:27:03,ERROR,Server,"Payment failed"
10005891,2026-08-28 02:27:05,DEBUG,Network,"Server overloaded"
10005892,2026-08-28 02:27:08,ERROR,Storage,"Invalid request"
10005893,2026-08-28 02:27:11,ERROR,Database,"Database unavailable"
10005894,2026-08-28 02:27:12,DEBUG,Authentication,"High memory usage"
10005895,2026-08-28 02:27:12,WARN,Network,"Server overloaded"
10005896,2026-08-28 02:27:14,DEBUG,Database,"High memory usage"
10005897,2026-08-28 02:27:14,INFO,Payment,"Request completed"
10005898,2026-08-28 02:27:17,WARN,Database,"Server overloaded"
10005899,2026-08-28 02:27:19,DEBUG,Payment,"Connection timeout"
10005900,2026-08-28 02:27:19,ERROR,Payment,"Invalid request"
10005901,2026-08-28 02:27:21,DEBUG,API,"Connection refused"
10005902,2026-08-28 02:27:24,WARN,API,"Database unavailable"
10005903,2026-08-28 02:27:27,ERROR,Storage,"Connection timeout"
10005904,2026-08-28 02:27:27,ERROR,Storage,"Connection timeout"
10005905,2026-08-28 02:27:27,ERROR,Authentication,"Connection refused"
10005906,2026-08-28 02:27:29,INFO,Server,"Request completed"
10005907,2026-08-28 02:27:30,INFO,Payment,"Invalid request"
10005908,2026-08-28 02:27:31,DEBUG,Payment,"Server overloaded"
10005909,2026-08-28 02:27:34,INFO,Storage,"Authentication failed"
10005910,2026-08-28 02:27:34,INFO,Payment,"Server overloaded"
10005911,2026-08-28 02:27:35,DEBUG,Authentication,"Connection timeout"
10005912,2026-08-28 02:27:35,DEBUG,Payment,"High memory usage"
10005913,2026-08-28 02:27:35,DEBUG,Payment,"Authentication failed"
10005914,2026-08-28 02:27:36,DEBUG,Payment,"Server overloaded"
10005915,2026-08-28 02:27:38,INFO,Server,"Authentication failed"
10005916,2026-08-28 02:27:41,ERROR,API,"Connection timeout"
10005917,2026-08-28 02:27:43,ERROR,Server,"Invalid request"
10005918,2026-08-28 02:27:43,DEBUG,Payment,"File not found"
10005919,2026-08-28 02:27:45,ERROR,Storage,"High memory usage"
10005920,2026-08-28 02:27:48,ERROR,Network,"Payment failed"
10005921,2026-08-28 02:27:50,INFO,Server,"File not found"
10005922,2026-08-28 02:27:52,WARN,Storage,"Server overloaded"
10005923,2026-08-28 02:27:55,DEBUG,Server,"Authentication failed"
10005924,2026-08-28 02:27:55,WARN,API,"File not found"
10005925,2026-08-28 02:27:58,INFO,Authentication,"Authentication failed"
10005926,2026-08-28 02:28:00,WARN,Server,"Connection timeout"
10005927,2026-08-28 02:28:00,DEBUG,Network,"Database unavailable"
10005928,2026-08-28 02:28:02,ERROR,Server,"Server overloaded"
10005929,2026-08-28 02:28:03,WARN,Database,"Request completed"
10005930,2026-08-28 02:28:06,INFO,Authentication,"Database unavailable"
10005931,2026-08-28 02:28:09,DEBUG,Database,"Payment failed"
10005932,2026-08-28 02:28:12,INFO,Database,"Invalid request"
10005933,2026-08-28 02:28:15,WARN,Payment,"Authentication failed"
10005934,2026-08-28 02:28:16,WARN,Network,"Request completed"
10005935,2026-08-28 02:28:16,WARN,Storage,"Connection timeout"
10005936,2026-08-28 02:28:17,INFO,Payment,"Server overloaded"
10005937,2026-08-28 02:28:19,INFO,Payment,"Payment failed"
10005938,2026-08-28 02:28:22,ERROR,Payment,"Connection timeout"
10005939,2026-08-28 02:28:23,DEBUG,Database,"File not found"
10005940,2026-08-28 02:28:26,WARN,Database,"Server overloaded"
10005941,2026-08-28 02:28:28,WARN,API,"Authentication failed"
10005942,2026-08-28 02:28:30,DEBUG,Network,"Authentication failed"
10005943,2026-08-28 02:28:32,WARN,Payment,"Invalid request"
10005944,2026-08-28 02:28:33,ERROR,Authentication,"High memory usage"
10005945,2026-08-28 02:28:35,ERROR,API,"File not found"
10005946,2026-08-28 02:28:36,INFO,Payment,"Invalid request"
10005947,2026-08-28 02:28:39,DEBUG,Payment,"Server overloaded"
10005948,2026-08-28 02:28:40,DEBUG,Database,"File not found"
10005949,2026-08-28 02:28:40,ERROR,Database,"Payment failed"
10005950,2026-08-28 02:28:40,DEBUG,Server,"Connection timeout"
10005951,2026-08-28 02:28:43,DEBUG,Network,"File not found"
10005952,2026-08-28 02:28:46,DEBUG,Server,"Connection timeout"
10005953,2026-08-28 02:28:47,DEBUG,Payment,"Invalid request"
10005954,2026-08-28 02:28:47,ERROR,Database,"Request completed"
10005955,2026-08-28 02:28:49,INFO,Storage,"Request completed"
10005956,2026-08-28 02:28:52,ERROR,Authentication,"Connection refused"
10005957,2026-08-28 02:28:52,WARN,Network,"Request completed"
10005958,2026-08-28 02:28:54,WARN,API,"Connection timeout"
10005959,2026-08-28 02:28:56,DEBUG,Database,"Authentication failed"
10005960,2026-08-28 02:28:58,INFO,Payment,"High memory usage"
10005961,2026-08-28 02:28:58,ERROR,API,"Invalid request"
10005962,2026-08-28 02:28:59,WARN,Authentication,"Authentication failed"
10005963,2026-08-28 02:28:59,INFO,API,"Database unavailable"
10005964,2026-08-28 02:28:59,DEBUG,API,"Request completed"
10005965,2026-08-28 02:29:02,ERROR,Storage,"Connection refused"
10005966,2026-08-28 02:29:03,WARN,Storage,"Payment failed"
10005967,2026-08-28 02:29:06,INFO,Payment,"Connection refused"
10005968,2026-08-28 02:29:07,INFO,Database,"Payment failed"
10005969,2026-08-28 02:29:07,WARN,API,"Payment failed"
10005970,2026-08-28 02:29:07,DEBUG,API,"Connection refused"
10005971,2026-08-28 02:29:10,ERROR,Payment,"Invalid request"
10005972,2026-08-28 02:29:11,INFO,Storage,"Connection refused"
10005973,2026-08-28 02:29:11,WARN,Database,"Connection refused"
10005974,2026-08-28 02:29:14,DEBUG,Database,"High memory usage"
10005975,2026-08-28 02:29:14,WARN,Server,"Connection refused"
10005976,2026-08-28 02:29:14,ERROR,Payment,"Request completed"
10005977,2026-08-28 02:29:16,ERROR,Network,"File not found"
10005978,2026-08-28 02:29:17,WARN,Database,"Server overloaded"
10005979,2026-08-28 02:29:17,INFO,Authentication,"High memory usage"
10005980,2026-08-28 02:29:20,INFO,Server,"Connection timeout"
10005981,2026-08-28 02:29:20,ERROR,Payment,"Authentication failed"
10005982,2026-08-28 02:29:23,ERROR,Storage,"Authentication failed"
10005983,2026-08-28 02:29:25,WARN,API,"Payment failed"
10005984,2026-08-28 02:29:27,WARN,Database,"Request completed"
10005985,2026-08-28 02:29:29,DEBUG,Network,"Connection refused"
10005986,2026-08-28 02:29:32,ERROR,Authentication,"Request completed"
10005987,2026-08-28 02:29:33,DEBUG,Payment,"High memory usage"
10005988,2026-08-28 02:29:36,ERROR,API,"Invalid request"
10005989,2026-08-28 02:29:38,ERROR,Payment,"Connection timeout"
10005990,2026-08-28 02:29:38,ERROR,Storage,"File not found"
10005991,2026-08-28 02:29:38,DEBUG,Database,"Database unavailable"
10005992,2026-08-28 02:29:40,WARN,Database,"Connection timeout"
10005993,2026-08-28 02:29:41,DEBUG,Storage,"Authentication failed"
10005994,2026-08-28 02:29:44,ERROR,Payment,"File not found"
10005995,2026-08-28 02:29:44,DEBUG,Storage,"Payment failed"
10005996,2026-08-28 02:29:44,WARN,Database,"Connection timeout"
10005997,2026-08-28 02:29:45,WARN,Authentication,"Authentication failed"
10005998,2026-08-28 02:29:46,INFO,Payment,"Payment failed"
10005999,2026-08-28 02:29:48,INFO,Payment,"Request completed"
10006000,2026-08-28 02:29:49,DEBUG,Authentication,"Invalid request"
10006001,2026-08-28 02:29:51,DEBUG,API,"Server overloaded"
10006002,2026-08-28 02:29:51,ERROR,Server,"Invalid request"
10006003,2026-08-28 02:29:54,DEBUG,Payment,"Database unavailable"
10006004,2026-08-28 02:29:56,ERROR,Storage,"Server overloaded"
10006005,2026-08-28 02:29:59,WARN,Server,"Payment failed"
10006006,2026-08-28 02:30:01,INFO,API,"Payment failed"
10006007,2026-08-28 02:30:01,WARN,Payment,"Connection timeout"
10006008,2026-08-28 02:30:03,INFO,Database,"High memory usage"
10006009,2026-08-28 02:30:03,DEBUG,Network,"File not found"
10006010,2026-08-28 02:30:04,ERROR,Storage,"Connection refused"
10006011,2026-08-28 02:30:07,ERROR,Authentication,"Connection refused"
10006012,2026-08-28 02:30:08,DEBUG,API,"Invalid request"
10006013,2026-08-28 02:30:08,ERROR,Database,"High memory usage"
10006014,2026-08-28 02:30:08,INFO,Authentication,"Request completed"
10006015,2026-08-28 02:30:08,DEBUG,Network,"Connection timeout"
10006016,2026-08-28 02:30:08,ERROR,Authentication,"Invalid request"
10006017,2026-08-28 02:30:11,ERROR,Server,"Payment failed"
10006018,2026-08-28 02:30:13,ERROR,Database,"Payment failed"
10006019,2026-08-28 02:30:13,WARN,Server,"Request completed"
10006020,2026-08-28 02:30:15,DEBUG,Storage,"Payment failed"
10006021,2026-08-28 02:30:15,INFO,Database,"Invalid request"
10006022,2026-08-28 02:30:16,DEBUG,Payment,"Database unavailable"
10006023,2026-08-28 02:30:17,INFO,Server,"Invalid request"
10006024,2026-08-28 02:30:17,WARN,Database,"Invalid request"
10006025,2026-08-28 02:30:17,DEBUG,Database,"File not found"
10006026,2026-08-28 02:30:19,DEBUG,API,"Payment failed"
10006027,2026-08-28 02:30:21,ERROR,Server,"Request completed"
10006028,2026-08-28 02:30:22,ERROR,Network,"Server overloaded"
10006029,2026-08-28 02:30:25,WARN,Storage,"File not found"
10006030,2026-08-28 02:30:28,DEBUG,Database,"Connection timeout"
10006031,2026-08-28 02:30:31,ERROR,API,"High memory usage"
10006032,2026-08-28 02:30:34,ERROR,API,"Server overloaded"
10006033,2026-08-28 02:30:34,ERROR,Network,"Server overloaded"
10006034,2026-08-28 02:30:36,WARN,Network,"Connection refused"
10006035,2026-08-28 02:30:38,ERROR,Payment,"Connection timeout"
10006036,2026-08-28 02:30:39,WARN,Database,"Authentication failed"
10006037,2026-08-28 02:30:39,ERROR,Server,"Connection refused"
10006038,2026-08-28 02:30:42,WARN,Network,"Database unavailable"
10006039,2026-08-28 02:30:42,INFO,Server,"Connection refused"
10006040,2026-08-28 02:30:43,DEBUG,Database,"Authentication failed"
10006041,2026-08-28 02:30:45,ERROR,Payment,"Server overloaded"
10006042,2026-08-28 02:30:47,DEBUG,Payment,"Database unavailable"
10006043,2026-08-28 02:30:47,INFO,Storage,"Payment failed"
10006044,2026-08-28 02:30:47,INFO,Network,"Server overloaded"
10006045,2026-08-28 02:30:49,INFO,Storage,"High memory usage"
10006046,2026-08-28 02:30:50,INFO,Database,"Payment failed"
10006047,2026-08-28 02:30:51,WARN,Payment,"Connection timeout"
10006048,2026-08-28 02:30:53,ERROR,Payment,"Server overloaded"
10006049,2026-08-28 02:30:53,WARN,API,"Request completed"
10006050,2026-08-28 02:30:54,ERROR,Server,"Connection refused"
10006051,2026-08-28 02:30:55,INFO,Server,"Database unavailable"
10006052,2026-08-28 02:30:58,DEBUG,Server,"Request completed"
10006053,2026-08-28 02:30:59,DEBUG,Database,"Database unavailable"
10006054,2026-08-28 02:30:59,WARN,Payment,"Request completed"
10006055,2026-08-28 02:31:00,INFO,Authentication,"Database unavailable"
10006056,2026-08-28 02:31:02,DEBUG,Network,"Payment failed"
10006057,2026-08-28 02:31:03,DEBUG,Storage,"Request completed"
10006058,2026-08-28 02:31:03,WARN,Server,"File not found"
10006059,2026-08-28 02:31:05,WARN,Network,"Invalid request"
10006060,2026-08-28 02:31:08,ERROR,Storage,"Authentication failed"
10006061,2026-08-28 02:31:11,DEBUG,Database,"High memory usage"
10006062,2026-08-28 02:31:14,ERROR,Storage,"Request completed"
10006063,2026-08-28 02:31:16,ERROR,Payment,"Payment failed"
10006064,2026-08-28 02:31:16,DEBUG,API,"Database unavailable"
10006065,2026-08-28 02:31:16,ERROR,Payment,"Request completed"
10006066,2026-08-28 02:31:18,WARN,Network,"File not found"
10006067,2026-08-28 02:31:21,WARN,Payment,"Request completed"
10006068,2026-08-28 02:31:23,DEBUG,Server,"Connection timeout"
10006069,2026-08-28 02:31:23,INFO,API,"File not found"
10006070,2026-08-28 02:31:26,INFO,Storage,"Payment failed"
10006071,2026-08-28 02:31:27,DEBUG,Authentication,"Database unavailable"
10006072,2026-08-28 02:31:29,ERROR,Network,"Connection timeout"
10006073,2026-08-28 02:31:29,WARN,Server,"Payment failed"
10006074,2026-08-28 02:31:32,INFO,Payment,"High memory usage"
10006075,2026-08-28 02:31:35,DEBUG,Storage,"High memory usage"
10006076,2026-08-28 02:31:35,ERROR,API,"Authentication failed"
10006077,2026-08-28 02:31:38,ERROR,Database,"High memory usage"
10006078,2026-08-28 02:31:38,WARN,Network,"Connection refused"
10006079,2026-08-28 02:31:40,INFO,Storage,"File not found"
10006080,2026-08-28 02:31:42,INFO,Database,"Connection refused"
10006081,2026-08-28 02:31:43,WARN,Authentication,"Invalid request"
10006082,2026-08-28 02:31:45,ERROR,Storage,"Connection refused"
10006083,2026-08-28 02:31:48,ERROR,Storage,"High memory usage"
10006084,2026-08-28 02:31:50,DEBUG,Server,"High memory usage"
10006085,2026-08-28 02:31:52,INFO,API,"Database unavailable"
10006086,2026-08-28 02:31:52,DEBUG,Payment,"Connection timeout"
10006087,2026-08-28 02:31:54,DEBUG,Storage,"File not found"
10006088,2026-08-28 02:31:57,ERROR,Server,"Request completed"
10006089,2026-08-28 02:31:58,ERROR,Authentication,"High memory usage"
10006090,2026-08-28 02:32:01,WARN,Authentication,"Request completed"
10006091,2026-08-28 02:32:04,ERROR,Network,"Payment failed"
10006092,2026-08-28 02:32:07,ERROR,Storage,"Payment failed"
10006093,2026-08-28 02:32:08,INFO,Server,"Database unavailable"
10006094,2026-08-28 02:32:10,INFO,Authentication,"Connection timeout"
10006095,2026-08-28 02:32:11,WARN,Authentication,"Request completed"
10006096,2026-08-28 02:32:12,DEBUG,Storage,"Payment failed"
10006097,2026-08-28 02:32:14,INFO,Payment,"Server overloaded"
10006098,2026-08-28 02:32:17,ERROR,Storage,"Invalid request"
10006099,2026-08-28 02:32:19,DEBUG,Storage,"Connection timeout"
10006100,2026-08-28 02:32:22,WARN,Network,"Authentication failed"
10006101,2026-08-28 02:32:22,INFO,Network,"Connection refused"
10006102,2026-08-28 02:32:24,WARN,Storage,"Authentication failed"
10006103,2026-08-28 02:32:26,DEBUG,Authentication,"Database unavailable"
10006104,2026-08-28 02:32:28,DEBUG,Server,"File not found"
10006105,2026-08-28 02:32:28,DEBUG,API,"Payment failed"
10006106,2026-08-28 02:32:28,DEBUG,Payment,"Request completed"
10006107,2026-08-28 02:32:31,WARN,Database,"File not found"
10006108,2026-08-28 02:32:33,DEBUG,Server,"Connection timeout"
10006109,2026-08-28 02:32:36,WARN,Authentication,"File not found"
10006110,2026-08-28 02:32:39,WARN,Server,"Authentication failed"
10006111,2026-08-28 02:32:41,DEBUG,Server,"Database unavailable"
10006112,2026-08-28 02:32:44,INFO,API,"Invalid request"
10006113,2026-08-28 02:32:46,WARN,Authentication,"High memory usage"
10006114,2026-08-28 02:32:48,DEBUG,Payment,"Payment failed"
10006115,2026-08-28 02:32:51,WARN,API,"Connection timeout"
10006116,2026-08-28 02:32:53,ERROR,Payment,"Database unavailable"
10006117,2026-08-28 02:32:56,WARN,Database,"Connection refused"
10006118,2026-08-28 02:32:57,WARN,Authentication,"Connection timeout"
10006119,2026-08-28 02:32:57,DEBUG,Authentication,"Payment failed"
10006120,2026-08-28 02:32:57,INFO,API,"Request completed"
10006121,2026-08-28 02:33:00,DEBUG,Storage,"Authentication failed"
10006122,2026-08-28 02:33:01,WARN,API,"Server overloaded"
10006123,2026-08-28 02:33:04,DEBUG,Database,"High memory usage"
10006124,2026-08-28 02:33:07,ERROR,Database,"Authentication failed"
10006125,2026-08-28 02:33:08,INFO,Server,"Connection refused"
10006126,2026-08-28 02:33:09,WARN,API,"Request completed"
10006127,2026-08-28 02:33:09,WARN,API,"Database unavailable"
10006128,2026-08-28 02:33:12,DEBUG,Authentication,"Invalid request"
10006129,2026-08-28 02:33:12,WARN,Database,"Payment failed"
10006130,2026-08-28 02:33:14,ERROR,Payment,"Connection refused"
10006131,2026-08-28 02:33:15,DEBUG,Authentication,"Database unavailable"
10006132,2026-08-28 02:33:16,INFO,Database,"Authentication failed"
10006133,2026-08-28 02:33:18,INFO,Network,"Database unavailable"
10006134,2026-08-28 02:33:21,INFO,Authentication,"Connection timeout"
10006135,2026-08-28 02:33:23,DEBUG,Network,"Payment failed"
10006136,2026-08-28 02:33:23,WARN,Network,"High memory usage"
10006137,2026-08-28 02:33:26,WARN,Network,"Server overloaded"
10006138,2026-08-28 02:33:27,ERROR,Storage,"High memory usage"
10006139,2026-08-28 02:33:27,WARN,Storage,"Connection refused"
10006140,2026-08-28 02:33:28,INFO,Payment,"Invalid request"
10006141,2026-08-28 02:33:30,WARN,API,"Connection refused"
10006142,2026-08-28 02:33:30,WARN,Network,"Connection refused"
10006143,2026-08-28 02:33:31,ERROR,Payment,"Authentication failed"
10006144,2026-08-28 02:33:34,DEBUG,Network,"File not found"
10006145,2026-08-28 02:33:36,DEBUG,API,"Database unavailable"
10006146,2026-08-28 02:33:38,WARN,API,"File not found"
10006147,2026-08-28 02:33:38,WARN,Payment,"Connection refused"
10006148,2026-08-28 02:33:41,WARN,Payment,"Request completed"
10006149,2026-08-28 02:33:41,INFO,Storage,"Connection timeout"
10006150,2026-08-28 02:33:43,INFO,Network,"Payment failed"
10006151,2026-08-28 02:33:44,INFO,API,"Database unavailable"
10006152,2026-08-28 02:33:44,WARN,API,"Request completed"
10006153,2026-08-28 02:33:47,INFO,Database,"File not found"
10006154,2026-08-28 02:33:49,ERROR,API,"Request completed"
10006155,2026-08-28 02:33:49,WARN,Payment,"Server overloaded"
10006156,2026-08-28 02:33:49,WARN,Payment,"Connection timeout"
10006157,2026-08-28 02:33:52,WARN,Authentication,"Invalid request"
10006158,2026-08-28 02:33:53,WARN,Payment,"File not found"
10006159,2026-08-28 02:33:53,ERROR,API,"File not found"
10006160,2026-08-28 02:33:54,DEBUG,Database,"Database unavailable"
10006161,2026-08-28 02:33:57,DEBUG,Database,"Authentication failed"
10006162,2026-08-28 02:33:57,INFO,API,"Payment failed"
10006163,2026-08-28 02:34:00,ERROR,Payment,"Request completed"
10006164,2026-08-28 02:34:02,WARN,Server,"High memory usage"
10006165,2026-08-28 02:34:02,INFO,Network,"Connection refused"
10006166,2026-08-28 02:34:05,INFO,API,"Connection timeout"
10006167,2026-08-28 02:34:05,WARN,Server,"Invalid request"
10006168,2026-08-28 02:34:07,WARN,Database,"Connection refused"
10006169,2026-08-28 02:34:10,WARN,Network,"High memory usage"
10006170,2026-08-28 02:34:11,ERROR,Authentication,"Payment failed"
10006171,2026-08-28 02:34:11,ERROR,Network,"High memory usage"
10006172,2026-08-28 02:34:11,ERROR,Payment,"File not found"
10006173,2026-08-28 02:34:14,WARN,API,"High memory usage"
10006174,2026-08-28 02:34:15,WARN,API,"Connection refused"
10006175,2026-08-28 02:34:17,ERROR,API,"Server overloaded"
10006176,2026-08-28 02:34:20,ERROR,Database,"Invalid request"
10006177,2026-08-28 02:34:21,DEBUG,Authentication,"Invalid request"
10006178,2026-08-28 02:34:22,WARN,Storage,"File not found"
10006179,2026-08-28 02:34:24,INFO,Storage,"Authentication failed"
10006180,2026-08-28 02:34:24,INFO,Authentication,"Server overloaded"
10006181,2026-08-28 02:34:24,WARN,Payment,"File not found"
10006182,2026-08-28 02:34:27,DEBUG,Payment,"File not found"
10006183,2026-08-28 02:34:29,ERROR,API,"Server overloaded"
10006184,2026-08-28 02:34:32,ERROR,Server,"Payment failed"
10006185,2026-08-28 02:34:33,WARN,Server,"File not found"
10006186,2026-08-28 02:34:35,WARN,Database,"Database unavailable"
10006187,2026-08-28 02:34:37,WARN,Authentication,"Payment failed"
10006188,2026-08-28 02:34:40,INFO,Payment,"Payment failed"
10006189,2026-08-28 02:34:40,WARN,Network,"Request completed"
10006190,2026-08-28 02:34:43,ERROR,Storage,"Payment failed"
10006191,2026-08-28 02:34:44,WARN,Server,"Authentication failed"
10006192,2026-08-28 02:34:44,ERROR,API,"Invalid request"
10006193,2026-08-28 02:34:44,INFO,Server,"Authentication failed"
10006194,2026-08-28 02:34:46,INFO,API,"Request completed"
10006195,2026-08-28 02:34:48,INFO,Payment,"File not found"
10006196,2026-08-28 02:34:49,INFO,Database,"Invalid request"
10006197,2026-08-28 02:34:50,INFO,Storage,"Connection timeout"
10006198,2026-08-28 02:34:50,DEBUG,Payment,"Connection refused"
10006199,2026-08-28 02:34:53,ERROR,Server,"Request completed"
10006200,2026-08-28 02:34:53,INFO,Server,"Database unavailable"
10006201,2026-08-28 02:34:53,WARN,API,"Authentication failed"
10006202,2026-08-28 02:34:56,ERROR,Database,"Database unavailable"
10006203,2026-08-28 02:34:57,INFO,Storage,"Server overloaded"
10006204,2026-08-28 02:34:57,WARN,Database,"Request completed"
10006205,2026-08-28 02:35:00,ERROR,Payment,"High memory usage"
10006206,2026-08-28 02:35:03,WARN,API,"Connection refused"
10006207,2026-08-28 02:35:04,INFO,Database,"File not found"
10006208,2026-08-28 02:35:05,ERROR,Server,"Connection timeout"
10006209,2026-08-28 02:35:07,INFO,API,"Connection timeout"
10006210,2026-08-28 02:35:08,WARN,Server,"Server overloaded"
10006211,2026-08-28 02:35:11,DEBUG,Network,"File not found"
10006212,2026-08-28 02:35:11,WARN,Payment,"Server overloaded"
10006213,2026-08-28 02:35:14,ERROR,Network,"File not found"
10006214,2026-08-28 02:35:17,DEBUG,Server,"Authentication failed"
10006215,2026-08-28 02:35:19,ERROR,Server,"Connection timeout"
10006216,2026-08-28 02:35:19,DEBUG,Network,"Request completed"
10006217,2026-08-28 02:35:21,WARN,Storage,"Connection refused"
10006218,2026-08-28 02:35:22,WARN,Server,"Payment failed"
10006219,2026-08-28 02:35:25,DEBUG,API,"Server overloaded"
10006220,2026-08-28 02:35:27,WARN,Storage,"Server overloaded"
10006221,2026-08-28 02:35:27,DEBUG,Database,"File not found"
10006222,2026-08-28 02:35:28,INFO,Authentication,"Connection timeout"
10006223,2026-08-28 02:35:28,WARN,Server,"High memory usage"
10006224,2026-08-28 02:35:30,INFO,API,"Request completed"
10006225,2026-08-28 02:35:32,DEBUG,Storage,"File not found"
10006226,2026-08-28 02:35:32,INFO,Storage,"High memory usage"
10006227,2026-08-28 02:35:35,WARN,Payment,"Request completed"
10006228,2026-08-28 02:35:37,ERROR,Network,"Connection timeout"
10006229,2026-08-28 02:35:40,INFO,Database,"High memory usage"
10006230,2026-08-28 02:35:43,DEBUG,Payment,"Request completed"
10006231,2026-08-28 02:35:45,INFO,Database,"Server overloaded"
10006232,2026-08-28 02:35:47,DEBUG,Payment,"Connection refused"
10006233,2026-08-28 02:35:48,DEBUG,Authentication,"Authentication failed"
10006234,2026-08-28 02:35:48,INFO,Payment,"Connection timeout"
10006235,2026-08-28 02:35:49,ERROR,Database,"High memory usage"
10006236,2026-08-28 02:35:51,ERROR,Server,"File not found"
10006237,2026-08-28 02:35:51,ERROR,Network,"Authentication failed"
10006238,2026-08-28 02:35:54,WARN,Server,"Request completed"
10006239,2026-08-28 02:35:57,DEBUG,API,"Database unavailable"
10006240,2026-08-28 02:36:00,WARN,Storage,"Payment failed"
10006241,2026-08-28 02:36:03,INFO,API,"Request completed"
10006242,2026-08-28 02:36:03,WARN,Payment,"Server overloaded"
10006243,2026-08-28 02:36:04,ERROR,Storage,"High memory usage"
10006244,2026-08-28 02:36:07,ERROR,API,"Server overloaded"
10006245,2026-08-28 02:36:09,WARN,Authentication,"File not found"
10006246,2026-08-28 02:36:09,WARN,API,"Request completed"
10006247,2026-08-28 02:36:12,WARN,Server,"Connection timeout"
10006248,2026-08-28 02:36:15,WARN,Payment,"Server overloaded"
10006249,2026-08-28 02:36:17,ERROR,Network,"Request completed"
10006250,2026-08-28 02:36:17,ERROR,Storage,"Database unavailable"
10006251,2026-08-28 02:36:17,DEBUG,Network,"Request completed"
10006252,2026-08-28 02:36:17,INFO,API,"Invalid request"
10006253,2026-08-28 02:36:18,DEBUG,API,"Authentication failed"
10006254,2026-08-28 02:36:18,WARN,Authentication,"File not found"
10006255,2026-08-28 02:36:21,DEBUG,Authentication,"Server overloaded"
10006256,2026-08-28 02:36:23,DEBUG,Storage,"Connection refused"
10006257,2026-08-28 02:36:24,DEBUG,Payment,"High memory usage"
10006258,2026-08-28 02:36:25,DEBUG,Authentication,"Connection refused"
10006259,2026-08-28 02:36:26,ERROR,Server,"Connection timeout"
10006260,2026-08-28 02:36:27,ERROR,Authentication,"Invalid request"
10006261,2026-08-28 02:36:30,DEBUG,Payment,"High memory usage"
10006262,2026-08-28 02:36:30,INFO,Server,"Database unavailable"
10006263,2026-08-28 02:36:31,INFO,Server,"Payment failed"
10006264,2026-08-28 02:36:34,WARN,Database,"Server overloaded"
10006265,2026-08-28 02:36:36,DEBUG,Database,"Database unavailable"
10006266,2026-08-28 02:36:39,DEBUG,Payment,"File not found"
10006267,2026-08-28 02:36:41,ERROR,Storage,"Request completed"
10006268,2026-08-28 02:36:41,WARN,Payment,"Payment failed"
10006269,2026-08-28 02:36:41,INFO,Storage,"Server overloaded"
10006270,2026-08-28 02:36:43,ERROR,Payment,"Payment failed"
10006271,2026-08-28 02:36:45,ERROR,Authentication,"Connection timeout"
10006272,2026-08-28 02:36:48,ERROR,API,"Payment failed"
10006273,2026-08-28 02:36:51,WARN,Server,"Authentication failed"
10006274,2026-08-28 02:36:53,WARN,Network,"Invalid request"
10006275,2026-08-28 02:36:55,DEBUG,Authentication,"Request completed"
10006276,2026-08-28 02:36:56,WARN,Payment,"File not found"
10006277,2026-08-28 02:36:57,INFO,Server,"Invalid request"
10006278,2026-08-28 02:36:58,DEBUG,API,"Payment failed"
10006279,2026-08-28 02:36:58,ERROR,Server,"Connection timeout"
10006280,2026-08-28 02:37:00,WARN,Network,"Request completed"
10006281,2026-08-28 02:37:01,WARN,Storage,"Authentication failed"
10006282,2026-08-28 02:37:04,DEBUG,Storage,"Authentication failed"
10006283,2026-08-28 02:37:04,WARN,Payment,"Database unavailable"
10006284,2026-08-28 02:37:05,ERROR,Authentication,"High memory usage"
10006285,2026-08-28 02:37:06,WARN,API,"Connection refused"
10006286,2026-08-28 02:37:06,ERROR,Server,"Payment failed"
10006287,2026-08-28 02:37:08,DEBUG,Storage,"Invalid request"
10006288,2026-08-28 02:37:10,INFO,Payment,"High memory usage"
10006289,2026-08-28 02:37:10,ERROR,Database,"Database unavailable"
10006290,2026-08-28 02:37:12,ERROR,Server,"Invalid request"
10006291,2026-08-28 02:37:13,DEBUG,Server,"Request completed"
10006292,2026-08-28 02:37:16,WARN,Server,"High memory usage"
10006293,2026-08-28 02:37:17,DEBUG,Network,"High memory usage"
10006294,2026-08-28 02:37:19,DEBUG,API,"Connection refused"
10006295,2026-08-28 02:37:22,INFO,Payment,"Connection timeout"
10006296,2026-08-28 02:37:25,DEBUG,Payment,"Authentication failed"
10006297,2026-08-28 02:37:26,DEBUG,Authentication,"Connection timeout"
10006298,2026-08-28 02:37:28,INFO,Payment,"High memory usage"
10006299,2026-08-28 02:37:31,WARN,Server,"Request completed"
10006300,2026-08-28 02:37:31,ERROR,API,"Connection timeout"
10006301,2026-08-28 02:37:31,INFO,API,"Database unavailable"
10006302,2026-08-28 02:37:34,DEBUG,Storage,"Connection timeout"
10006303,2026-08-28 02:37:34,DEBUG,Storage,"Authentication failed"
10006304,2026-08-28 02:37:36,DEBUG,Storage,"Server overloaded"
10006305,2026-08-28 02:37:39,ERROR,Payment,"High memory usage"
10006306,2026-08-28 02:37:41,WARN,Database,"High memory usage"
10006307,2026-08-28 02:37:41,DEBUG,Server,"Database unavailable"
10006308,2026-08-28 02:37:42,ERROR,Authentication,"Connection refused"
10006309,2026-08-28 02:37:43,DEBUG,Server,"Authentication failed"
10006310,2026-08-28 02:37:45,INFO,Storage,"Payment failed"
10006311,2026-08-28 02:37:46,DEBUG,Server,"Server overloaded"
10006312,2026-08-28 02:37:46,INFO,Server,"Payment failed"
10006313,2026-08-28 02:37:49,DEBUG,Storage,"File not found"
10006314,2026-08-28 02:37:51,ERROR,Server,"High memory usage"
10006315,2026-08-28 02:37:51,DEBUG,API,"Authentication failed"
10006316,2026-08-28 02:37:52,DEBUG,API,"Authentication failed"
10006317,2026-08-28 02:37:53,DEBUG,Network,"File not found"
10006318,2026-08-28 02:37:53,ERROR,Authentication,"Request completed"
10006319,2026-08-28 02:37:53,INFO,API,"Connection refused"
10006320,2026-08-28 02:37:53,ERROR,Network,"Connection refused"
10006321,2026-08-28 02:37:56,ERROR,Server,"Connection refused"
10006322,2026-08-28 02:37:57,WARN,Server,"Authentication failed"
10006323,2026-08-28 02:37:58,DEBUG,Database,"Invalid request"
10006324,2026-08-28 02:37:59,DEBUG,Network,"Invalid request"
10006325,2026-08-28 02:38:01,DEBUG,Database,"Authentication failed"
10006326,2026-08-28 02:38:02,ERROR,Payment,"File not found"
10006327,2026-08-28 02:38:04,ERROR,Database,"Authentication failed"
10006328,2026-08-28 02:38:04,WARN,Payment,"Connection refused"
10006329,2026-08-28 02:38:04,INFO,Authentication,"Connection refused"
10006330,2026-08-28 02:38:05,ERROR,Storage,"Connection timeout"
10006331,2026-08-28 02:38:05,INFO,Server,"Request completed"
10006332,2026-08-28 02:38:05,ERROR,Authentication,"Request completed"
10006333,2026-08-28 02:38:08,INFO,Storage,"File not found"
10006334,2026-08-28 02:38:08,WARN,Authentication,"Authentication failed"
10006335,2026-08-28 02:38:09,ERROR,API,"Connection refused"
10006336,2026-08-28 02:38:10,WARN,Network,"Server overloaded"
10006337,2026-08-28 02:38:12,ERROR,Storage,"Request completed"
10006338,2026-08-28 02:38:15,DEBUG,Database,"High memory usage"
10006339,2026-08-28 02:38:18,WARN,Payment,"Payment failed"
10006340,2026-08-28 02:38:21,DEBUG,Database,"File not found"
10006341,2026-08-28 02:38:24,INFO,API,"Connection timeout"
10006342,2026-08-28 02:38:24,DEBUG,Payment,"Server overloaded"
10006343,2026-08-28 02:38:25,INFO,Database,"Payment failed"
10006344,2026-08-28 02:38:28,DEBUG,Server,"Request completed"
10006345,2026-08-28 02:38:29,ERROR,Payment,"Payment failed"
10006346,2026-08-28 02:38:31,WARN,API,"File not found"
10006347,2026-08-28 02:38:31,DEBUG,Payment,"Request completed"
10006348,2026-08-28 02:38:32,WARN,Network,"Connection refused"
10006349,2026-08-28 02:38:32,ERROR,Server,"Database unavailable"
10006350,2026-08-28 02:38:32,INFO,Storage,"Payment failed"
10006351,2026-08-28 02:38:33,WARN,Database,"Server overloaded"
10006352,2026-08-28 02:38:36,WARN,Payment,"File not found"
10006353,2026-08-28 02:38:38,DEBUG,API,"High memory usage"
10006354,2026-08-28 02:38:39,ERROR,Payment,"Payment failed"
10006355,2026-08-28 02:38:42,WARN,Storage,"Server overloaded"
10006356,2026-08-28 02:38:43,ERROR,Database,"Payment failed"
10006357,2026-08-28 02:38:43,WARN,API,"Invalid request"
10006358,2026-08-28 02:38:45,ERROR,Storage,"Invalid request"
10006359,2026-08-28 02:38:47,INFO,Network,"Request completed"
10006360,2026-08-28 02:38:49,INFO,Payment,"File not found"
10006361,2026-08-28 02:38:49,WARN,Network,"High memory usage"
10006362,2026-08-28 02:38:49,WARN,Authentication,"High memory usage"
10006363,2026-08-28 02:38:50,DEBUG,Storage,"Database unavailable"
10006364,2026-08-28 02:38:52,WARN,Storage,"Connection timeout"
10006365,2026-08-28 02:38:55,WARN,Payment,"Payment failed"
10006366,2026-08-28 02:38:55,INFO,Payment,"Connection refused"
10006367,2026-08-28 02:38:58,INFO,Network,"Database unavailable"
10006368,2026-08-28 02:38:59,INFO,Database,"Authentication failed"
10006369,2026-08-28 02:39:01,WARN,API,"Request completed"
10006370,2026-08-28 02:39:04,DEBUG,Authentication,"Database unavailable"
10006371,2026-08-28 02:39:05,ERROR,Payment,"Authentication failed"
10006372,2026-08-28 02:39:07,ERROR,Payment,"Connection timeout"
10006373,2026-08-28 02:39:09,DEBUG,Server,"Connection refused"
10006374,2026-08-28 02:39:12,WARN,Storage,"High memory usage"
10006375,2026-08-28 02:39:15,INFO,Network,"File not found"
10006376,2026-08-28 02:39:18,ERROR,Authentication,"Authentication failed"
10006377,2026-08-28 02:39:21,INFO,Payment,"Authentication failed"
10006378,2026-08-28 02:39:22,DEBUG,Authentication,"Request completed"
10006379,2026-08-28 02:39:23,ERROR,API,"Server overloaded"
10006380,2026-08-28 02:39:26,WARN,Server,"Authentication failed"
10006381,2026-08-28 02:39:27,ERROR,Server,"High memory usage"
10006382,2026-08-28 02:39:28,WARN,Network,"Invalid request"
10006383,2026-08-28 02:39:28,INFO,Database,"File not found"
10006384,2026-08-28 02:39:29,WARN,Storage,"Database unavailable"
10006385,2026-08-28 02:39:31,WARN,Network,"File not found"
10006386,2026-08-28 02:39:31,ERROR,Server,"Invalid request"
10006387,2026-08-28 02:39:34,ERROR,Payment,"Connection timeout"
10006388,2026-08-28 02:39:37,ERROR,Network,"Invalid request"
10006389,2026-08-28 02:39:38,ERROR,Authentication,"File not found"
10006390,2026-08-28 02:39:41,WARN,Server,"Server overloaded"
10006391,2026-08-28 02:39:43,INFO,API,"Connection timeout"
10006392,2026-08-28 02:39:46,WARN,API,"Payment failed"
10006393,2026-08-28 02:39:47,DEBUG,API,"Request completed"
10006394,2026-08-28 02:39:50,INFO,Payment,"File not found"
10006395,2026-08-28 02:39:53,ERROR,API,"High memory usage"
10006396,2026-08-28 02:39:53,ERROR,Storage,"High memory usage"
10006397,2026-08-28 02:39:55,INFO,Payment,"File not found"
10006398,2026-08-28 02:39:57,DEBUG,Server,"Authentication failed"
10006399,2026-08-28 02:39:59,ERROR,Network,"High memory usage"
10006400,2026-08-28 02:39:59,DEBUG,Database,"Server overloaded"
10006401,2026-08-28 02:40:01,WARN,Network,"Request completed"
10006402,2026-08-28 02:40:02,INFO,Network,"Server overloaded"
10006403,2026-08-28 02:40:05,ERROR,Payment,"High memory usage"
10006404,2026-08-28 02:40:07,INFO,Server,"Database unavailable"
10006405,2026-08-28 02:40:09,INFO,Network,"File not found"
10006406,2026-08-28 02:40:12,ERROR,Server,"Connection refused"
10006407,2026-08-28 02:40:13,INFO,Server,"Authentication failed"
10006408,2026-08-28 02:40:15,WARN,Database,"Connection timeout"
10006409,2026-08-28 02:40:17,DEBUG,Network,"Request completed"
10006410,2026-08-28 02:40:18,DEBUG,Server,"Database unavailable"
10006411,2026-08-28 02:40:19,ERROR,Payment,"Invalid request"
10006412,2026-08-28 02:40:19,INFO,API,"Connection timeout"
10006413,2026-08-28 02:40:21,ERROR,Server,"File not found"
10006414,2026-08-28 02:40:24,INFO,Payment,"Payment failed"
10006415,2026-08-28 02:40:27,ERROR,Payment,"Request completed"
10006416,2026-08-28 02:40:27,DEBUG,Payment,"Invalid request"
10006417,2026-08-28 02:40:27,ERROR,Payment,"Database unavailable"
10006418,2026-08-28 02:40:30,DEBUG,Server,"Connection refused"
10006419,2026-08-28 02:40:31,INFO,Payment,"Server overloaded"
10006420,2026-08-28 02:40:31,INFO,Network,"Connection timeout"
10006421,2026-08-28 02:40:33,ERROR,Storage,"Payment failed"
10006422,2026-08-28 02:40:36,DEBUG,Server,"Server overloaded"
10006423,2026-08-28 02:40:36,WARN,Payment,"Database unavailable"
10006424,2026-08-28 02:40:36,WARN,Database,"Connection timeout"
10006425,2026-08-28 02:40:39,WARN,Network,"Invalid request"
10006426,2026-08-28 02:40:40,DEBUG,API,"Server overloaded"
10006427,2026-08-28 02:40:41,INFO,API,"Database unavailable"
10006428,2026-08-28 02:40:44,DEBUG,API,"Server overloaded"
10006429,2026-08-28 02:40:46,INFO,Storage,"File not found"
10006430,2026-08-28 02:40:48,DEBUG,Payment,"File not found"
10006431,2026-08-28 02:40:48,ERROR,Authentication,"Authentication failed"
10006432,2026-08-28 02:40:48,WARN,Authentication,"High memory usage"
10006433,2026-08-28 02:40:48,ERROR,Storage,"Connection timeout"
10006434,2026-08-28 02:40:48,DEBUG,Network,"Payment failed"
10006435,2026-08-28 02:40:50,WARN,API,"Connection refused"
10006436,2026-08-28 02:40:52,WARN,Authentication,"Invalid request"
10006437,2026-08-28 02:40:53,INFO,API,"Database unavailable"
10006438,2026-08-28 02:40:56,INFO,Payment,"High memory usage"
10006439,2026-08-28 02:40:59,INFO,Server,"File not found"
10006440,2026-08-28 02:41:02,DEBUG,Authentication,"Server overloaded"
10006441,2026-08-28 02:41:03,ERROR,Network,"Server overloaded"
10006442,2026-08-28 02:41:06,INFO,API,"Connection timeout"
10006443,2026-08-28 02:41:09,INFO,Database,"Connection timeout"
10006444,2026-08-28 02:41:09,INFO,Storage,"Payment failed"
10006445,2026-08-28 02:41:11,ERROR,Storage,"High memory usage"
10006446,2026-08-28 02:41:11,WARN,Payment,"File not found"
10006447,2026-08-28 02:41:13,ERROR,API,"Request completed"
10006448,2026-08-28 02:41:16,ERROR,API,"Payment failed"
10006449,2026-08-28 02:41:16,DEBUG,API,"Invalid request"
10006450,2026-08-28 02:41:16,WARN,Authentication,"Server overloaded"
10006451,2026-08-28 02:41:19,WARN,Server,"High memory usage"
10006452,2026-08-28 02:41:22,INFO,Authentication,"Server overloaded"
10006453,2026-08-28 02:41:22,DEBUG,Payment,"Connection refused"
10006454,2026-08-28 02:41:25,DEBUG,Database,"High memory usage"
10006455,2026-08-28 02:41:26,DEBUG,Storage,"High memory usage"
10006456,2026-08-28 02:41:26,ERROR,Payment,"Connection timeout"
10006457,2026-08-28 02:41:28,ERROR,Network,"Connection timeout"
10006458,2026-08-28 02:41:29,ERROR,Payment,"Request completed"
10006459,2026-08-28 02:41:30,WARN,Network,"Connection refused"
10006460,2026-08-28 02:41:33,ERROR,Server,"Server overloaded"
10006461,2026-08-28 02:41:34,INFO,Storage,"Authentication failed"
10006462,2026-08-28 02:41:34,WARN,Database,"File not found"
10006463,2026-08-28 02:41:34,INFO,Payment,"Invalid request"
10006464,2026-08-28 02:41:36,INFO,API,"Invalid request"
10006465,2026-08-28 02:41:36,INFO,Network,"Payment failed"
10006466,2026-08-28 02:41:36,DEBUG,Authentication,"Connection refused"
10006467,2026-08-28 02:41:36,INFO,Database,"Database unavailable"
10006468,2026-08-28 02:41:36,WARN,Authentication,"Database unavailable"
10006469,2026-08-28 02:41:38,WARN,Payment,"Database unavailable"
10006470,2026-08-28 02:41:39,WARN,Storage,"Server overloaded"
10006471,2026-08-28 02:41:41,DEBUG,Authentication,"Payment failed"
10006472,2026-08-28 02:41:42,ERROR,Authentication,"Connection timeout"
10006473,2026-08-28 02:41:42,WARN,Storage,"High memory usage"
10006474,2026-08-28 02:41:42,ERROR,Storage,"Connection timeout"
10006475,2026-08-28 02:41:42,DEBUG,Storage,"Server overloaded"
10006476,2026-08-28 02:41:44,WARN,Database,"Connection timeout"
10006477,2026-08-28 02:41:46,WARN,API,"Invalid request"
10006478,2026-08-28 02:41:47,INFO,Payment,"Server overloaded"
10006479,2026-08-28 02:41:49,INFO,Payment,"Authentication failed"
10006480,2026-08-28 02:41:52,WARN,Server,"File not found"
10006481,2026-08-28 02:41:55,ERROR,Database,"Payment failed"
10006482,2026-08-28 02:41:56,DEBUG,Database,"Database unavailable"
10006483,2026-08-28 02:41:56,DEBUG,Database,"Request completed"
10006484,2026-08-28 02:41:57,INFO,Payment,"High memory usage"
10006485,2026-08-28 02:41:59,ERROR,Database,"Authentication failed"
10006486,2026-08-28 02:41:59,WARN,Storage,"Connection timeout"
10006487,2026-08-28 02:41:59,INFO,Database,"Database unavailable"
10006488,2026-08-28 02:41:59,WARN,Server,"Invalid request"
10006489,2026-08-28 02:41:59,INFO,Payment,"Server overloaded"
10006490,2026-08-28 02:42:01,DEBUG,Network,"Invalid request"
10006491,2026-08-28 02:42:02,INFO,Payment,"Authentication failed"
10006492,2026-08-28 02:42:05,WARN,Server,"Request completed"
10006493,2026-08-28 02:42:08,INFO,Payment,"Invalid request"
10006494,2026-08-28 02:42:09,DEBUG,Payment,"Invalid request"
10006495,2026-08-28 02:42:09,WARN,Network,"Invalid request"
10006496,2026-08-28 02:42:10,INFO,API,"High memory usage"
10006497,2026-08-28 02:42:12,INFO,Storage,"Invalid request"
10006498,2026-08-28 02:42:12,ERROR,API,"Authentication failed"
10006499,2026-08-28 02:42:13,ERROR,Server,"Connection refused"
10006500,2026-08-28 02:42:14,ERROR,Network,"Invalid request"
10006501,2026-08-28 02:42:17,DEBUG,Database,"Payment failed"
10006502,2026-08-28 02:42:19,WARN,API,"Invalid request"
10006503,2026-08-28 02:42:22,INFO,API,"High memory usage"
10006504,2026-08-28 02:42:25,ERROR,Server,"Connection refused"
10006505,2026-08-28 02:42:26,DEBUG,Authentication,"High memory usage"
10006506,2026-08-28 02:42:27,WARN,Authentication,"Connection timeout"
10006507,2026-08-28 02:42:30,INFO,Network,"Request completed"
10006508,2026-08-28 02:42:31,ERROR,Storage,"Invalid request"
10006509,2026-08-28 02:42:34,WARN,Storage,"Payment failed"
10006510,2026-08-28 02:42:35,DEBUG,Database,"High memory usage"
10006511,2026-08-28 02:42:36,WARN,Network,"High memory usage"
10006512,2026-08-28 02:42:39,INFO,Network,"Connection refused"
10006513,2026-08-28 02:42:42,WARN,Database,"File not found"
10006514,2026-08-28 02:42:43,DEBUG,Network,"Connection timeout"
10006515,2026-08-28 02:42:45,WARN,API,"Request completed"
10006516,2026-08-28 02:42:47,DEBUG,Storage,"Authentication failed"
10006517,2026-08-28 02:42:47,INFO,Payment,"Request completed"
10006518,2026-08-28 02:42:49,WARN,Network,"Invalid request"
10006519,2026-08-28 02:42:52,DEBUG,Network,"Server overloaded"
10006520,2026-08-28 02:42:52,INFO,Storage,"Authentication failed"
10006521,2026-08-28 02:42:54,DEBUG,Authentication,"Connection refused"
10006522,2026-08-28 02:42:54,WARN,Payment,"Connection timeout"
10006523,2026-08-28 02:42:57,WARN,Authentication,"High memory usage"
10006524,2026-08-28 02:42:57,WARN,Payment,"Payment failed"
10006525,2026-08-28 02:43:00,DEBUG,Authentication,"Server overloaded"
10006526,2026-08-28 02:43:03,DEBUG,Network,"File not found"
10006527,2026-08-28 02:43:06,ERROR,API,"Connection refused"
10006528,2026-08-28 02:43:08,DEBUG,Payment,"Authentication failed"
10006529,2026-08-28 02:43:08,DEBUG,Storage,"Connection refused"
10006530,2026-08-28 02:43:11,DEBUG,Database,"Database unavailable"
10006531,2026-08-28 02:43:13,DEBUG,Authentication,"Server overloaded"
10006532,2026-08-28 02:43:14,WARN,Network,"Database unavailable"
10006533,2026-08-28 02:43:14,ERROR,Storage,"Connection timeout"
10006534,2026-08-28 02:43:14,INFO,API,"Connection refused"
10006535,2026-08-28 02:43:14,DEBUG,API,"Server overloaded"
10006536,2026-08-28 02:43:17,INFO,Payment,"Payment failed"
10006537,2026-08-28 02:43:20,INFO,Authentication,"Request completed"
10006538,2026-08-28 02:43:22,ERROR,Network,"Server overloaded"
10006539,2026-08-28 02:43:22,WARN,Storage,"Connection timeout"
10006540,2026-08-28 02:43:22,WARN,API,"Connection refused"
10006541,2026-08-28 02:43:24,INFO,Server,"Payment failed"
10006542,2026-08-28 02:43:24,WARN,Storage,"Server overloaded"
10006543,2026-08-28 02:43:27,ERROR,API,"Connection refused"
10006544,2026-08-28 02:43:30,INFO,Network,"Invalid request"
10006545,2026-08-28 02:43:30,INFO,Authentication,"Authentication failed"
10006546,2026-08-28 02:43:30,INFO,Database,"High memory usage"
10006547,2026-08-28 02:43:32,DEBUG,Database,"Connection timeout"
10006548,2026-08-28 02:43:33,INFO,Authentication,"Server overloaded"
10006549,2026-08-28 02:43:35,INFO,API,"File not found"
10006550,2026-08-28 02:43:38,INFO,Server,"Invalid request"
10006551,2026-08-28 02:43:40,ERROR,Database,"Database unavailable"
10006552,2026-08-28 02:43:40,ERROR,Authentication,"Invalid request"
10006553,2026-08-28 02:43:41,ERROR,Network,"Authentication failed"
10006554,2026-08-28 02:43:42,WARN,Authentication,"Server overloaded"
10006555,2026-08-28 02:43:44,ERROR,Network,"Database unavailable"
10006556,2026-08-28 02:43:44,INFO,API,"Connection timeout"
10006557,2026-08-28 02:43:47,INFO,Database,"Authentication failed"
10006558,2026-08-28 02:43:48,INFO,Storage,"File not found"
10006559,2026-08-28 02:43:48,WARN,Network,"Server overloaded"
10006560,2026-08-28 02:43:48,WARN,Network,"High memory usage"
10006561,2026-08-28 02:43:49,WARN,Network,"File not found"
10006562,2026-08-28 02:43:51,INFO,Database,"Server overloaded"
10006563,2026-08-28 02:43:54,ERROR,Server,"File not found"
10006564,2026-08-28 02:43:54,ERROR,API,"Authentication failed"
10006565,2026-08-28 02:43:57,DEBUG,Authentication,"File not found"
10006566,2026-08-28 02:43:57,ERROR,Payment,"Database unavailable"
10006567,2026-08-28 02:43:59,DEBUG,Database,"High memory usage"
10006568,2026-08-28 02:44:00,DEBUG,Database,"Server overloaded"
10006569,2026-08-28 02:44:03,WARN,Storage,"Payment failed"
10006570,2026-08-28 02:44:05,DEBUG,Authentication,"High memory usage"
10006571,2026-08-28 02:44:07,ERROR,Storage,"Server overloaded"
10006572,2026-08-28 02:44:09,INFO,Network,"Request completed"
10006573,2026-08-28 02:44:11,ERROR,Payment,"File not found"
10006574,2026-08-28 02:44:11,WARN,API,"High memory usage"
10006575,2026-08-28 02:44:14,ERROR,Payment,"Invalid request"
10006576,2026-08-28 02:44:15,WARN,Network,"File not found"
10006577,2026-08-28 02:44:17,DEBUG,Authentication,"Server overloaded"
10006578,2026-08-28 02:44:19,ERROR,Payment,"Database unavailable"
10006579,2026-08-28 02:44:21,ERROR,API,"Invalid request"
10006580,2026-08-28 02:44:23,ERROR,Server,"File not found"
10006581,2026-08-28 02:44:25,INFO,Database,"Database unavailable"
10006582,2026-08-28 02:44:25,INFO,Database,"Connection timeout"
10006583,2026-08-28 02:44:27,DEBUG,Database,"Request completed"
10006584,2026-08-28 02:44:27,WARN,Network,"Connection refused"
10006585,2026-08-28 02:44:29,WARN,API,"High memory usage"
10006586,2026-08-28 02:44:29,INFO,Payment,"Request completed"
10006587,2026-08-28 02:44:32,ERROR,Database,"Connection timeout"
10006588,2026-08-28 02:44:35,INFO,Network,"Connection refused"
10006589,2026-08-28 02:44:38,ERROR,Authentication,"Connection timeout"
10006590,2026-08-28 02:44:41,WARN,API,"Request completed"
10006591,2026-08-28 02:44:41,WARN,Payment,"Connection refused"
10006592,2026-08-28 02:44:41,DEBUG,Network,"Connection timeout"
10006593,2026-08-28 02:44:43,DEBUG,Authentication,"Connection refused"
10006594,2026-08-28 02:44:45,DEBUG,Database,"Connection timeout"
10006595,2026-08-28 02:44:46,INFO,Storage,"File not found"
10006596,2026-08-28 02:44:48,DEBUG,Database,"Payment failed"
10006597,2026-08-28 02:44:49,INFO,Authentication,"Server overloaded"
10006598,2026-08-28 02:44:51,ERROR,Storage,"Authentication failed"
10006599,2026-08-28 02:44:52,DEBUG,Authentication,"Authentication failed"
10006600,2026-08-28 02:44:53,INFO,API,"Database unavailable"
10006601,2026-08-28 02:44:56,ERROR,Authentication,"Payment failed"
10006602,2026-08-28 02:44:58,WARN,Authentication,"Payment failed"
10006603,2026-08-28 02:44:59,DEBUG,Authentication,"Payment failed"
10006604,2026-08-28 02:45:00,ERROR,Network,"Connection refused"
10006605,2026-08-28 02:45:02,INFO,Storage,"File not found"
10006606,2026-08-28 02:45:02,ERROR,Authentication,"Request completed"
10006607,2026-08-28 02:45:05,INFO,Server,"Payment failed"
10006608,2026-08-28 02:45:07,DEBUG,Authentication,"Connection timeout"
10006609,2026-08-28 02:45:10,INFO,Network,"Authentication failed"
10006610,2026-08-28 02:45:11,ERROR,API,"High memory usage"
10006611,2026-08-28 02:45:11,ERROR,Server,"Authentication failed"
10006612,2026-08-28 02:45:14,INFO,Authentication,"File not found"
10006613,2026-08-28 02:45:15,DEBUG,Database,"File not found"
10006614,2026-08-28 02:45:17,INFO,Payment,"Invalid request"
10006615,2026-08-28 02:45:17,ERROR,Database,"Server overloaded"
10006616,2026-08-28 02:45:20,ERROR,Database,"Payment failed"
10006617,2026-08-28 02:45:21,ERROR,Authentication,"Payment failed"
10006618,2026-08-28 02:45:23,INFO,Server,"Invalid request"
10006619,2026-08-28 02:45:26,DEBUG,Server,"Database unavailable"
10006620,2026-08-28 02:45:26,ERROR,Authentication,"Connection timeout"
10006621,2026-08-28 02:45:28,WARN,Database,"Database unavailable"
10006622,2026-08-28 02:45:30,WARN,Server,"File not found"
10006623,2026-08-28 02:45:33,DEBUG,Storage,"Invalid request"
10006624,2026-08-28 02:45:33,WARN,Database,"File not found"
10006625,2026-08-28 02:45:35,WARN,Storage,"Invalid request"
10006626,2026-08-28 02:45:36,ERROR,Database,"Connection refused"
10006627,2026-08-28 02:45:38,ERROR,Network,"Request completed"
10006628,2026-08-28 02:45:40,WARN,Server,"High memory usage"
10006629,2026-08-28 02:45:41,INFO,Storage,"File not found"
10006630,2026-08-28 02:45:44,INFO,Storage,"Payment failed"
10006631,2026-08-28 02:45:47,INFO,Server,"High memory usage"
10006632,2026-08-28 02:45:50,ERROR,Database,"Payment failed"
10006633,2026-08-28 02:45:52,DEBUG,Network,"Database unavailable"
10006634,2026-08-28 02:45:52,DEBUG,Database,"High memory usage"
10006635,2026-08-28 02:45:55,INFO,Server,"High memory usage"
10006636,2026-08-28 02:45:56,WARN,API,"Authentication failed"
10006637,2026-08-28 02:45:56,DEBUG,Network,"Request completed"
10006638,2026-08-28 02:45:59,INFO,Server,"File not found"
10006639,2026-08-28 02:46:01,DEBUG,Storage,"File not found"
10006640,2026-08-28 02:46:04,ERROR,Payment,"Authentication failed"
10006641,2026-08-28 02:46:07,WARN,Authentication,"Database unavailable"
10006642,2026-08-28 02:46:07,DEBUG,Authentication,"Connection timeout"
10006643,2026-08-28 02:46:10,ERROR,Authentication,"Server overloaded"
10006644,2026-08-28 02:46:13,DEBUG,Payment,"Invalid request"
10006645,2026-08-28 02:46:14,ERROR,Payment,"File not found"
10006646,2026-08-28 02:46:15,DEBUG,Network,"File not found"
10006647,2026-08-28 02:46:17,DEBUG,Database,"High memory usage"
10006648,2026-08-28 02:46:20,WARN,Authentication,"File not found"
10006649,2026-08-28 02:46:20,INFO,API,"Authentication failed"
10006650,2026-08-28 02:46:23,INFO,Server,"Invalid request"
10006651,2026-08-28 02:46:24,INFO,Database,"File not found"
10006652,2026-08-28 02:46:25,DEBUG,Payment,"Request completed"
10006653,2026-08-28 02:46:28,INFO,Storage,"Request completed"
10006654,2026-08-28 02:46:31,ERROR,Storage,"Connection refused"
10006655,2026-08-28 02:46:32,INFO,Storage,"Connection refused"
10006656,2026-08-28 02:46:33,WARN,Authentication,"Connection refused"
10006657,2026-08-28 02:46:36,INFO,Payment,"Database unavailable"
10006658,2026-08-28 02:46:36,INFO,Network,"Authentication failed"
10006659,2026-08-28 02:46:36,DEBUG,Authentication,"Database unavailable"
10006660,2026-08-28 02:46:39,WARN,API,"Invalid request"
10006661,2026-08-28 02:46:39,DEBUG,Storage,"Payment failed"
10006662,2026-08-28 02:46:39,WARN,Payment,"Connection refused"
10006663,2026-08-28 02:46:39,ERROR,Server,"High memory usage"
10006664,2026-08-28 02:46:39,WARN,Server,"Database unavailable"
10006665,2026-08-28 02:46:40,WARN,Payment,"File not found"
10006666,2026-08-28 02:46:42,INFO,Authentication,"File not found"
10006667,2026-08-28 02:46:44,ERROR,Storage,"Connection timeout"
10006668,2026-08-28 02:46:47,WARN,Storage,"Request completed"
10006669,2026-08-28 02:46:50,ERROR,Authentication,"File not found"
10006670,2026-08-28 02:46:50,DEBUG,API,"Server overloaded"
10006671,2026-08-28 02:46:50,DEBUG,Database,"Authentication failed"
10006672,2026-08-28 02:46:51,WARN,Payment,"Connection refused"
10006673,2026-08-28 02:46:54,ERROR,Payment,"Request completed"
10006674,2026-08-28 02:46:56,WARN,Authentication,"Invalid request"
10006675,2026-08-28 02:46:59,ERROR,Storage,"Request completed"
10006676,2026-08-28 02:47:01,INFO,Storage,"Database unavailable"
10006677,2026-08-28 02:47:03,ERROR,Authentication,"Authentication failed"
10006678,2026-08-28 02:47:03,DEBUG,Payment,"File not found"
10006679,2026-08-28 02:47:04,ERROR,Network,"Authentication failed"
10006680,2026-08-28 02:47:05,WARN,Storage,"Request completed"
10006681,2026-08-28 02:47:05,INFO,Server,"High memory usage"
10006682,2026-08-28 02:47:05,WARN,API,"Server overloaded"
10006683,2026-08-28 02:47:06,ERROR,Network,"Server overloaded"
10006684,2026-08-28 02:47:09,DEBUG,Storage,"File not found"
10006685,2026-08-28 02:47:12,INFO,Payment,"File not found"
10006686,2026-08-28 02:47:14,WARN,Database,"High memory usage"
10006687,2026-08-28 02:47:17,ERROR,API,"Request completed"
10006688,2026-08-28 02:47:20,ERROR,Authentication,"Server overloaded"
10006689,2026-08-28 02:47:22,INFO,Payment,"Connection refused"
10006690,2026-08-28 02:47:22,ERROR,API,"Invalid request"
10006691,2026-08-28 02:47:25,DEBUG,API,"Database unavailable"
10006692,2026-08-28 02:47:25,WARN,Server,"Connection timeout"
10006693,2026-08-28 02:47:25,ERROR,Payment,"High memory usage"
10006694,2026-08-28 02:47:26,INFO,Payment,"Connection refused"
10006695,2026-08-28 02:47:28,WARN,Server,"Connection refused"
10006696,2026-08-28 02:47:29,ERROR,Server,"Authentication failed"
10006697,2026-08-28 02:47:31,ERROR,Authentication,"Invalid request"
10006698,2026-08-28 02:47:32,INFO,Database,"Connection refused"
10006699,2026-08-28 02:47:33,INFO,Storage,"Invalid request"
10006700,2026-08-28 02:47:33,WARN,Payment,"Database unavailable"
10006701,2026-08-28 02:47:35,ERROR,Network,"Request completed"
10006702,2026-08-28 02:47:35,INFO,Network,"Connection refused"
10006703,2026-08-28 02:47:36,WARN,Payment,"File not found"
10006704,2026-08-28 02:47:36,DEBUG,Server,"File not found"
10006705,2026-08-28 02:47:37,INFO,Database,"Request completed"
10006706,2026-08-28 02:47:39,ERROR,Payment,"Payment failed"
10006707,2026-08-28 02:47:39,ERROR,Database,"Invalid request"
10006708,2026-08-28 02:47:40,WARN,Database,"Invalid request"
10006709,2026-08-28 02:47:40,DEBUG,Authentication,"High memory usage"
10006710,2026-08-28 02:47:40,WARN,API,"Invalid request"
10006711,2026-08-28 02:47:41,WARN,Authentication,"Authentication failed"
10006712,2026-08-28 02:47:43,DEBUG,Server,"Authentication failed"
10006713,2026-08-28 02:47:43,DEBUG,Database,"Request completed"
10006714,2026-08-28 02:47:43,WARN,Network,"Invalid request"
10006715,2026-08-28 02:47:43,DEBUG,Authentication,"File not found"
10006716,2026-08-28 02:47:46,WARN,API,"High memory usage"
10006717,2026-08-28 02:47:47,WARN,Payment,"File not found"
10006718,2026-08-28 02:47:48,DEBUG,Network,"Connection refused"
10006719,2026-08-28 02:47:51,WARN,Storage,"Database unavailable"
10006720,2026-08-28 02:47:53,INFO,Database,"Database unavailable"
10006721,2026-08-28 02:47:54,INFO,Network,"Connection timeout"
10006722,2026-08-28 02:47:57,WARN,Payment,"Payment failed"
10006723,2026-08-28 02:48:00,DEBUG,Storage,"High memory usage"
10006724,2026-08-28 02:48:00,WARN,Storage,"Server overloaded"
10006725,2026-08-28 02:48:02,DEBUG,Payment,"Database unavailable"
10006726,2026-08-28 02:48:03,WARN,Payment,"Connection refused"
10006727,2026-08-28 02:48:06,INFO,Payment,"File not found"
10006728,2026-08-28 02:48:07,INFO,Server,"High memory usage"
10006729,2026-08-28 02:48:08,DEBUG,Authentication,"Invalid request"
10006730,2026-08-28 02:48:11,INFO,Storage,"Connection timeout"
10006731,2026-08-28 02:48:12,WARN,API,"High memory usage"
10006732,2026-08-28 02:48:15,WARN,Storage,"Connection timeout"
10006733,2026-08-28 02:48:18,INFO,Authentication,"High memory usage"
10006734,2026-08-28 02:48:20,DEBUG,Storage,"Payment failed"
10006735,2026-08-28 02:48:21,ERROR,Network,"Connection timeout"
10006736,2026-08-28 02:48:21,ERROR,Database,"Payment failed"
10006737,2026-08-28 02:48:21,INFO,API,"Connection timeout"
10006738,2026-08-28 02:48:24,WARN,Network,"Connection timeout"
10006739,2026-08-28 02:48:25,DEBUG,API,"File not found"
10006740,2026-08-28 02:48:28,WARN,Payment,"Authentication failed"
10006741,2026-08-28 02:48:28,ERROR,Network,"Authentication failed"
10006742,2026-08-28 02:48:29,INFO,Storage,"File not found"
10006743,2026-08-28 02:48:32,DEBUG,Database,"Request completed"
10006744,2026-08-28 02:48:34,ERROR,Authentication,"Request completed"
10006745,2026-08-28 02:48:34,INFO,Server,"Request completed"
10006746,2026-08-28 02:48:34,DEBUG,API,"File not found"
10006747,2026-08-28 02:48:35,INFO,Payment,"Database unavailable"
10006748,2026-08-28 02:48:38,DEBUG,Authentication,"Connection timeout"
10006749,2026-08-28 02:48:38,ERROR,API,"Database unavailable"
10006750,2026-08-28 02:48:39,ERROR,Authentication,"Connection timeout"
10006751,2026-08-28 02:48:39,WARN,Database,"High memory usage"
10006752,2026-08-28 02:48:39,INFO,Storage,"Invalid request"
10006753,2026-08-28 02:48:42,DEBUG,Database,"Request completed"
10006754,2026-08-28 02:48:43,WARN,Storage,"High memory usage"
10006755,2026-08-28 02:48:44,ERROR,Network,"Payment failed"
10006756,2026-08-28 02:48:44,DEBUG,API,"Request completed"
10006757,2026-08-28 02:48:44,INFO,Network,"Invalid request"
10006758,2026-08-28 02:48:44,INFO,Payment,"Invalid request"
10006759,2026-08-28 02:48:46,ERROR,API,"Database unavailable"
10006760,2026-08-28 02:48:49,WARN,Storage,"Database unavailable"
10006761,2026-08-28 02:48:52,INFO,API,"Invalid request"
10006762,2026-08-28 02:48:53,WARN,Network,"File not found"
10006763,2026-08-28 02:48:53,INFO,Authentication,"Invalid request"
10006764,2026-08-28 02:48:54,DEBUG,Payment,"Connection refused"
10006765,2026-08-28 02:48:55,INFO,Network,"Invalid request"
10006766,2026-08-28 02:48:57,ERROR,Database,"Invalid request"
10006767,2026-08-28 02:48:59,DEBUG,Payment,"High memory usage"
10006768,2026-08-28 02:49:02,INFO,Payment,"Authentication failed"
10006769,2026-08-28 02:49:04,INFO,API,"Invalid request"
10006770,2026-08-28 02:49:05,WARN,Network,"Authentication failed"
10006771,2026-08-28 02:49:05,WARN,API,"Authentication failed"
10006772,2026-08-28 02:49:05,INFO,Network,"Connection refused"
10006773,2026-08-28 02:49:07,INFO,Database,"Request completed"
10006774,2026-08-28 02:49:07,INFO,Server,"Invalid request"
10006775,2026-08-28 02:49:08,WARN,Network,"Connection timeout"
10006776,2026-08-28 02:49:09,INFO,Network,"Invalid request"
10006777,2026-08-28 02:49:09,ERROR,Storage,"Connection refused"
10006778,2026-08-28 02:49:09,INFO,Database,"Connection refused"
10006779,2026-08-28 02:49:11,DEBUG,Authentication,"Payment failed"
10006780,2026-08-28 02:49:13,INFO,Network,"Server overloaded"
10006781,2026-08-28 02:49:14,INFO,Network,"Connection refused"
10006782,2026-08-28 02:49:15,ERROR,Storage,"Invalid request"
10006783,2026-08-28 02:49:18,DEBUG,Authentication,"Connection refused"
10006784,2026-08-28 02:49:21,ERROR,Storage,"Authentication failed"
10006785,2026-08-28 02:49:24,ERROR,Network,"Request completed"
10006786,2026-08-28 02:49:26,INFO,Payment,"File not found"
10006787,2026-08-28 02:49:26,INFO,Payment,"Connection timeout"
10006788,2026-08-28 02:49:27,ERROR,Payment,"Connection timeout"
10006789,2026-08-28 02:49:28,WARN,Storage,"Authentication failed"
10006790,2026-08-28 02:49:30,ERROR,Payment,"Request completed"
10006791,2026-08-28 02:49:30,INFO,Database,"Payment failed"
10006792,2026-08-28 02:49:33,INFO,API,"Invalid request"
10006793,2026-08-28 02:49:35,INFO,API,"Connection timeout"
10006794,2026-08-28 02:49:36,WARN,Payment,"High memory usage"
10006795,2026-08-28 02:49:36,WARN,Server,"Connection timeout"
10006796,2026-08-28 02:49:39,WARN,Authentication,"Invalid request"
10006797,2026-08-28 02:49:41,WARN,Storage,"Request completed"
10006798,2026-08-28 02:49:41,DEBUG,Network,"Database unavailable"
10006799,2026-08-28 02:49:42,ERROR,Network,"Invalid request"
10006800,2026-08-28 02:49:43,INFO,API,"Connection timeout"
10006801,2026-08-28 02:49:46,DEBUG,Storage,"Connection refused"
10006802,2026-08-28 02:49:49,ERROR,Payment,"File not found"
10006803,2026-08-28 02:49:50,WARN,Server,"Request completed"
10006804,2026-08-28 02:49:53,INFO,Payment,"High memory usage"
10006805,2026-08-28 02:49:54,DEBUG,Storage,"Server overloaded"
10006806,2026-08-28 02:49:54,ERROR,Database,"Database unavailable"
10006807,2026-08-28 02:49:56,WARN,Network,"File not found"
10006808,2026-08-28 02:49:58,DEBUG,Storage,"Connection timeout"
10006809,2026-08-28 02:49:58,INFO,Storage,"Server overloaded"
10006810,2026-08-28 02:50:00,INFO,API,"Payment failed"
10006811,2026-08-28 02:50:00,ERROR,Payment,"Server overloaded"
10006812,2026-08-28 02:50:03,WARN,Storage,"Server overloaded"
10006813,2026-08-28 02:50:03,WARN,Network,"Server overloaded"
10006814,2026-08-28 02:50:03,ERROR,Authentication,"Database unavailable"
10006815,2026-08-28 02:50:05,DEBUG,Database,"Authentication failed"
10006816,2026-08-28 02:50:07,WARN,Database,"Invalid request"
10006817,2026-08-28 02:50:10,DEBUG,Server,"Connection refused"
10006818,2026-08-28 02:50:10,INFO,Payment,"File not found"
10006819,2026-08-28 02:50:12,DEBUG,Database,"Connection timeout"
10006820,2026-08-28 02:50:15,ERROR,Server,"High memory usage"
10006821,2026-08-28 02:50:18,ERROR,Storage,"Connection refused"
10006822,2026-08-28 02:50:19,ERROR,Network,"Payment failed"
10006823,2026-08-28 02:50:19,ERROR,Authentication,"File not found"
10006824,2026-08-28 02:50:21,WARN,API,"File not found"
10006825,2026-08-28 02:50:22,DEBUG,Network,"High memory usage"
10006826,2026-08-28 02:50:24,ERROR,API,"Request completed"
10006827,2026-08-28 02:50:24,WARN,API,"Connection refused"
10006828,2026-08-28 02:50:27,WARN,Authentication,"Server overloaded"
10006829,2026-08-28 02:50:29,INFO,Authentication,"Payment failed"
10006830,2026-08-28 02:50:31,DEBUG,Server,"File not found"
10006831,2026-08-28 02:50:31,ERROR,Storage,"Invalid request"
10006832,2026-08-28 02:50:33,DEBUG,Network,"File not found"
10006833,2026-08-28 02:50:33,DEBUG,API,"Payment failed"
10006834,2026-08-28 02:50:35,INFO,Server,"Database unavailable"
10006835,2026-08-28 02:50:35,INFO,Server,"Payment failed"
10006836,2026-08-28 02:50:35,ERROR,Storage,"Connection refused"
10006837,2026-08-28 02:50:35,DEBUG,API,"Payment failed"
10006838,2026-08-28 02:50:36,INFO,Database,"Authentication failed"
10006839,2026-08-28 02:50:38,WARN,Server,"Connection refused"
10006840,2026-08-28 02:50:40,ERROR,Storage,"File not found"
10006841,2026-08-28 02:50:43,ERROR,Server,"Database unavailable"
10006842,2026-08-28 02:50:43,ERROR,Authentication,"Payment failed"
10006843,2026-08-28 02:50:44,WARN,Network,"Connection refused"
10006844,2026-08-28 02:50:47,INFO,API,"Connection refused"
10006845,2026-08-28 02:50:47,DEBUG,Network,"Connection refused"
10006846,2026-08-28 02:50:47,ERROR,Database,"Database unavailable"
10006847,2026-08-28 02:50:48,WARN,Storage,"Invalid request"
10006848,2026-08-28 02:50:51,WARN,Authentication,"High memory usage"
10006849,2026-08-28 02:50:51,INFO,Server,"Server overloaded"
10006850,2026-08-28 02:50:51,WARN,Payment,"Server overloaded"
10006851,2026-08-28 02:50:54,WARN,Network,"Connection timeout"
10006852,2026-08-28 02:50:54,DEBUG,Network,"Request completed"
10006853,2026-08-28 02:50:57,WARN,Storage,"Invalid request"
10006854,2026-08-28 02:50:58,INFO,Database,"Database unavailable"
10006855,2026-08-28 02:51:01,DEBUG,API,"File not found"
10006856,2026-08-28 02:51:04,WARN,Authentication,"Connection refused"
10006857,2026-08-28 02:51:06,ERROR,Database,"Payment failed"
10006858,2026-08-28 02:51:09,INFO,Payment,"Connection timeout"
10006859,2026-08-28 02:51:11,WARN,Network,"Invalid request"
10006860,2026-08-28 02:51:11,DEBUG,Server,"High memory usage"
10006861,2026-08-28 02:51:11,DEBUG,Database,"Authentication failed"
10006862,2026-08-28 02:51:13,DEBUG,Payment,"Payment failed"
10006863,2026-08-28 02:51:15,WARN,Storage,"Database unavailable"
10006864,2026-08-28 02:51:16,DEBUG,API,"Database unavailable"
10006865,2026-08-28 02:51:19,WARN,Authentication,"High memory usage"
10006866,2026-08-28 02:51:22,DEBUG,Authentication,"Connection timeout"
10006867,2026-08-28 02:51:25,DEBUG,Server,"Request completed"
10006868,2026-08-28 02:51:26,DEBUG,Database,"Database unavailable"
10006869,2026-08-28 02:51:27,DEBUG,Payment,"Server overloaded"
10006870,2026-08-28 02:51:28,ERROR,Network,"Database unavailable"
10006871,2026-08-28 02:51:29,DEBUG,Database,"Connection refused"
10006872,2026-08-28 02:51:31,WARN,Authentication,"Connection refused"
10006873,2026-08-28 02:51:32,ERROR,Database,"Database unavailable"
10006874,2026-08-28 02:51:33,INFO,Network,"Server overloaded"
10006875,2026-08-28 02:51:33,ERROR,Storage,"Request completed"
10006876,2026-08-28 02:51:36,INFO,Database,"Authentication failed"
10006877,2026-08-28 02:51:39,DEBUG,Server,"File not found"
10006878,2026-08-28 02:51:42,INFO,Database,"Database unavailable"
10006879,2026-08-28 02:51:44,ERROR,Storage,"Connection refused"
10006880,2026-08-28 02:51:45,ERROR,Payment,"Database unavailable"
10006881,2026-08-28 02:51:45,ERROR,Server,"Server overloaded"
10006882,2026-08-28 02:51:46,DEBUG,Payment,"File not found"
10006883,2026-08-28 02:51:47,DEBUG,Storage,"Invalid request"
10006884,2026-08-28 02:51:50,ERROR,Network,"Server overloaded"
10006885,2026-08-28 02:51:52,DEBUG,Database,"Connection timeout"
10006886,2026-08-28 02:51:55,WARN,Database,"High memory usage"
10006887,2026-08-28 02:51:55,INFO,Network,"Request completed"
10006888,2026-08-28 02:51:58,ERROR,Network,"Server overloaded"
10006889,2026-08-28 02:52:01,INFO,Authentication,"Payment failed"
10006890,2026-08-28 02:52:01,INFO,Database,"File not found"
10006891,2026-08-28 02:52:02,ERROR,Storage,"Invalid request"
10006892,2026-08-28 02:52:04,DEBUG,Network,"File not found"
10006893,2026-08-28 02:52:07,INFO,Storage,"Request completed"
10006894,2026-08-28 02:52:10,DEBUG,Payment,"High memory usage"
10006895,2026-08-28 02:52:13,WARN,Storage,"Authentication failed"
10006896,2026-08-28 02:52:13,INFO,Database,"File not found"
10006897,2026-08-28 02:52:16,INFO,API,"Request completed"
10006898,2026-08-28 02:52:17,WARN,Authentication,"Connection timeout"
10006899,2026-08-28 02:52:20,ERROR,Payment,"Connection timeout"
10006900,2026-08-28 02:52:21,DEBUG,Network,"File not found"
10006901,2026-08-28 02:52:21,INFO,Authentication,"Database unavailable"
10006902,2026-08-28 02:52:23,ERROR,Storage,"Server overloaded"
10006903,2026-08-28 02:52:23,INFO,Storage,"Server overloaded"
10006904,2026-08-28 02:52:24,ERROR,Authentication,"File not found"
10006905,2026-08-28 02:52:27,WARN,API,"File not found"
10006906,2026-08-28 02:52:30,ERROR,Database,"Database unavailable"
10006907,2026-08-28 02:52:32,DEBUG,Server,"Database unavailable"
10006908,2026-08-28 02:52:32,WARN,Network,"Request completed"
10006909,2026-08-28 02:52:32,WARN,Payment,"Payment failed"
10006910,2026-08-28 02:52:35,ERROR,Storage,"High memory usage"
10006911,2026-08-28 02:52:38,INFO,Server,"Database unavailable"
10006912,2026-08-28 02:52:38,DEBUG,Payment,"High memory usage"
10006913,2026-08-28 02:52:40,INFO,Database,"Authentication failed"
10006914,2026-08-28 02:52:43,ERROR,Authentication,"High memory usage"
10006915,2026-08-28 02:52:46,INFO,Authentication,"Server overloaded"
10006916,2026-08-28 02:52:49,INFO,Network,"Server overloaded"
10006917,2026-08-28 02:52:49,WARN,API,"High memory usage"
10006918,2026-08-28 02:52:51,ERROR,API,"Connection timeout"
10006919,2026-08-28 02:52:52,INFO,Storage,"Authentication failed"
10006920,2026-08-28 02:52:55,ERROR,Network,"Payment failed"
10006921,2026-08-28 02:52:55,WARN,Authentication,"Connection timeout"
10006922,2026-08-28 02:52:58,INFO,API,"Server overloaded"
10006923,2026-08-28 02:52:59,ERROR,Server,"Database unavailable"
10006924,2026-08-28 02:53:01,WARN,Payment,"Request completed"
10006925,2026-08-28 02:53:04,WARN,Database,"High memory usage"
10006926,2026-08-28 02:53:05,ERROR,Database,"Connection timeout"
10006927,2026-08-28 02:53:05,INFO,Database,"Server overloaded"
10006928,2026-08-28 02:53:08,WARN,Server,"File not found"
10006929,2026-08-28 02:53:08,INFO,API,"Invalid request"
10006930,2026-08-28 02:53:09,INFO,Payment,"Authentication failed"
10006931,2026-08-28 02:53:12,INFO,Storage,"Connection refused"
10006932,2026-08-28 02:53:14,DEBUG,Database,"Connection timeout"
10006933,2026-08-28 02:53:14,WARN,Storage,"Server overloaded"
10006934,2026-08-28 02:53:17,INFO,Storage,"Request completed"
10006935,2026-08-28 02:53:18,ERROR,Storage,"Invalid request"
10006936,2026-08-28 02:53:19,DEBUG,Storage,"Database unavailable"
10006937,2026-08-28 02:53:22,INFO,Storage,"Database unavailable"
10006938,2026-08-28 02:53:22,INFO,API,"High memory usage"
10006939,2026-08-28 02:53:22,ERROR,Server,"Database unavailable"
10006940,2026-08-28 02:53:22,WARN,Authentication,"Connection timeout"
10006941,2026-08-28 02:53:25,WARN,Network,"Connection refused"
10006942,2026-08-28 02:53:27,WARN,Authentication,"Request completed"
10006943,2026-08-28 02:53:30,ERROR,Network,"Request completed"
10006944,2026-08-28 02:53:30,INFO,Payment,"Connection timeout"
10006945,2026-08-28 02:53:33,INFO,API,"Request completed"
10006946,2026-08-28 02:53:36,INFO,Authentication,"Database unavailable"
10006947,2026-08-28 02:53:37,WARN,Network,"Connection refused"
10006948,2026-08-28 02:53:39,INFO,Network,"Payment failed"
10006949,2026-08-28 02:53:40,DEBUG,Storage,"Request completed"
10006950,2026-08-28 02:53:43,ERROR,API,"High memory usage"
10006951,2026-08-28 02:53:44,INFO,Server,"Request completed"
10006952,2026-08-28 02:53:45,INFO,Payment,"Payment failed"
10006953,2026-08-28 02:53:46,ERROR,API,"Database unavailable"
10006954,2026-08-28 02:53:46,DEBUG,Authentication,"Connection refused"
10006955,2026-08-28 02:53:49,INFO,Network,"Payment failed"
10006956,2026-08-28 02:53:49,ERROR,Payment,"Payment failed"
10006957,2026-08-28 02:53:50,DEBUG,Database,"Authentication failed"
10006958,2026-08-28 02:53:52,INFO,Authentication,"High memory usage"
10006959,2026-08-28 02:53:55,INFO,Database,"Request completed"
10006960,2026-08-28 02:53:55,ERROR,Authentication,"File not found"
10006961,2026-08-28 02:53:57,WARN,API,"Invalid request"
10006962,2026-08-28 02:53:58,DEBUG,Storage,"High memory usage"
10006963,2026-08-28 02:53:58,WARN,Server,"Invalid request"
10006964,2026-08-28 02:53:59,WARN,Storage,"Connection timeout"
10006965,2026-08-28 02:54:02,DEBUG,Payment,"Authentication failed"
10006966,2026-08-28 02:54:04,INFO,Database,"Database unavailable"
10006967,2026-08-28 02:54:06,WARN,Server,"Database unavailable"
10006968,2026-08-28 02:54:09,INFO,Storage,"Database unavailable"
10006969,2026-08-28 02:54:11,WARN,Database,"Server overloaded"
10006970,2026-08-28 02:54:13,INFO,Server,"Payment failed"
10006971,2026-08-28 02:54:13,WARN,Database,"Server overloaded"
10006972,2026-08-28 02:54:13,INFO,Payment,"Invalid request"
10006973,2026-08-28 02:54:14,ERROR,Authentication,"Payment failed"
10006974,2026-08-28 02:54:14,INFO,Storage,"Server overloaded"
10006975,2026-08-28 02:54:15,ERROR,Storage,"Connection refused"
10006976,2026-08-28 02:54:17,WARN,Authentication,"Connection timeout"
10006977,2026-08-28 02:54:18,DEBUG,Payment,"Authentication failed"
10006978,2026-08-28 02:54:18,DEBUG,Server,"Invalid request"
10006979,2026-08-28 02:54:20,INFO,Database,"High memory usage"
10006980,2026-08-28 02:54:21,ERROR,Storage,"High memory usage"
10006981,2026-08-28 02:54:23,ERROR,Database,"File not found"
10006982,2026-08-28 02:54:23,ERROR,Storage,"Invalid request"
10006983,2026-08-28 02:54:23,INFO,Network,"Connection refused"
10006984,2026-08-28 02:54:24,ERROR,Network,"Authentication failed"
10006985,2026-08-28 02:54:26,DEBUG,Database,"High memory usage"
10006986,2026-08-28 02:54:27,INFO,Storage,"Database unavailable"
10006987,2026-08-28 02:54:27,INFO,Network,"Server overloaded"
10006988,2026-08-28 02:54:30,WARN,Storage,"Connection timeout"
10006989,2026-08-28 02:54:30,ERROR,Network,"File not found"
10006990,2026-08-28 02:54:33,INFO,Database,"File not found"
10006991,2026-08-28 02:54:34,ERROR,Payment,"File not found"
10006992,2026-08-28 02:54:36,WARN,API,"Invalid request"
10006993,2026-08-28 02:54:37,ERROR,Server,"Connection timeout"
10006994,2026-08-28 02:54:40,WARN,API,"Request completed"
10006995,2026-08-28 02:54:41,WARN,Network,"Invalid request"
10006996,2026-08-28 02:54:41,DEBUG,Storage,"Connection refused"
10006997,2026-08-28 02:54:42,INFO,Storage,"Server overloaded"
10006998,2026-08-28 02:54:42,INFO,Payment,"Authentication failed"
10006999,2026-08-28 02:54:45,WARN,Server,"Connection refused"
10007000,2026-08-28 02:54:47,INFO,Payment,"Connection refused"
10007001,2026-08-28 02:54:47,WARN,Authentication,"Request completed"
10007002,2026-08-28 02:54:49,ERROR,Payment,"Connection timeout"
10007003,2026-08-28 02:54:49,ERROR,Network,"Connection timeout"
10007004,2026-08-28 02:54:51,DEBUG,Network,"Authentication failed"
10007005,2026-08-28 02:54:53,INFO,Authentication,"Connection timeout"
10007006,2026-08-28 02:54:56,WARN,Network,"Payment failed"
10007007,2026-08-28 02:54:58,INFO,Payment,"High memory usage"
10007008,2026-08-28 02:54:58,INFO,Database,"Authentication failed"
10007009,2026-08-28 02:55:01,ERROR,Database,"Connection refused"
10007010,2026-08-28 02:55:01,WARN,Payment,"Database unavailable"
10007011,2026-08-28 02:55:02,WARN,Authentication,"Server overloaded"
10007012,2026-08-28 02:55:02,DEBUG,Storage,"Server overloaded"
10007013,2026-08-28 02:55:03,WARN,Server,"Payment failed"
10007014,2026-08-28 02:55:05,DEBUG,Server,"Payment failed"
10007015,2026-08-28 02:55:08,ERROR,API,"Authentication failed"
10007016,2026-08-28 02:55:08,DEBUG,Server,"File not found"
10007017,2026-08-28 02:55:08,INFO,Payment,"Connection refused"
10007018,2026-08-28 02:55:08,INFO,Server,"High memory usage"
10007019,2026-08-28 02:55:11,DEBUG,Authentication,"Connection timeout"
10007020,2026-08-28 02:55:12,ERROR,Storage,"Database unavailable"
10007021,2026-08-28 02:55:15,ERROR,Network,"Authentication failed"
10007022,2026-08-28 02:55:15,ERROR,Server,"Server overloaded"
10007023,2026-08-28 02:55:16,ERROR,Authentication,"Invalid request"
10007024,2026-08-28 02:55:19,WARN,Database,"Request completed"
10007025,2026-08-28 02:55:20,INFO,Storage,"Authentication failed"
10007026,2026-08-28 02:55:22,ERROR,Authentication,"Server overloaded"
10007027,2026-08-28 02:55:23,WARN,Server,"Server overloaded"
10007028,2026-08-28 02:55:23,ERROR,Payment,"File not found"
10007029,2026-08-28 02:55:24,INFO,Payment,"Invalid request"
10007030,2026-08-28 02:55:26,WARN,Server,"Server overloaded"
10007031,2026-08-28 02:55:29,ERROR,Server,"Connection refused"
10007032,2026-08-28 02:55:32,WARN,Storage,"Authentication failed"
10007033,2026-08-28 02:55:32,WARN,Network,"Connection refused"
10007034,2026-08-28 02:55:34,INFO,Database,"Connection timeout"
10007035,2026-08-28 02:55:37,DEBUG,Authentication,"Request completed"
10007036,2026-08-28 02:55:40,ERROR,API,"Request completed"
10007037,2026-08-28 02:55:40,ERROR,Authentication,"Connection refused"
10007038,2026-08-28 02:55:42,ERROR,Network,"Server overloaded"
10007039,2026-08-28 02:55:42,WARN,Server,"Database unavailable"
10007040,2026-08-28 02:55:43,ERROR,Storage,"Authentication failed"
10007041,2026-08-28 02:55:46,WARN,API,"Invalid request"
10007042,2026-08-28 02:55:49,INFO,Storage,"Connection timeout"
10007043,2026-08-28 02:55:50,ERROR,Network,"High memory usage"
10007044,2026-08-28 02:55:51,WARN,Payment,"Connection refused"
10007045,2026-08-28 02:55:53,WARN,Database,"Server overloaded"
10007046,2026-08-28 02:55:55,ERROR,Server,"Request completed"
10007047,2026-08-28 02:55:57,INFO,Authentication,"Connection timeout"
10007048,2026-08-28 02:55:57,WARN,Storage,"Request completed"
10007049,2026-08-28 02:55:59,DEBUG,API,"Authentication failed"
10007050,2026-08-28 02:55:59,INFO,Payment,"Server overloaded"
10007051,2026-08-28 02:56:02,DEBUG,Payment,"Invalid request"
10007052,2026-08-28 02:56:04,INFO,Database,"Database unavailable"
10007053,2026-08-28 02:56:07,INFO,API,"Authentication failed"
10007054,2026-08-28 02:56:10,INFO,Storage,"Authentication failed"
10007055,2026-08-28 02:56:11,DEBUG,Payment,"Connection timeout"
10007056,2026-08-28 02:56:13,INFO,API,"File not found"
10007057,2026-08-28 02:56:13,ERROR,Payment,"Authentication failed"
10007058,2026-08-28 02:56:15,ERROR,Authentication,"Request completed"
10007059,2026-08-28 02:56:15,DEBUG,Server,"High memory usage"
10007060,2026-08-28 02:56:17,INFO,API,"Payment failed"
10007061,2026-08-28 02:56:19,WARN,Server,"Invalid request"
10007062,2026-08-28 02:56:20,INFO,Network,"Request completed"
10007063,2026-08-28 02:56:23,INFO,Network,"Connection timeout"
10007064,2026-08-28 02:56:25,ERROR,Authentication,"Request completed"
10007065,2026-08-28 02:56:27,WARN,Storage,"Connection timeout"
10007066,2026-08-28 02:56:27,DEBUG,Storage,"Connection refused"
10007067,2026-08-28 02:56:27,ERROR,Network,"File not found"
10007068,2026-08-28 02:56:29,ERROR,API,"Server overloaded"
10007069,2026-08-28 02:56:29,INFO,API,"Connection refused"
10007070,2026-08-28 02:56:32,INFO,Network,"Server overloaded"
10007071,2026-08-28 02:56:32,ERROR,Network,"Request completed"
10007072,2026-08-28 02:56:32,DEBUG,Payment,"Invalid request"
10007073,2026-08-28 02:56:35,ERROR,Authentication,"Server overloaded"
10007074,2026-08-28 02:56:35,ERROR,Server,"Connection timeout"
10007075,2026-08-28 02:56:36,DEBUG,Storage,"Connection timeout"
10007076,2026-08-28 02:56:39,DEBUG,Server,"Connection timeout"
10007077,2026-08-28 02:56:41,DEBUG,Authentication,"Database unavailable"
10007078,2026-08-28 02:56:44,WARN,Database,"Database unavailable"
10007079,2026-08-28 02:56:46,DEBUG,Server,"File not found"
10007080,2026-08-28 02:56:49,DEBUG,Server,"Invalid request"
10007081,2026-08-28 02:56:52,INFO,Authentication,"Database unavailable"
10007082,2026-08-28 02:56:53,WARN,Database,"Connection refused"
10007083,2026-08-28 02:56:54,INFO,Payment,"Authentication failed"
10007084,2026-08-28 02:56:57,DEBUG,Network,"Authentication failed"
10007085,2026-08-28 02:57:00,DEBUG,Authentication,"High memory usage"
10007086,2026-08-28 02:57:02,DEBUG,Network,"Payment failed"
10007087,2026-08-28 02:57:02,WARN,API,"Connection timeout"
10007088,2026-08-28 02:57:05,ERROR,Authentication,"Request completed"
10007089,2026-08-28 02:57:08,ERROR,Server,"Connection timeout"
10007090,2026-08-28 02:57:11,DEBUG,Database,"Invalid request"
10007091,2026-08-28 02:57:14,ERROR,Database,"Connection refused"
10007092,2026-08-28 02:57:16,DEBUG,Storage,"Request completed"
10007093,2026-08-28 02:57:17,ERROR,Network,"Request completed"
10007094,2026-08-28 02:57:20,ERROR,Storage,"File not found"
10007095,2026-08-28 02:57:21,INFO,Database,"Connection timeout"
10007096,2026-08-28 02:57:21,INFO,Payment,"Connection timeout"
10007097,2026-08-28 02:57:22,INFO,Payment,"Connection refused"
10007098,2026-08-28 02:57:23,ERROR,Server,"Authentication failed"
10007099,2026-08-28 02:57:23,INFO,Storage,"Authentication failed"
10007100,2026-08-28 02:57:23,INFO,Server,"Invalid request"
10007101,2026-08-28 02:57:25,DEBUG,Server,"Invalid request"
10007102,2026-08-28 02:57:27,DEBUG,Server,"Request completed"
10007103,2026-08-28 02:57:30,WARN,Storage,"Invalid request"
10007104,2026-08-28 02:57:30,WARN,Authentication,"Connection refused"
10007105,2026-08-28 02:57:31,ERROR,API,"Database unavailable"
10007106,2026-08-28 02:57:33,INFO,Storage,"File not found"
10007107,2026-08-28 02:57:34,INFO,API,"File not found"
10007108,2026-08-28 02:57:37,INFO,Authentication,"Invalid request"
10007109,2026-08-28 02:57:40,ERROR,Payment,"Payment failed"
10007110,2026-08-28 02:57:43,ERROR,Payment,"High memory usage"
10007111,2026-08-28 02:57:45,DEBUG,API,"Connection refused"
10007112,2026-08-28 02:57:45,WARN,API,"Connection timeout"
10007113,2026-08-28 02:57:48,INFO,Authentication,"Connection refused"
10007114,2026-08-28 02:57:49,WARN,Payment,"Connection timeout"
10007115,2026-08-28 02:57:52,ERROR,Server,"File not found"
10007116,2026-08-28 02:57:55,WARN,Storage,"Connection refused"
10007117,2026-08-28 02:57:58,WARN,Storage,"Database unavailable"
10007118,2026-08-28 02:58:00,ERROR,Storage,"Request completed"
10007119,2026-08-28 02:58:02,DEBUG,Server,"Database unavailable"
10007120,2026-08-28 02:58:04,WARN,Network,"Connection refused"
10007121,2026-08-28 02:58:07,INFO,Storage,"Authentication failed"
10007122,2026-08-28 02:58:07,WARN,Database,"Authentication failed"
10007123,2026-08-28 02:58:08,DEBUG,Storage,"Payment failed"
10007124,2026-08-28 02:58:11,WARN,Server,"Connection timeout"
10007125,2026-08-28 02:58:12,INFO,Authentication,"Payment failed"
10007126,2026-08-28 02:58:15,DEBUG,Authentication,"Connection refused"
10007127,2026-08-28 02:58:17,ERROR,Authentication,"Server overloaded"
10007128,2026-08-28 02:58:20,DEBUG,API,"Server overloaded"
10007129,2026-08-28 02:58:21,ERROR,Network,"Invalid request"
10007130,2026-08-28 02:58:21,INFO,Database,"High memory usage"
10007131,2026-08-28 02:58:24,DEBUG,Storage,"Invalid request"
10007132,2026-08-28 02:58:24,DEBUG,Network,"Connection timeout"
10007133,2026-08-28 02:58:27,WARN,API,"Authentication failed"
10007134,2026-08-28 02:58:29,WARN,Database,"Invalid request"
10007135,2026-08-28 02:58:32,INFO,Storage,"High memory usage"
10007136,2026-08-28 02:58:35,DEBUG,Payment,"Connection refused"
10007137,2026-08-28 02:58:36,WARN,API,"Payment failed"
10007138,2026-08-28 02:58:38,WARN,Authentication,"Connection timeout"
10007139,2026-08-28 02:58:41,WARN,Storage,"High memory usage"
10007140,2026-08-28 02:58:41,WARN,Network,"Payment failed"
10007141,2026-08-28 02:58:44,ERROR,Database,"High memory usage"
10007142,2026-08-28 02:58:44,DEBUG,Network,"Payment failed"
10007143,2026-08-28 02:58:45,ERROR,Storage,"Authentication failed"
10007144,2026-08-28 02:58:48,INFO,Server,"Request completed"
10007145,2026-08-28 02:58:50,DEBUG,Server,"Invalid request"
10007146,2026-08-28 02:58:50,WARN,Network,"Connection timeout"
10007147,2026-08-28 02:58:51,ERROR,Authentication,"File not found"
10007148,2026-08-28 02:58:52,INFO,Server,"Server overloaded"
10007149,2026-08-28 02:58:53,INFO,Network,"High memory usage"
10007150,2026-08-28 02:58:56,DEBUG,Authentication,"Server overloaded"
10007151,2026-08-28 02:58:59,INFO,Storage,"Authentication failed"
10007152,2026-08-28 02:59:02,WARN,Database,"Server overloaded"
10007153,2026-08-28 02:59:03,DEBUG,Network,"High memory usage"
10007154,2026-08-28 02:59:03,ERROR,Storage,"File not found"
10007155,2026-08-28 02:59:06,WARN,Network,"Payment failed"
10007156,2026-08-28 02:59:08,ERROR,Payment,"Invalid request"
10007157,2026-08-28 02:59:08,INFO,API,"Connection refused"
10007158,2026-08-28 02:59:10,ERROR,Server,"Database unavailable"
10007159,2026-08-28 02:59:12,INFO,Network,"Connection refused"
10007160,2026-08-28 02:59:15,INFO,API,"Payment failed"
10007161,2026-08-28 02:59:18,INFO,Server,"Connection timeout"
10007162,2026-08-28 02:59:19,WARN,Storage,"Server overloaded"
10007163,2026-08-28 02:59:21,ERROR,API,"Connection refused"
10007164,2026-08-28 02:59:24,ERROR,Server,"File not found"
10007165,2026-08-28 02:59:27,INFO,Server,"Invalid request"
10007166,2026-08-28 02:59:27,INFO,Payment,"Authentication failed"
10007167,2026-08-28 02:59:29,DEBUG,Network,"Invalid request"
10007168,2026-08-28 02:59:30,DEBUG,Payment,"Connection timeout"
10007169,2026-08-28 02:59:32,WARN,Authentication,"Invalid request"
10007170,2026-08-28 02:59:33,INFO,API,"Connection refused"
10007171,2026-08-28 02:59:33,DEBUG,API,"File not found"
10007172,2026-08-28 02:59:33,WARN,API,"Database unavailable"
10007173,2026-08-28 02:59:36,INFO,Network,"Connection timeout"
10007174,2026-08-28 02:59:39,WARN,API,"Connection timeout"
10007175,2026-08-28 02:59:41,INFO,Storage,"Connection timeout"
10007176,2026-08-28 02:59:44,WARN,Payment,"Request completed"
10007177,2026-08-28 02:59:44,DEBUG,Network,"File not found"
10007178,2026-08-28 02:59:46,WARN,Storage,"Invalid request"
10007179,2026-08-28 02:59:48,DEBUG,Storage,"Database unavailable"
10007180,2026-08-28 02:59:50,ERROR,Server,"Server overloaded"
10007181,2026-08-28 02:59:53,DEBUG,Storage,"Server overloaded"
10007182,2026-08-28 02:59:54,WARN,Server,"Database unavailable"
10007183,2026-08-28 02:59:56,ERROR,API,"Invalid request"
10007184,2026-08-28 02:59:57,DEBUG,Storage,"Connection timeout"
10007185,2026-08-28 03:00:00,WARN,Authentication,"File not found"
10007186,2026-08-28 03:00:01,INFO,Authentication,"File not found"
10007187,2026-08-28 03:00:01,INFO,Server,"Payment failed"
10007188,2026-08-28 03:00:03,WARN,Server,"High memory usage"
10007189,2026-08-28 03:00:03,DEBUG,Server,"Payment failed"
10007190,2026-08-28 03:00:05,DEBUG,Database,"Database unavailable"
10007191,2026-08-28 03:00:05,DEBUG,Server,"File not found"
10007192,2026-08-28 03:00:05,INFO,Payment,"Authentication failed"
10007193,2026-08-28 03:00:06,ERROR,Authentication,"Database unavailable"
10007194,2026-08-28 03:00:08,ERROR,Network,"Server overloaded"
10007195,2026-08-28 03:00:09,WARN,Server,"Server overloaded"
10007196,2026-08-28 03:00:09,ERROR,Authentication,"File not found"
10007197,2026-08-28 03:00:10,ERROR,Database,"High memory usage"
10007198,2026-08-28 03:00:12,WARN,Network,"Payment failed"
10007199,2026-08-28 03:00:13,ERROR,Server,"Invalid request"
10007200,2026-08-28 03:00:16,WARN,Network,"Payment failed"
10007201,2026-08-28 03:00:17,DEBUG,Database,"Connection refused"
10007202,2026-08-28 03:00:19,INFO,API,"Server overloaded"
10007203,2026-08-28 03:00:20,INFO,Network,"Payment failed"
10007204,2026-08-28 03:00:20,INFO,Server,"File not found"
10007205,2026-08-28 03:00:21,INFO,Server,"File not found"
10007206,2026-08-28 03:00:22,ERROR,Payment,"High memory usage"
10007207,2026-08-28 03:00:25,WARN,Storage,"Database unavailable"
10007208,2026-08-28 03:00:28,INFO,API,"Database unavailable"
10007209,2026-08-28 03:00:29,WARN,Payment,"Payment failed"
10007210,2026-08-28 03:00:30,ERROR,Storage,"Authentication failed"
10007211,2026-08-28 03:00:32,ERROR,Network,"Server overloaded"
10007212,2026-08-28 03:00:35,DEBUG,Payment,"Payment failed"
10007213,2026-08-28 03:00:37,WARN,Network,"High memory usage"
10007214,2026-08-28 03:00:39,INFO,Payment,"Connection timeout"
10007215,2026-08-28 03:00:41,ERROR,Server,"Invalid request"
10007216,2026-08-28 03:00:44,DEBUG,Payment,"Invalid request"
10007217,2026-08-28 03:00:45,ERROR,Authentication,"File not found"
10007218,2026-08-28 03:00:48,ERROR,API,"Connection refused"
10007219,2026-08-28 03:00:49,INFO,Network,"Request completed"
10007220,2026-08-28 03:00:50,ERROR,Database,"Invalid request"
10007221,2026-08-28 03:00:50,INFO,Payment,"File not found"
10007222,2026-08-28 03:00:50,ERROR,Network,"Database unavailable"
10007223,2026-08-28 03:00:52,ERROR,Authentication,"Payment failed"
10007224,2026-08-28 03:00:52,INFO,Payment,"Server overloaded"
10007225,2026-08-28 03:00:53,DEBUG,API,"Server overloaded"
10007226,2026-08-28 03:00:54,WARN,Server,"File not found"
10007227,2026-08-28 03:00:54,WARN,API,"Payment failed"
10007228,2026-08-28 03:00:56,DEBUG,Database,"Connection refused"
10007229,2026-08-28 03:00:56,ERROR,API,"Authentication failed"
10007230,2026-08-28 03:00:57,WARN,Server,"Authentication failed"
10007231,2026-08-28 03:00:59,WARN,Storage,"Database unavailable"
10007232,2026-08-28 03:01:02,DEBUG,Payment,"File not found"
10007233,2026-08-28 03:01:04,DEBUG,Payment,"Invalid request"
10007234,2026-08-28 03:01:04,ERROR,Storage,"Connection timeout"
10007235,2026-08-28 03:01:05,INFO,Server,"High memory usage"
10007236,2026-08-28 03:01:06,ERROR,Authentication,"Payment failed"
10007237,2026-08-28 03:01:08,ERROR,Network,"File not found"
10007238,2026-08-28 03:01:10,INFO,Authentication,"High memory usage"
10007239,2026-08-28 03:01:12,DEBUG,Payment,"Server overloaded"
10007240,2026-08-28 03:01:13,INFO,API,"Server overloaded"
10007241,2026-08-28 03:01:16,DEBUG,Server,"Payment failed"
10007242,2026-08-28 03:01:18,INFO,API,"Authentication failed"
10007243,2026-08-28 03:01:18,INFO,Payment,"Database unavailable"
10007244,2026-08-28 03:01:21,INFO,Storage,"Request completed"
10007245,2026-08-28 03:01:24,DEBUG,Payment,"Server overloaded"
10007246,2026-08-28 03:01:27,WARN,API,"Invalid request"
10007247,2026-08-28 03:01:30,DEBUG,Storage,"Authentication failed"
10007248,2026-08-28 03:01:30,ERROR,Storage,"High memory usage"
10007249,2026-08-28 03:01:33,DEBUG,Server,"High memory usage"
10007250,2026-08-28 03:01:34,WARN,Network,"Authentication failed"
10007251,2026-08-28 03:01:37,ERROR,Database,"Payment failed"
10007252,2026-08-28 03:01:38,DEBUG,Storage,"File not found"
10007253,2026-08-28 03:01:38,INFO,Authentication,"High memory usage"
10007254,2026-08-28 03:01:41,DEBUG,Storage,"Server overloaded"
10007255,2026-08-28 03:01:44,WARN,Database,"Invalid request"
10007256,2026-08-28 03:01:45,DEBUG,Server,"Invalid request"
10007257,2026-08-28 03:01:46,INFO,Database,"Authentication failed"
10007258,2026-08-28 03:01:48,ERROR,Storage,"Database unavailable"
10007259,2026-08-28 03:01:50,WARN,API,"Request completed"
10007260,2026-08-28 03:01:50,ERROR,Network,"Connection timeout"
10007261,2026-08-28 03:01:52,WARN,Server,"File not found"
10007262,2026-08-28 03:01:54,INFO,Storage,"Connection timeout"
10007263,2026-08-28 03:01:55,ERROR,API,"File not found"
10007264,2026-08-28 03:01:55,WARN,Storage,"Authentication failed"
10007265,2026-08-28 03:01:56,INFO,Server,"Server overloaded"
10007266,2026-08-28 03:01:56,WARN,Network,"Payment failed"
10007267,2026-08-28 03:01:56,WARN,API,"File not found"
10007268,2026-08-28 03:01:59,DEBUG,Server,"Invalid request"
10007269,2026-08-28 03:02:02,DEBUG,Payment,"Authentication failed"
10007270,2026-08-28 03:02:05,DEBUG,Network,"Database unavailable"
10007271,2026-08-28 03:02:08,ERROR,Payment,"High memory usage"
10007272,2026-08-28 03:02:08,WARN,Authentication,"High memory usage"
10007273,2026-08-28 03:02:08,INFO,Server,"Invalid request"
10007274,2026-08-28 03:02:09,DEBUG,Authentication,"Request completed"
10007275,2026-08-28 03:02:12,DEBUG,Payment,"Authentication failed"
10007276,2026-08-28 03:02:14,DEBUG,Database,"Connection refused"
10007277,2026-08-28 03:02:17,INFO,Authentication,"Request completed"
10007278,2026-08-28 03:02:19,DEBUG,Authentication,"High memory usage"
10007279,2026-08-28 03:02:20,WARN,Storage,"Invalid request"
10007280,2026-08-28 03:02:22,ERROR,Authentication,"Database unavailable"
10007281,2026-08-28 03:02:24,ERROR,Storage,"Payment failed"
10007282,2026-08-28 03:02:26,INFO,Authentication,"Payment failed"
10007283,2026-08-28 03:02:28,INFO,Database,"High memory usage"
10007284,2026-08-28 03:02:29,WARN,Authentication,"Database unavailable"
10007285,2026-08-28 03:02:31,INFO,Authentication,"Payment failed"
10007286,2026-08-28 03:02:33,INFO,Network,"File not found"
10007287,2026-08-28 03:02:36,INFO,Storage,"Authentication failed"
10007288,2026-08-28 03:02:37,DEBUG,Server,"Connection timeout"
10007289,2026-08-28 03:02:39,DEBUG,Storage,"High memory usage"
10007290,2026-08-28 03:02:39,DEBUG,Server,"File not found"
10007291,2026-08-28 03:02:42,WARN,Database,"Payment failed"
10007292,2026-08-28 03:02:44,ERROR,Database,"Authentication failed"
10007293,2026-08-28 03:02:47,WARN,Server,"Server overloaded"
10007294,2026-08-28 03:02:48,INFO,Database,"Connection refused"
10007295,2026-08-28 03:02:49,ERROR,Database,"Connection refused"
10007296,2026-08-28 03:02:49,INFO,Server,"Database unavailable"
10007297,2026-08-28 03:02:49,DEBUG,Authentication,"Server overloaded"
10007298,2026-08-28 03:02:52,WARN,Server,"File not found"
10007299,2026-08-28 03:02:53,DEBUG,Server,"Invalid request"
10007300,2026-08-28 03:02:56,DEBUG,Server,"Authentication failed"
10007301,2026-08-28 03:02:59,WARN,Database,"Database unavailable"
10007302,2026-08-28 03:03:00,WARN,Server,"Connection timeout"
10007303,2026-08-28 03:03:02,WARN,Database,"Invalid request"
10007304,2026-08-28 03:03:03,INFO,Network,"Connection timeout"
10007305,2026-08-28 03:03:05,ERROR,Authentication,"Server overloaded"
10007306,2026-08-28 03:03:05,ERROR,Authentication,"Request completed"
10007307,2026-08-28 03:03:05,ERROR,Authentication,"Authentication failed"
10007308,2026-08-28 03:03:05,INFO,Database,"High memory usage"
10007309,2026-08-28 03:03:08,ERROR,Server,"Connection refused"
10007310,2026-08-28 03:03:08,ERROR,Database,"Invalid request"
10007311,2026-08-28 03:03:08,DEBUG,Storage,"Request completed"
10007312,2026-08-28 03:03:09,WARN,Authentication,"Request completed"
10007313,2026-08-28 03:03:12,WARN,Storage,"Payment failed"
10007314,2026-08-28 03:03:15,DEBUG,Authentication,"Authentication failed"
10007315,2026-08-28 03:03:18,WARN,Authentication,"High memory usage"
10007316,2026-08-28 03:03:19,ERROR,Authentication,"Connection timeout"
10007317,2026-08-28 03:03:20,INFO,Database,"Payment failed"
10007318,2026-08-28 03:03:22,INFO,Network,"Request completed"
10007319,2026-08-28 03:03:23,DEBUG,Network,"Connection refused"
10007320,2026-08-28 03:03:25,INFO,Database,"Database unavailable"
10007321,2026-08-28 03:03:26,ERROR,Payment,"Request completed"
10007322,2026-08-28 03:03:26,ERROR,Payment,"Connection timeout"
10007323,2026-08-28 03:03:26,DEBUG,Authentication,"Database unavailable"
10007324,2026-08-28 03:03:27,WARN,Database,"Request completed"
10007325,2026-08-28 03:03:30,DEBUG,Database,"Authentication failed"
10007326,2026-08-28 03:03:30,DEBUG,Network,"High memory usage"
10007327,2026-08-28 03:03:32,DEBUG,Database,"Payment failed"
10007328,2026-08-28 03:03:34,ERROR,Storage,"Connection timeout"
10007329,2026-08-28 03:03:34,WARN,Payment,"Payment failed"
10007330,2026-08-28 03:03:35,ERROR,Server,"High memory usage"
10007331,2026-08-28 03:03:38,DEBUG,Network,"Database unavailable"
10007332,2026-08-28 03:03:38,DEBUG,Payment,"High memory usage"
10007333,2026-08-28 03:03:38,INFO,API,"File not found"
10007334,2026-08-28 03:03:38,ERROR,Storage,"Payment failed"
10007335,2026-08-28 03:03:40,ERROR,Server,"Connection refused"
10007336,2026-08-28 03:03:42,INFO,Database,"Server overloaded"
10007337,2026-08-28 03:03:42,ERROR,Database,"Connection refused"
10007338,2026-08-28 03:03:44,INFO,Storage,"Invalid request"
10007339,2026-08-28 03:03:46,INFO,API,"Database unavailable"
10007340,2026-08-28 03:03:46,INFO,Network,"Connection timeout"
10007341,2026-08-28 03:03:49,INFO,Storage,"Authentication failed"
10007342,2026-08-28 03:03:51,INFO,Database,"Server overloaded"
10007343,2026-08-28 03:03:52,INFO,Database,"File not found"
10007344,2026-08-28 03:03:54,ERROR,Network,"Payment failed"
10007345,2026-08-28 03:03:55,DEBUG,Storage,"Database unavailable"
10007346,2026-08-28 03:03:55,WARN,Database,"Connection timeout"
10007347,2026-08-28 03:03:57,DEBUG,Server,"Authentication failed"
10007348,2026-08-28 03:04:00,DEBUG,Database,"Request completed"
10007349,2026-08-28 03:04:02,DEBUG,Database,"Connection timeout"
10007350,2026-08-28 03:04:05,ERROR,Authentication,"Request completed"
10007351,2026-08-28 03:04:07,WARN,API,"Connection refused"
10007352,2026-08-28 03:04:10,WARN,API,"Connection refused"
10007353,2026-08-28 03:04:13,DEBUG,Authentication,"Payment failed"
10007354,2026-08-28 03:04:13,DEBUG,Database,"Server overloaded"
10007355,2026-08-28 03:04:14,DEBUG,API,"Payment failed"
10007356,2026-08-28 03:04:16,ERROR,Network,"Payment failed"
10007357,2026-08-28 03:04:16,DEBUG,Authentication,"File not found"
10007358,2026-08-28 03:04:18,DEBUG,Database,"Connection refused"
10007359,2026-08-28 03:04:18,ERROR,Authentication,"High memory usage"
10007360,2026-08-28 03:04:18,INFO,API,"Payment failed"
10007361,2026-08-28 03:04:21,WARN,Database,"Server overloaded"
10007362,2026-08-28 03:04:21,DEBUG,Payment,"Connection refused"
10007363,2026-08-28 03:04:24,INFO,Storage,"High memory usage"
10007364,2026-08-28 03:04:26,WARN,Storage,"Request completed"
10007365,2026-08-28 03:04:28,DEBUG,Server,"File not found"
10007366,2026-08-28 03:04:31,DEBUG,Server,"Connection refused"
10007367,2026-08-28 03:04:33,INFO,Storage,"File not found"
10007368,2026-08-28 03:04:33,INFO,Payment,"Server overloaded"
10007369,2026-08-28 03:04:33,WARN,API,"Database unavailable"
10007370,2026-08-28 03:04:34,ERROR,Network,"Invalid request"
10007371,2026-08-28 03:04:34,DEBUG,Authentication,"High memory usage"
10007372,2026-08-28 03:04:35,ERROR,Authentication,"Invalid request"
10007373,2026-08-28 03:04:38,DEBUG,Storage,"Payment failed"
10007374,2026-08-28 03:04:40,DEBUG,API,"Connection timeout"
10007375,2026-08-28 03:04:43,ERROR,Authentication,"High memory usage"
10007376,2026-08-28 03:04:45,INFO,Server,"Request completed"
10007377,2026-08-28 03:04:45,INFO,Network,"High memory usage"
10007378,2026-08-28 03:04:47,INFO,Authentication,"Request completed"
10007379,2026-08-28 03:04:47,WARN,Storage,"Connection refused"
10007380,2026-08-28 03:04:47,WARN,API,"Database unavailable"
10007381,2026-08-28 03:04:49,DEBUG,Authentication,"Invalid request"
10007382,2026-08-28 03:04:52,ERROR,Storage,"Payment failed"
10007383,2026-08-28 03:04:55,ERROR,Payment,"Connection refused"
10007384,2026-08-28 03:04:55,ERROR,Server,"File not found"
10007385,2026-08-28 03:04:55,ERROR,API,"Connection refused"
10007386,2026-08-28 03:04:55,WARN,API,"Database unavailable"
10007387,2026-08-28 03:04:56,WARN,Storage,"Connection timeout"
10007388,2026-08-28 03:04:57,DEBUG,Server,"Connection refused"
10007389,2026-08-28 03:05:00,INFO,Payment,"Connection refused"
10007390,2026-08-28 03:05:02,INFO,API,"Request completed"
10007391,2026-08-28 03:05:04,DEBUG,Authentication,"Server overloaded"
10007392,2026-08-28 03:05:04,INFO,Authentication,"Invalid request"
10007393,2026-08-28 03:05:04,ERROR,Database,"File not found"
10007394,2026-08-28 03:05:06,ERROR,API,"File not found"
10007395,2026-08-28 03:05:08,INFO,Authentication,"Payment failed"
10007396,2026-08-28 03:05:09,DEBUG,Server,"Connection timeout"
10007397,2026-08-28 03:05:09,DEBUG,Storage,"Connection refused"
10007398,2026-08-28 03:05:10,ERROR,Authentication,"Connection refused"
10007399,2026-08-28 03:05:10,ERROR,API,"Database unavailable"
10007400,2026-08-28 03:05:11,WARN,Payment,"Database unavailable"
10007401,2026-08-28 03:05:11,WARN,API,"Payment failed"
10007402,2026-08-28 03:05:12,WARN,Server,"High memory usage"
10007403,2026-08-28 03:05:12,WARN,Server,"High memory usage"
10007404,2026-08-28 03:05:13,WARN,Storage,"Server overloaded"
10007405,2026-08-28 03:05:14,DEBUG,Payment,"File not found"
10007406,2026-08-28 03:05:17,DEBUG,Storage,"File not found"
10007407,2026-08-28 03:05:18,DEBUG,Payment,"File not found"
10007408,2026-08-28 03:05:19,INFO,API,"High memory usage"
10007409,2026-08-28 03:05:20,WARN,Database,"File not found"
10007410,2026-08-28 03:05:20,DEBUG,Server,"Payment failed"
10007411,2026-08-28 03:05:22,DEBUG,Server,"Invalid request"
10007412,2026-08-28 03:05:25,ERROR,Authentication,"File not found"
10007413,2026-08-28 03:05:27,INFO,Network,"Invalid request"
10007414,2026-08-28 03:05:27,WARN,API,"Payment failed"
10007415,2026-08-28 03:05:29,ERROR,Authentication,"Connection refused"
10007416,2026-08-28 03:05:31,INFO,Payment,"Authentication failed"
10007417,2026-08-28 03:05:33,DEBUG,Server,"Server overloaded"
10007418,2026-08-28 03:05:33,INFO,Payment,"Authentication failed"
10007419,2026-08-28 03:05:33,DEBUG,API,"Request completed"
10007420,2026-08-28 03:05:34,DEBUG,Network,"File not found"
10007421,2026-08-28 03:05:36,INFO,Network,"Connection timeout"
10007422,2026-08-28 03:05:36,DEBUG,Database,"Database unavailable"
10007423,2026-08-28 03:05:37,INFO,Network,"Database unavailable"
10007424,2026-08-28 03:05:40,INFO,Database,"File not found"
10007425,2026-08-28 03:05:40,DEBUG,Authentication,"File not found"
10007426,2026-08-28 03:05:43,INFO,API,"Database unavailable"
10007427,2026-08-28 03:05:43,ERROR,Authentication,"Request completed"
10007428,2026-08-28 03:05:44,INFO,Storage,"Request completed"
10007429,2026-08-28 03:05:44,DEBUG,Server,"File not found"
10007430,2026-08-28 03:05:44,WARN,Server,"Server overloaded"
10007431,2026-08-28 03:05:44,ERROR,API,"Payment failed"
10007432,2026-08-28 03:05:47,ERROR,Database,"Connection refused"
10007433,2026-08-28 03:05:47,DEBUG,API,"Server overloaded"
10007434,2026-08-28 03:05:47,DEBUG,Server,"Request completed"
10007435,2026-08-28 03:05:47,ERROR,Payment,"Authentication failed"
10007436,2026-08-28 03:05:50,ERROR,Storage,"Connection timeout"
10007437,2026-08-28 03:05:53,INFO,Server,"Authentication failed"
10007438,2026-08-28 03:05:54,INFO,Server,"Server overloaded"
10007439,2026-08-28 03:05:56,DEBUG,Authentication,"Payment failed"
10007440,2026-08-28 03:05:58,INFO,Server,"Payment failed"
10007441,2026-08-28 03:06:00,INFO,API,"Payment failed"
10007442,2026-08-28 03:06:00,ERROR,Authentication,"File not found"
10007443,2026-08-28 03:06:01,WARN,Database,"Invalid request"
10007444,2026-08-28 03:06:04,WARN,Network,"Connection timeout"
10007445,2026-08-28 03:06:04,ERROR,Network,"High memory usage"
10007446,2026-08-28 03:06:04,INFO,Storage,"Connection refused"
10007447,2026-08-28 03:06:05,ERROR,Network,"Server overloaded"
10007448,2026-08-28 03:06:05,WARN,Database,"Server overloaded"
10007449,2026-08-28 03:06:06,INFO,Payment,"High memory usage"
10007450,2026-08-28 03:06:07,INFO,Authentication,"Server overloaded"
10007451,2026-08-28 03:06:10,DEBUG,Payment,"Authentication failed"
10007452,2026-08-28 03:06:10,INFO,Storage,"Payment failed"
10007453,2026-08-28 03:06:10,WARN,Server,"File not found"
10007454,2026-08-28 03:06:13,INFO,Storage,"Payment failed"
10007455,2026-08-28 03:06:13,WARN,Network,"Database unavailable"
10007456,2026-08-28 03:06:16,WARN,API,"Database unavailable"
10007457,2026-08-28 03:06:18,DEBUG,Authentication,"Server overloaded"
10007458,2026-08-28 03:06:20,INFO,Server,"Request completed"
10007459,2026-08-28 03:06:22,ERROR,Payment,"File not found"
10007460,2026-08-28 03:06:24,ERROR,Payment,"Invalid request"
10007461,2026-08-28 03:06:26,ERROR,Database,"High memory usage"
10007462,2026-08-28 03:06:28,DEBUG,Payment,"Payment failed"
10007463,2026-08-28 03:06:31,ERROR,Storage,"Database unavailable"
10007464,2026-08-28 03:06:31,DEBUG,Authentication,"Authentication failed"
10007465,2026-08-28 03:06:31,WARN,API,"Database unavailable"
10007466,2026-08-28 03:06:31,INFO,API,"Payment failed"
10007467,2026-08-28 03:06:34,ERROR,Authentication,"High memory usage"
10007468,2026-08-28 03:06:35,DEBUG,Database,"High memory usage"
10007469,2026-08-28 03:06:37,ERROR,Server,"Payment failed"
10007470,2026-08-28 03:06:39,DEBUG,Database,"Payment failed"
10007471,2026-08-28 03:06:40,DEBUG,Server,"Invalid request"
10007472,2026-08-28 03:06:43,INFO,Database,"Connection refused"
10007473,2026-08-28 03:06:45,INFO,Payment,"Payment failed"
10007474,2026-08-28 03:06:45,INFO,Storage,"File not found"
10007475,2026-08-28 03:06:46,WARN,Server,"File not found"
10007476,2026-08-28 03:06:47,ERROR,Storage,"Connection timeout"
10007477,2026-08-28 03:06:47,WARN,Payment,"High memory usage"
10007478,2026-08-28 03:06:48,DEBUG,Storage,"Database unavailable"
10007479,2026-08-28 03:06:49,DEBUG,Network,"Authentication failed"
10007480,2026-08-28 03:06:50,WARN,Server,"Connection timeout"
10007481,2026-08-28 03:06:52,DEBUG,Database,"File not found"
10007482,2026-08-28 03:06:54,WARN,Server,"Connection refused"
10007483,2026-08-28 03:06:55,INFO,Network,"File not found"
10007484,2026-08-28 03:06:55,DEBUG,Payment,"Connection refused"
10007485,2026-08-28 03:06:58,WARN,Database,"Connection timeout"
10007486,2026-08-28 03:07:00,INFO,Server,"Invalid request"
10007487,2026-08-28 03:07:03,ERROR,Payment,"Connection refused"
10007488,2026-08-28 03:07:03,ERROR,Storage,"High memory usage"
10007489,2026-08-28 03:07:05,ERROR,Network,"File not found"
10007490,2026-08-28 03:07:08,ERROR,API,"Connection timeout"
10007491,2026-08-28 03:07:09,INFO,Storage,"Server overloaded"
10007492,2026-08-28 03:07:12,INFO,Storage,"Authentication failed"
10007493,2026-08-28 03:07:14,WARN,Network,"Invalid request"
10007494,2026-08-28 03:07:14,INFO,API,"Payment failed"
10007495,2026-08-28 03:07:16,WARN,Server,"Authentication failed"
10007496,2026-08-28 03:07:18,DEBUG,Server,"High memory usage"
10007497,2026-08-28 03:07:18,DEBUG,Storage,"Database unavailable"
10007498,2026-08-28 03:07:18,INFO,API,"Connection timeout"
10007499,2026-08-28 03:07:18,DEBUG,Network,"Database unavailable"
10007500,2026-08-28 03:07:20,INFO,Authentication,"Server overloaded"
10007501,2026-08-28 03:07:21,DEBUG,Payment,"Payment failed"
10007502,2026-08-28 03:07:21,DEBUG,API,"Server overloaded"
10007503,2026-08-28 03:07:24,ERROR,API,"Connection timeout"
10007504,2026-08-28 03:07:25,WARN,Storage,"File not found"
10007505,2026-08-28 03:07:27,ERROR,Storage,"Authentication failed"
10007506,2026-08-28 03:07:27,DEBUG,Storage,"High memory usage"
10007507,2026-08-28 03:07:30,ERROR,Server,"Connection refused"
10007508,2026-08-28 03:07:32,ERROR,Server,"Payment failed"
10007509,2026-08-28 03:07:32,DEBUG,Payment,"Invalid request"
10007510,2026-08-28 03:07:33,ERROR,Authentication,"Server overloaded"
10007511,2026-08-28 03:07:34,DEBUG,Authentication,"File not found"
10007512,2026-08-28 03:07:34,WARN,Database,"File not found"
10007513,2026-08-28 03:07:36,INFO,Authentication,"Request completed"
10007514,2026-08-28 03:07:37,ERROR,Server,"Database unavailable"
10007515,2026-08-28 03:07:38,WARN,Server,"Connection refused"
10007516,2026-08-28 03:07:39,WARN,Network,"Payment failed"
10007517,2026-08-28 03:07:41,WARN,Database,"High memory usage"
10007518,2026-08-28 03:07:41,ERROR,Server,"Connection refused"
10007519,2026-08-28 03:07:43,WARN,Server,"Authentication failed"
10007520,2026-08-28 03:07:46,ERROR,Database,"Invalid request"
10007521,2026-08-28 03:07:49,WARN,Database,"Invalid request"
10007522,2026-08-28 03:07:50,DEBUG,Payment,"Request completed"
10007523,2026-08-28 03:07:53,INFO,Network,"Authentication failed"
10007524,2026-08-28 03:07:56,INFO,API,"Authentication failed"
10007525,2026-08-28 03:07:59,WARN,Storage,"Authentication failed"
10007526,2026-08-28 03:08:02,INFO,API,"High memory usage"
10007527,2026-08-28 03:08:02,DEBUG,Payment,"File not found"
10007528,2026-08-28 03:08:02,WARN,Network,"Database unavailable"
10007529,2026-08-28 03:08:04,WARN,Storage,"Invalid request"
10007530,2026-08-28 03:08:05,INFO,API,"Connection timeout"
10007531,2026-08-28 03:08:06,ERROR,Network,"High memory usage"
10007532,2026-08-28 03:08:06,ERROR,Database,"Database unavailable"
10007533,2026-08-28 03:08:09,ERROR,Database,"Invalid request"
10007534,2026-08-28 03:08:11,WARN,Server,"Connection timeout"
10007535,2026-08-28 03:08:11,WARN,Database,"Payment failed"
10007536,2026-08-28 03:08:11,WARN,Network,"Connection refused"
10007537,2026-08-28 03:08:14,ERROR,Authentication,"Connection timeout"
10007538,2026-08-28 03:08:16,DEBUG,Server,"Payment failed"
10007539,2026-08-28 03:08:16,DEBUG,Network,"Invalid request"
10007540,2026-08-28 03:08:18,DEBUG,Authentication,"Authentication failed"
10007541,2026-08-28 03:08:19,DEBUG,Payment,"File not found"
10007542,2026-08-28 03:08:20,INFO,Storage,"Request completed"
10007543,2026-08-28 03:08:22,WARN,Network,"Database unavailable"
10007544,2026-08-28 03:08:24,DEBUG,API,"Invalid request"
10007545,2026-08-28 03:08:26,WARN,Authentication,"Invalid request"
10007546,2026-08-28 03:08:26,ERROR,API,"Payment failed"
10007547,2026-08-28 03:08:27,DEBUG,Storage,"File not found"
10007548,2026-08-28 03:08:29,INFO,Authentication,"Server overloaded"
10007549,2026-08-28 03:08:29,ERROR,Payment,"Authentication failed"
10007550,2026-08-28 03:08:29,INFO,Authentication,"Invalid request"
10007551,2026-08-28 03:08:30,DEBUG,Network,"Connection timeout"
10007552,2026-08-28 03:08:30,WARN,Database,"Connection refused"
10007553,2026-08-28 03:08:32,DEBUG,Database,"Invalid request"
10007554,2026-08-28 03:08:35,ERROR,Network,"Invalid request"
10007555,2026-08-28 03:08:38,DEBUG,Server,"Payment failed"
10007556,2026-08-28 03:08:40,ERROR,Server,"High memory usage"
10007557,2026-08-28 03:08:40,INFO,Database,"Connection refused"
10007558,2026-08-28 03:08:41,WARN,Payment,"File not found"
10007559,2026-08-28 03:08:41,DEBUG,Storage,"File not found"
10007560,2026-08-28 03:08:41,DEBUG,Storage,"High memory usage"
10007561,2026-08-28 03:08:44,INFO,Payment,"Request completed"
10007562,2026-08-28 03:08:47,ERROR,Authentication,"Payment failed"
10007563,2026-08-28 03:08:48,ERROR,Payment,"Server overloaded"
10007564,2026-08-28 03:08:51,WARN,Payment,"Payment failed"
10007565,2026-08-28 03:08:52,WARN,API,"Payment failed"
10007566,2026-08-28 03:08:52,WARN,Storage,"Payment failed"
10007567,2026-08-28 03:08:55,ERROR,Authentication,"Request completed"
10007568,2026-08-28 03:08:58,WARN,Authentication,"High memory usage"
10007569,2026-08-28 03:08:58,INFO,Database,"Authentication failed"
10007570,2026-08-28 03:08:58,WARN,Authentication,"Invalid request"
10007571,2026-08-28 03:08:59,ERROR,API,"Payment failed"
10007572,2026-08-28 03:08:59,DEBUG,Authentication,"Invalid request"
10007573,2026-08-28 03:09:00,DEBUG,Authentication,"Database unavailable"
10007574,2026-08-28 03:09:01,WARN,Database,"Request completed"
10007575,2026-08-28 03:09:02,WARN,Server,"Authentication failed"
10007576,2026-08-28 03:09:05,DEBUG,Database,"Invalid request"
10007577,2026-08-28 03:09:06,WARN,Payment,"Request completed"
10007578,2026-08-28 03:09:07,DEBUG,Network,"Invalid request"
10007579,2026-08-28 03:09:10,WARN,Payment,"Authentication failed"
10007580,2026-08-28 03:09:11,INFO,Authentication,"Invalid request"
10007581,2026-08-28 03:09:11,ERROR,Server,"Authentication failed"
10007582,2026-08-28 03:09:11,WARN,Payment,"Connection timeout"
10007583,2026-08-28 03:09:12,ERROR,Server,"Invalid request"
10007584,2026-08-28 03:09:13,WARN,Server,"File not found"
10007585,2026-08-28 03:09:13,WARN,Payment,"Authentication failed"
10007586,2026-08-28 03:09:16,ERROR,Storage,"Database unavailable"
10007587,2026-08-28 03:09:18,ERROR,Authentication,"Database unavailable"
10007588,2026-08-28 03:09:20,WARN,Network,"Database unavailable"
10007589,2026-08-28 03:09:23,ERROR,Storage,"Authentication failed"
10007590,2026-08-28 03:09:26,ERROR,Payment,"Database unavailable"
10007591,2026-08-28 03:09:26,DEBUG,Network,"Request completed"
10007592,2026-08-28 03:09:26,WARN,Authentication,"Connection timeout"
10007593,2026-08-28 03:09:26,WARN,Database,"Database unavailable"
10007594,2026-08-28 03:09:29,ERROR,Authentication,"Server overloaded"
10007595,2026-08-28 03:09:31,DEBUG,Payment,"Payment failed"
10007596,2026-08-28 03:09:34,DEBUG,Network,"Database unavailable"
10007597,2026-08-28 03:09:34,INFO,Storage,"Request completed"
10007598,2026-08-28 03:09:35,ERROR,Storage,"Invalid request"
10007599,2026-08-28 03:09:37,DEBUG,Authentication,"Server overloaded"
10007600,2026-08-28 03:09:37,DEBUG,Authentication,"High memory usage"
10007601,2026-08-28 03:09:40,ERROR,Database,"Request completed"
10007602,2026-08-28 03:09:40,DEBUG,Authentication,"Server overloaded"
10007603,2026-08-28 03:09:43,DEBUG,Storage,"Connection timeout"
10007604,2026-08-28 03:09:46,WARN,Storage,"Database unavailable"
10007605,2026-08-28 03:09:48,INFO,Network,"Invalid request"
10007606,2026-08-28 03:09:51,ERROR,API,"Authentication failed"
10007607,2026-08-28 03:09:53,ERROR,Database,"Payment failed"
10007608,2026-08-28 03:09:53,INFO,Payment,"Connection refused"
10007609,2026-08-28 03:09:56,DEBUG,Authentication,"High memory usage"
10007610,2026-08-28 03:09:56,DEBUG,Storage,"Database unavailable"
10007611,2026-08-28 03:09:59,DEBUG,Payment,"Connection refused"
10007612,2026-08-28 03:10:00,INFO,Storage,"Payment failed"
10007613,2026-08-28 03:10:03,ERROR,Network,"Connection timeout"
10007614,2026-08-28 03:10:04,DEBUG,Database,"Authentication failed"
10007615,2026-08-28 03:10:06,WARN,Server,"File not found"
10007616,2026-08-28 03:10:09,WARN,Authentication,"File not found"
10007617,2026-08-28 03:10:09,DEBUG,API,"Connection refused"
10007618,2026-08-28 03:10:11,ERROR,Server,"Invalid request"
10007619,2026-08-28 03:10:13,DEBUG,Storage,"Database unavailable"
10007620,2026-08-28 03:10:16,ERROR,API,"Invalid request"
10007621,2026-08-28 03:10:18,INFO,Payment,"Request completed"
10007622,2026-08-28 03:10:18,ERROR,Database,"Connection refused"
10007623,2026-08-28 03:10:19,DEBUG,Network,"High memory usage"
10007624,2026-08-28 03:10:19,ERROR,Database,"Payment failed"
10007625,2026-08-28 03:10:19,DEBUG,Server,"Invalid request"
10007626,2026-08-28 03:10:20,INFO,API,"File not found"
10007627,2026-08-28 03:10:22,INFO,API,"Server overloaded"
10007628,2026-08-28 03:10:22,ERROR,Storage,"Server overloaded"
10007629,2026-08-28 03:10:23,INFO,Network,"Server overloaded"
10007630,2026-08-28 03:10:25,DEBUG,Server,"Connection refused"
10007631,2026-08-28 03:10:28,DEBUG,Database,"Connection timeout"
10007632,2026-08-28 03:10:28,ERROR,Payment,"Connection timeout"
10007633,2026-08-28 03:10:31,INFO,Database,"Server overloaded"
10007634,2026-08-28 03:10:34,DEBUG,Server,"Database unavailable"
10007635,2026-08-28 03:10:37,ERROR,Authentication,"Connection refused"
10007636,2026-08-28 03:10:40,DEBUG,Storage,"Request completed"
10007637,2026-08-28 03:10:41,ERROR,API,"Request completed"
10007638,2026-08-28 03:10:42,DEBUG,Database,"High memory usage"
10007639,2026-08-28 03:10:44,INFO,Authentication,"Server overloaded"
10007640,2026-08-28 03:10:45,WARN,Server,"Database unavailable"
10007641,2026-08-28 03:10:46,DEBUG,Authentication,"Database unavailable"
10007642,2026-08-28 03:10:49,WARN,Authentication,"Connection timeout"
10007643,2026-08-28 03:10:49,ERROR,Storage,"File not found"
10007644,2026-08-28 03:10:50,INFO,Network,"Connection refused"
10007645,2026-08-28 03:10:50,DEBUG,Database,"Connection refused"
10007646,2026-08-28 03:10:52,DEBUG,API,"Database unavailable"
10007647,2026-08-28 03:10:54,WARN,Payment,"File not found"
10007648,2026-08-28 03:10:56,ERROR,Storage,"File not found"
10007649,2026-08-28 03:10:56,ERROR,Authentication,"High memory usage"
10007650,2026-08-28 03:10:59,DEBUG,Payment,"Database unavailable"
10007651,2026-08-28 03:11:01,DEBUG,Authentication,"Database unavailable"
10007652,2026-08-28 03:11:03,DEBUG,Network,"Payment failed"
10007653,2026-08-28 03:11:04,ERROR,Network,"Connection timeout"
10007654,2026-08-28 03:11:07,WARN,Database,"Payment failed"
10007655,2026-08-28 03:11:10,DEBUG,Network,"Authentication failed"
10007656,2026-08-28 03:11:12,ERROR,Database,"Payment failed"
10007657,2026-08-28 03:11:15,INFO,Payment,"High memory usage"
10007658,2026-08-28 03:11:18,ERROR,API,"Request completed"
10007659,2026-08-28 03:11:20,DEBUG,API,"Connection refused"
10007660,2026-08-28 03:11:23,WARN,API,"File not found"
10007661,2026-08-28 03:11:25,INFO,Payment,"Connection timeout"
10007662,2026-08-28 03:11:26,INFO,Database,"Connection refused"
10007663,2026-08-28 03:11:26,DEBUG,Database,"Payment failed"
10007664,2026-08-28 03:11:27,DEBUG,Network,"Database unavailable"
10007665,2026-08-28 03:11:29,DEBUG,Server,"Connection refused"
10007666,2026-08-28 03:11:30,ERROR,Database,"Payment failed"
10007667,2026-08-28 03:11:30,WARN,Storage,"Database unavailable"
10007668,2026-08-28 03:11:31,INFO,Database,"Database unavailable"
10007669,2026-08-28 03:11:34,ERROR,Storage,"Authentication failed"
10007670,2026-08-28 03:11:36,ERROR,API,"Payment failed"
10007671,2026-08-28 03:11:38,INFO,API,"Connection timeout"
10007672,2026-08-28 03:11:40,WARN,Database,"Server overloaded"
10007673,2026-08-28 03:11:43,INFO,API,"Request completed"
10007674,2026-08-28 03:11:45,WARN,Payment,"Payment failed"
10007675,2026-08-28 03:11:47,ERROR,Payment,"High memory usage"
10007676,2026-08-28 03:11:47,DEBUG,Storage,"File not found"
10007677,2026-08-28 03:11:47,INFO,Database,"Connection refused"
10007678,2026-08-28 03:11:47,INFO,Server,"Connection timeout"
10007679,2026-08-28 03:11:47,WARN,API,"Server overloaded"
10007680,2026-08-28 03:11:48,ERROR,API,"Server overloaded"
10007681,2026-08-28 03:11:48,INFO,Storage,"Connection refused"
10007682,2026-08-28 03:11:49,WARN,API,"Connection timeout"
10007683,2026-08-28 03:11:50,ERROR,Server,"Request completed"
10007684,2026-08-28 03:11:52,INFO,Database,"Payment failed"
10007685,2026-08-28 03:11:53,ERROR,Storage,"Payment failed"
10007686,2026-08-28 03:11:53,INFO,Payment,"Request completed"
10007687,2026-08-28 03:11:54,ERROR,Authentication,"Authentication failed"
10007688,2026-08-28 03:11:56,ERROR,Payment,"High memory usage"
10007689,2026-08-28 03:11:58,WARN,Authentication,"Server overloaded"
10007690,2026-08-28 03:12:00,DEBUG,API,"Authentication failed"
10007691,2026-08-28 03:12:02,WARN,Storage,"Connection refused"
10007692,2026-08-28 03:12:05,WARN,Payment,"Authentication failed"
10007693,2026-08-28 03:12:07,WARN,Server,"Connection refused"
10007694,2026-08-28 03:12:09,ERROR,Server,"Connection refused"
10007695,2026-08-28 03:12:12,INFO,Server,"High memory usage"
10007696,2026-08-28 03:12:15,DEBUG,Authentication,"Invalid request"
10007697,2026-08-28 03:12:15,DEBUG,Server,"Request completed"
10007698,2026-08-28 03:12:16,INFO,Authentication,"Connection refused"
10007699,2026-08-28 03:12:16,ERROR,Payment,"High memory usage"
10007700,2026-08-28 03:12:19,WARN,Database,"Database unavailable"
10007701,2026-08-28 03:12:19,DEBUG,Network,"File not found"
10007702,2026-08-28 03:12:20,INFO,Database,"Payment failed"
10007703,2026-08-28 03:12:21,DEBUG,Server,"Database unavailable"
10007704,2026-08-28 03:12:21,ERROR,API,"Connection refused"
10007705,2026-08-28 03:12:23,ERROR,Authentication,"Database unavailable"
10007706,2026-08-28 03:12:24,ERROR,Server,"Database unavailable"
10007707,2026-08-28 03:12:25,INFO,Server,"High memory usage"
10007708,2026-08-28 03:12:25,INFO,Storage,"Database unavailable"
10007709,2026-08-28 03:12:27,DEBUG,Server,"Request completed"
10007710,2026-08-28 03:12:28,DEBUG,Database,"Authentication failed"
10007711,2026-08-28 03:12:30,WARN,Authentication,"Invalid request"
10007712,2026-08-28 03:12:30,INFO,Server,"High memory usage"
10007713,2026-08-28 03:12:30,ERROR,Authentication,"File not found"
10007714,2026-08-28 03:12:32,WARN,Server,"Connection timeout"
10007715,2026-08-28 03:12:34,WARN,Network,"Server overloaded"
10007716,2026-08-28 03:12:35,ERROR,Authentication,"Connection timeout"
10007717,2026-08-28 03:12:36,ERROR,Storage,"Database unavailable"
10007718,2026-08-28 03:12:39,WARN,Network,"Database unavailable"
10007719,2026-08-28 03:12:40,DEBUG,API,"Connection timeout"
10007720,2026-08-28 03:12:42,WARN,Database,"Database unavailable"
10007721,2026-08-28 03:12:42,DEBUG,Authentication,"Connection refused"
10007722,2026-08-28 03:12:44,INFO,Storage,"Database unavailable"
10007723,2026-08-28 03:12:46,INFO,Payment,"Server overloaded"
10007724,2026-08-28 03:12:48,INFO,Authentication,"File not found"
10007725,2026-08-28 03:12:50,WARN,Network,"Request completed"
10007726,2026-08-28 03:12:50,ERROR,Authentication,"Connection timeout"
10007727,2026-08-28 03:12:53,WARN,Payment,"High memory usage"
10007728,2026-08-28 03:12:55,WARN,Storage,"Payment failed"
10007729,2026-08-28 03:12:55,WARN,Server,"Server overloaded"
10007730,2026-08-28 03:12:57,DEBUG,Authentication,"Connection timeout"
10007731,2026-08-28 03:12:57,DEBUG,Network,"File not found"
10007732,2026-08-28 03:12:58,WARN,API,"Database unavailable"
10007733,2026-08-28 03:12:58,WARN,Server,"High memory usage"
10007734,2026-08-28 03:12:58,WARN,Storage,"Payment failed"
10007735,2026-08-28 03:12:58,WARN,Network,"Invalid request"
10007736,2026-08-28 03:12:59,ERROR,Network,"Invalid request"
10007737,2026-08-28 03:13:00,WARN,API,"Connection timeout"
10007738,2026-08-28 03:13:01,ERROR,API,"Payment failed"
10007739,2026-08-28 03:13:04,INFO,Database,"Connection refused"
10007740,2026-08-28 03:13:05,ERROR,Payment,"High memory usage"
10007741,2026-08-28 03:13:05,ERROR,Storage,"High memory usage"
10007742,2026-08-28 03:13:08,DEBUG,Payment,"Request completed"
10007743,2026-08-28 03:13:10,DEBUG,Network,"Request completed"
10007744,2026-08-28 03:13:11,DEBUG,Payment,"Connection refused"
10007745,2026-08-28 03:13:11,DEBUG,Network,"Payment failed"
10007746,2026-08-28 03:13:13,ERROR,Database,"Connection timeout"
10007747,2026-08-28 03:13:15,WARN,Authentication,"Connection timeout"
10007748,2026-08-28 03:13:17,INFO,Network,"Connection refused"
10007749,2026-08-28 03:13:17,DEBUG,Server,"High memory usage"
10007750,2026-08-28 03:13:19,INFO,Network,"Payment failed"
10007751,2026-08-28 03:13:20,WARN,Server,"Invalid request"
10007752,2026-08-28 03:13:23,WARN,Server,"High memory usage"
10007753,2026-08-28 03:13:26,ERROR,Authentication,"High memory usage"
10007754,2026-08-28 03:13:27,DEBUG,Authentication,"Payment failed"
10007755,2026-08-28 03:13:30,INFO,Network,"Connection timeout"
10007756,2026-08-28 03:13:30,ERROR,Network,"Connection refused"
10007757,2026-08-28 03:13:33,WARN,Authentication,"Connection refused"
10007758,2026-08-28 03:13:33,ERROR,API,"Payment failed"
10007759,2026-08-28 03:13:35,INFO,Network,"High memory usage"
10007760,2026-08-28 03:13:37,WARN,Payment,"Server overloaded"
10007761,2026-08-28 03:13:38,INFO,Network,"Database unavailable"
10007762,2026-08-28 03:13:41,DEBUG,Network,"Payment failed"
10007763,2026-08-28 03:13:42,DEBUG,Database,"High memory usage"
10007764,2026-08-28 03:13:43,ERROR,Authentication,"Payment failed"
10007765,2026-08-28 03:13:45,WARN,Storage,"Server overloaded"
10007766,2026-08-28 03:13:47,INFO,Authentication,"Invalid request"
10007767,2026-08-28 03:13:49,INFO,Network,"Payment failed"
10007768,2026-08-28 03:13:51,ERROR,Payment,"Request completed"
10007769,2026-08-28 03:13:54,ERROR,Payment,"Authentication failed"
10007770,2026-08-28 03:13:54,INFO,Server,"Authentication failed"
10007771,2026-08-28 03:13:57,DEBUG,API,"File not found"
10007772,2026-08-28 03:14:00,DEBUG,Database,"Connection refused"
10007773,2026-08-28 03:14:00,DEBUG,Database,"High memory usage"
10007774,2026-08-28 03:14:03,ERROR,Payment,"Invalid request"
10007775,2026-08-28 03:14:05,WARN,Payment,"Server overloaded"
10007776,2026-08-28 03:14:05,DEBUG,Payment,"Connection refused"
10007777,2026-08-28 03:14:07,INFO,Network,"Authentication failed"
10007778,2026-08-28 03:14:10,INFO,Server,"Request completed"
10007779,2026-08-28 03:14:12,DEBUG,Network,"High memory usage"
10007780,2026-08-28 03:14:15,ERROR,Authentication,"Invalid request"
10007781,2026-08-28 03:14:16,DEBUG,Payment,"Payment failed"
10007782,2026-08-28 03:14:17,ERROR,Database,"Payment failed"
10007783,2026-08-28 03:14:17,DEBUG,Network,"Connection timeout"
10007784,2026-08-28 03:14:17,DEBUG,Storage,"Server overloaded"
10007785,2026-08-28 03:14:20,DEBUG,Payment,"Invalid request"
10007786,2026-08-28 03:14:22,ERROR,API,"Payment failed"
10007787,2026-08-28 03:14:22,ERROR,Network,"File not found"
10007788,2026-08-28 03:14:23,INFO,Database,"Connection refused"
10007789,2026-08-28 03:14:25,INFO,Network,"Database unavailable"
10007790,2026-08-28 03:14:28,DEBUG,Authentication,"Invalid request"
10007791,2026-08-28 03:14:28,WARN,Server,"Authentication failed"
10007792,2026-08-28 03:14:31,INFO,Payment,"High memory usage"
10007793,2026-08-28 03:14:32,WARN,Database,"Connection timeout"
10007794,2026-08-28 03:14:32,WARN,Payment,"High memory usage"
10007795,2026-08-28 03:14:34,DEBUG,API,"Database unavailable"
10007796,2026-08-28 03:14:35,DEBUG,Server,"Invalid request"
10007797,2026-08-28 03:14:35,DEBUG,API,"File not found"
10007798,2026-08-28 03:14:38,INFO,Server,"File not found"
10007799,2026-08-28 03:14:38,ERROR,Storage,"Request completed"
10007800,2026-08-28 03:14:39,WARN,Storage,"Connection refused"
10007801,2026-08-28 03:14:40,INFO,Network,"High memory usage"
10007802,2026-08-28 03:14:41,INFO,Network,"Database unavailable"
10007803,2026-08-28 03:14:41,INFO,Network,"File not found"
10007804,2026-08-28 03:14:41,INFO,Storage,"Server overloaded"
10007805,2026-08-28 03:14:41,ERROR,Network,"Payment failed"
10007806,2026-08-28 03:14:44,ERROR,Payment,"Server overloaded"
10007807,2026-08-28 03:14:44,ERROR,Authentication,"Connection timeout"
10007808,2026-08-28 03:14:47,WARN,API,"File not found"
10007809,2026-08-28 03:14:48,WARN,Authentication,"Request completed"
10007810,2026-08-28 03:14:50,WARN,Server,"Invalid request"
10007811,2026-08-28 03:14:53,WARN,Server,"Authentication failed"
10007812,2026-08-28 03:14:53,ERROR,Database,"File not found"
10007813,2026-08-28 03:14:55,DEBUG,Database,"Request completed"
10007814,2026-08-28 03:14:56,ERROR,Storage,"File not found"
10007815,2026-08-28 03:14:59,WARN,Server,"Server overloaded"
10007816,2026-08-28 03:15:01,INFO,Authentication,"File not found"
10007817,2026-08-28 03:15:03,DEBUG,Server,"File not found"
10007818,2026-08-28 03:15:06,DEBUG,Server,"Authentication failed"
10007819,2026-08-28 03:15:09,WARN,Database,"Database unavailable"
10007820,2026-08-28 03:15:10,INFO,Payment,"Invalid request"
10007821,2026-08-28 03:15:12,INFO,Payment,"Connection timeout"
10007822,2026-08-28 03:15:14,WARN,Network,"Request completed"
10007823,2026-08-28 03:15:16,INFO,API,"Authentication failed"
10007824,2026-08-28 03:15:17,DEBUG,Database,"Invalid request"
10007825,2026-08-28 03:15:18,WARN,Network,"Database unavailable"
10007826,2026-08-28 03:15:20,INFO,API,"Payment failed"
10007827,2026-08-28 03:15:20,DEBUG,API,"Connection timeout"
10007828,2026-08-28 03:15:22,WARN,API,"Request completed"
10007829,2026-08-28 03:15:24,WARN,API,"Connection timeout"
10007830,2026-08-28 03:15:24,ERROR,API,"Authentication failed"
10007831,2026-08-28 03:15:26,ERROR,Storage,"High memory usage"
10007832,2026-08-28 03:15:26,ERROR,Payment,"File not found"
10007833,2026-08-28 03:15:29,DEBUG,Payment,"File not found"
10007834,2026-08-28 03:15:30,WARN,Storage,"High memory usage"
10007835,2026-08-28 03:15:33,DEBUG,API,"File not found"
10007836,2026-08-28 03:15:33,INFO,Storage,"Invalid request"
10007837,2026-08-28 03:15:34,WARN,Storage,"High memory usage"
10007838,2026-08-28 03:15:34,INFO,Storage,"Invalid request"
10007839,2026-08-28 03:15:37,DEBUG,API,"Invalid request"
10007840,2026-08-28 03:15:38,ERROR,Database,"Database unavailable"
10007841,2026-08-28 03:15:39,ERROR,Database,"Payment failed"
10007842,2026-08-28 03:15:41,ERROR,Server,"Database unavailable"
10007843,2026-08-28 03:15:42,DEBUG,API,"Connection refused"
10007844,2026-08-28 03:15:44,INFO,Network,"File not found"
10007845,2026-08-28 03:15:45,WARN,Database,"Connection timeout"
10007846,2026-08-28 03:15:45,DEBUG,Network,"File not found"
10007847,2026-08-28 03:15:45,INFO,Database,"High memory usage"
10007848,2026-08-28 03:15:45,WARN,Network,"Database unavailable"
10007849,2026-08-28 03:15:48,INFO,Database,"Connection refused"
10007850,2026-08-28 03:15:50,DEBUG,Storage,"Connection refused"
10007851,2026-08-28 03:15:50,WARN,Authentication,"File not found"
10007852,2026-08-28 03:15:52,DEBUG,Payment,"Database unavailable"
10007853,2026-08-28 03:15:52,DEBUG,Database,"Invalid request"
10007854,2026-08-28 03:15:52,ERROR,Network,"Invalid request"
10007855,2026-08-28 03:15:52,INFO,Database,"Server overloaded"
10007856,2026-08-28 03:15:53,INFO,Storage,"Authentication failed"
10007857,2026-08-28 03:15:56,ERROR,Authentication,"Connection refused"
10007858,2026-08-28 03:15:56,ERROR,API,"Server overloaded"
10007859,2026-08-28 03:15:57,ERROR,Database,"Request completed"
10007860,2026-08-28 03:16:00,ERROR,Authentication,"Server overloaded"
10007861,2026-08-28 03:16:01,INFO,Network,"Database unavailable"
10007862,2026-08-28 03:16:03,DEBUG,Authentication,"Database unavailable"
10007863,2026-08-28 03:16:05,ERROR,Database,"Connection timeout"
10007864,2026-08-28 03:16:07,INFO,Payment,"Connection timeout"
10007865,2026-08-28 03:16:07,ERROR,Network,"High memory usage"
10007866,2026-08-28 03:16:08,INFO,Authentication,"Request completed"
10007867,2026-08-28 03:16:09,DEBUG,Network,"Server overloaded"
10007868,2026-08-28 03:16:10,INFO,Storage,"Payment failed"
10007869,2026-08-28 03:16:12,WARN,Database,"Database unavailable"
10007870,2026-08-28 03:16:13,DEBUG,Storage,"Invalid request"
10007871,2026-08-28 03:16:15,ERROR,Payment,"Connection timeout"
10007872,2026-08-28 03:16:16,DEBUG,Server,"Server overloaded"
10007873,2026-08-28 03:16:16,INFO,Network,"Connection timeout"
10007874,2026-08-28 03:16:19,WARN,Network,"Payment failed"
10007875,2026-08-28 03:16:19,ERROR,Storage,"Invalid request"
10007876,2026-08-28 03:16:22,ERROR,Storage,"Request completed"
10007877,2026-08-28 03:16:22,DEBUG,Authentication,"Request completed"
10007878,2026-08-28 03:16:22,WARN,Storage,"Invalid request"
10007879,2026-08-28 03:16:25,ERROR,API,"Authentication failed"
10007880,2026-08-28 03:16:27,DEBUG,Authentication,"Authentication failed"
10007881,2026-08-28 03:16:29,INFO,Server,"Database unavailable"
10007882,2026-08-28 03:16:29,WARN,Server,"File not found"
10007883,2026-08-28 03:16:32,DEBUG,Server,"Server overloaded"
10007884,2026-08-28 03:16:34,ERROR,Network,"File not found"
10007885,2026-08-28 03:16:34,ERROR,Database,"Invalid request"
10007886,2026-08-28 03:16:34,DEBUG,Payment,"Authentication failed"
10007887,2026-08-28 03:16:34,DEBUG,Network,"Authentication failed"
10007888,2026-08-28 03:16:34,WARN,Storage,"Authentication failed"
10007889,2026-08-28 03:16:34,DEBUG,Network,"Payment failed"
10007890,2026-08-28 03:16:37,ERROR,Server,"Connection refused"
10007891,2026-08-28 03:16:40,WARN,API,"Authentication failed"
10007892,2026-08-28 03:16:40,DEBUG,API,"High memory usage"
10007893,2026-08-28 03:16:40,DEBUG,Database,"Server overloaded"
10007894,2026-08-28 03:16:42,WARN,Server,"Request completed"
10007895,2026-08-28 03:16:42,ERROR,Storage,"Authentication failed"
10007896,2026-08-28 03:16:44,WARN,Storage,"Connection timeout"
10007897,2026-08-28 03:16:45,DEBUG,Authentication,"Database unavailable"
10007898,2026-08-28 03:16:47,INFO,Storage,"File not found"
10007899,2026-08-28 03:16:49,ERROR,Authentication,"Database unavailable"
10007900,2026-08-28 03:16:49,DEBUG,Database,"Payment failed"
10007901,2026-08-28 03:16:52,INFO,Authentication,"Request completed"
10007902,2026-08-28 03:16:54,WARN,Authentication,"Connection timeout"
10007903,2026-08-28 03:16:57,WARN,Database,"Request completed"
10007904,2026-08-28 03:16:57,WARN,Payment,"Server overloaded"
10007905,2026-08-28 03:17:00,DEBUG,Server,"Authentication failed"
10007906,2026-08-28 03:17:01,DEBUG,Authentication,"High memory usage"
10007907,2026-08-28 03:17:01,DEBUG,Payment,"Authentication failed"
10007908,2026-08-28 03:17:01,ERROR,Server,"Request completed"
10007909,2026-08-28 03:17:04,ERROR,API,"Request completed"
10007910,2026-08-28 03:17:05,ERROR,Authentication,"Connection timeout"
10007911,2026-08-28 03:17:06,ERROR,Storage,"Payment failed"
10007912,2026-08-28 03:17:09,DEBUG,Authentication,"Connection timeout"
10007913,2026-08-28 03:17:12,WARN,Storage,"Database unavailable"
10007914,2026-08-28 03:17:14,DEBUG,Storage,"Request completed"
10007915,2026-08-28 03:17:17,WARN,Database,"Server overloaded"
10007916,2026-08-28 03:17:18,WARN,Server,"Authentication failed"
10007917,2026-08-28 03:17:20,ERROR,Authentication,"Invalid request"
10007918,2026-08-28 03:17:21,ERROR,Storage,"Request completed"
10007919,2026-08-28 03:17:23,ERROR,Database,"Connection refused"
10007920,2026-08-28 03:17:24,WARN,Authentication,"File not found"
10007921,2026-08-28 03:17:27,ERROR,Server,"Connection timeout"
10007922,2026-08-28 03:17:28,INFO,Server,"Database unavailable"
10007923,2026-08-28 03:17:29,INFO,Payment,"High memory usage"
10007924,2026-08-28 03:17:29,WARN,Storage,"File not found"
10007925,2026-08-28 03:17:29,ERROR,Network,"File not found"
10007926,2026-08-28 03:17:29,INFO,API,"Invalid request"
10007927,2026-08-28 03:17:31,INFO,Server,"Invalid request"
10007928,2026-08-28 03:17:32,INFO,Database,"Payment failed"
10007929,2026-08-28 03:17:32,ERROR,Server,"Server overloaded"
10007930,2026-08-28 03:17:32,WARN,Authentication,"Connection timeout"
10007931,2026-08-28 03:17:32,ERROR,Server,"Authentication failed"
10007932,2026-08-28 03:17:34,WARN,Authentication,"Authentication failed"
10007933,2026-08-28 03:17:35,DEBUG,Network,"Connection refused"
10007934,2026-08-28 03:17:35,DEBUG,Database,"Connection refused"
10007935,2026-08-28 03:17:36,DEBUG,Server,"Authentication failed"
10007936,2026-08-28 03:17:37,ERROR,Payment,"Invalid request"
10007937,2026-08-28 03:17:38,WARN,Server,"File not found"
10007938,2026-08-28 03:17:41,ERROR,Authentication,"Authentication failed"
10007939,2026-08-28 03:17:44,DEBUG,API,"Database unavailable"
10007940,2026-08-28 03:17:46,INFO,Database,"Request completed"
10007941,2026-08-28 03:17:46,INFO,Database,"Connection refused"
10007942,2026-08-28 03:17:46,ERROR,Storage,"File not found"
10007943,2026-08-28 03:17:48,INFO,Server,"Invalid request"
10007944,2026-08-28 03:17:48,WARN,Database,"File not found"
10007945,2026-08-28 03:17:51,ERROR,Payment,"File not found"
10007946,2026-08-28 03:17:51,INFO,Payment,"High memory usage"
10007947,2026-08-28 03:17:52,ERROR,Payment,"Invalid request"
10007948,2026-08-28 03:17:52,INFO,Authentication,"Server overloaded"
10007949,2026-08-28 03:17:54,INFO,Payment,"High memory usage"
10007950,2026-08-28 03:17:56,ERROR,API,"Connection timeout"
10007951,2026-08-28 03:17:57,INFO,Database,"Database unavailable"
10007952,2026-08-28 03:18:00,INFO,Network,"Database unavailable"
10007953,2026-08-28 03:18:02,DEBUG,Authentication,"Invalid request"
10007954,2026-08-28 03:18:02,WARN,Server,"Database unavailable"
10007955,2026-08-28 03:18:03,DEBUG,Payment,"Server overloaded"
10007956,2026-08-28 03:18:03,WARN,Server,"Authentication failed"
10007957,2026-08-28 03:18:04,INFO,Authentication,"Server overloaded"
10007958,2026-08-28 03:18:05,WARN,Authentication,"Payment failed"
10007959,2026-08-28 03:18:05,ERROR,Storage,"Authentication failed"
10007960,2026-08-28 03:18:05,WARN,API,"Database unavailable"
10007961,2026-08-28 03:18:08,INFO,Server,"High memory usage"
10007962,2026-08-28 03:18:10,WARN,Authentication,"Server overloaded"
10007963,2026-08-28 03:18:11,DEBUG,Authentication,"Authentication failed"
10007964,2026-08-28 03:18:14,DEBUG,Server,"Payment failed"
10007965,2026-08-28 03:18:16,DEBUG,Database,"Database unavailable"
10007966,2026-08-28 03:18:19,DEBUG,Authentication,"High memory usage"
10007967,2026-08-28 03:18:22,WARN,Network,"Connection refused"
10007968,2026-08-28 03:18:23,WARN,Payment,"Request completed"
10007969,2026-08-28 03:18:25,INFO,Network,"Database unavailable"
10007970,2026-08-28 03:18:28,INFO,Server,"High memory usage"
10007971,2026-08-28 03:18:31,DEBUG,Payment,"File not found"
10007972,2026-08-28 03:18:34,INFO,Network,"High memory usage"
10007973,2026-08-28 03:18:37,ERROR,Network,"Connection timeout"
10007974,2026-08-28 03:18:39,INFO,API,"Request completed"
10007975,2026-08-28 03:18:39,INFO,Server,"High memory usage"
10007976,2026-08-28 03:18:39,WARN,Network,"Payment failed"
10007977,2026-08-28 03:18:40,INFO,Network,"High memory usage"
10007978,2026-08-28 03:18:42,ERROR,Network,"Server overloaded"
10007979,2026-08-28 03:18:42,ERROR,Server,"Request completed"
10007980,2026-08-28 03:18:42,WARN,Database,"Server overloaded"
10007981,2026-08-28 03:18:44,DEBUG,Storage,"Server overloaded"
10007982,2026-08-28 03:18:46,DEBUG,API,"High memory usage"
10007983,2026-08-28 03:18:47,INFO,Database,"Invalid request"
10007984,2026-08-28 03:18:48,WARN,Authentication,"Request completed"
10007985,2026-08-28 03:18:51,WARN,Payment,"Database unavailable"
10007986,2026-08-28 03:18:52,INFO,Database,"Server overloaded"
10007987,2026-08-28 03:18:55,WARN,Server,"Connection timeout"
10007988,2026-08-28 03:18:58,DEBUG,Server,"Authentication failed"
10007989,2026-08-28 03:18:59,DEBUG,Storage,"Payment failed"
10007990,2026-08-28 03:19:00,ERROR,Database,"Server overloaded"
10007991,2026-08-28 03:19:02,ERROR,Storage,"Authentication failed"
10007992,2026-08-28 03:19:03,DEBUG,Payment,"Payment failed"
10007993,2026-08-28 03:19:04,ERROR,Database,"Server overloaded"
10007994,2026-08-28 03:19:05,INFO,Authentication,"Authentication failed"
10007995,2026-08-28 03:19:06,WARN,API,"Invalid request"
10007996,2026-08-28 03:19:09,WARN,Storage,"Connection refused"
10007997,2026-08-28 03:19:09,INFO,Network,"High memory usage"
10007998,2026-08-28 03:19:10,INFO,Network,"Database unavailable"
10007999,2026-08-28 03:19:13,DEBUG,Authentication,"Authentication failed"
10008000,2026-08-28 03:19:15,ERROR,Storage,"Database unavailable"
10008001,2026-08-28 03:19:15,DEBUG,Storage,"Request completed"
10008002,2026-08-28 03:19:16,ERROR,Storage,"Database unavailable"
10008003,2026-08-28 03:19:18,WARN,Server,"Connection timeout"
10008004,2026-08-28 03:19:19,INFO,API,"Connection timeout"
10008005,2026-08-28 03:19:19,DEBUG,API,"Authentication failed"
10008006,2026-08-28 03:19:22,INFO,Network,"Invalid request"
10008007,2026-08-28 03:19:23,ERROR,Storage,"Connection timeout"
10008008,2026-08-28 03:19:25,DEBUG,Server,"File not found"
10008009,2026-08-28 03:19:27,WARN,API,"Payment failed"
10008010,2026-08-28 03:19:28,DEBUG,Database,"Server overloaded"
10008011,2026-08-28 03:19:29,WARN,Storage,"Connection refused"
10008012,2026-08-28 03:19:31,DEBUG,Authentication,"Database unavailable"
10008013,2026-08-28 03:19:33,ERROR,API,"Server overloaded"
10008014,2026-08-28 03:19:34,ERROR,Payment,"Database unavailable"
10008015,2026-08-28 03:19:36,WARN,Authentication,"Invalid request"
10008016,2026-08-28 03:19:37,INFO,API,"Invalid request"
10008017,2026-08-28 03:19:38,ERROR,Storage,"Connection timeout"
10008018,2026-08-28 03:19:40,INFO,Network,"Connection refused"
10008019,2026-08-28 03:19:41,ERROR,Database,"Authentication failed"
10008020,2026-08-28 03:19:41,DEBUG,Server,"Request completed"
10008021,2026-08-28 03:19:44,DEBUG,Payment,"Server overloaded"
10008022,2026-08-28 03:19:47,DEBUG,Storage,"High memory usage"
10008023,2026-08-28 03:19:50,INFO,Authentication,"Authentication failed"
10008024,2026-08-28 03:19:51,ERROR,Database,"High memory usage"
10008025,2026-08-28 03:19:53,ERROR,Database,"File not found"
10008026,2026-08-28 03:19:56,INFO,Authentication,"Connection refused"
10008027,2026-08-28 03:19:56,DEBUG,API,"Request completed"
10008028,2026-08-28 03:19:56,DEBUG,API,"Invalid request"
10008029,2026-08-28 03:19:56,WARN,Network,"Authentication failed"
10008030,2026-08-28 03:19:56,ERROR,Authentication,"Server overloaded"
10008031,2026-08-28 03:19:56,INFO,Network,"Connection timeout"
10008032,2026-08-28 03:19:58,ERROR,Network,"Invalid request"
10008033,2026-08-28 03:19:58,INFO,Payment,"Connection refused"
10008034,2026-08-28 03:20:00,ERROR,Server,"Server overloaded"
10008035,2026-08-28 03:20:01,INFO,Storage,"Connection refused"
10008036,2026-08-28 03:20:04,DEBUG,Network,"Server overloaded"
10008037,2026-08-28 03:20:05,WARN,Storage,"Payment failed"
10008038,2026-08-28 03:20:08,INFO,Database,"Connection timeout"
10008039,2026-08-28 03:20:08,WARN,Authentication,"Payment failed"
10008040,2026-08-28 03:20:09,INFO,Server,"Server overloaded"
10008041,2026-08-28 03:20:12,INFO,Storage,"Invalid request"
10008042,2026-08-28 03:20:14,DEBUG,Authentication,"Connection timeout"
10008043,2026-08-28 03:20:17,WARN,Server,"Server overloaded"
10008044,2026-08-28 03:20:19,INFO,Payment,"Payment failed"
10008045,2026-08-28 03:20:20,WARN,Payment,"Request completed"
10008046,2026-08-28 03:20:21,DEBUG,Database,"Server overloaded"
10008047,2026-08-28 03:20:24,DEBUG,Authentication,"Server overloaded"
10008048,2026-08-28 03:20:27,DEBUG,Authentication,"Authentication failed"
10008049,2026-08-28 03:20:29,WARN,Storage,"Payment failed"
10008050,2026-08-28 03:20:29,INFO,Server,"File not found"
10008051,2026-08-28 03:20:29,DEBUG,Server,"File not found"
10008052,2026-08-28 03:20:31,ERROR,API,"High memory usage"
10008053,2026-08-28 03:20:31,INFO,Authentication,"Database unavailable"
10008054,2026-08-28 03:20:32,DEBUG,Payment,"File not found"
10008055,2026-08-28 03:20:33,ERROR,Authentication,"Server overloaded"
10008056,2026-08-28 03:20:36,DEBUG,API,"Authentication failed"
10008057,2026-08-28 03:20:37,WARN,Authentication,"Payment failed"
10008058,2026-08-28 03:20:40,ERROR,Payment,"Authentication failed"
10008059,2026-08-28 03:20:41,ERROR,Network,"Connection refused"
10008060,2026-08-28 03:20:41,WARN,Server,"Request completed"
10008061,2026-08-28 03:20:43,DEBUG,API,"Connection refused"
10008062,2026-08-28 03:20:46,DEBUG,Authentication,"Database unavailable"
10008063,2026-08-28 03:20:46,WARN,Storage,"File not found"
10008064,2026-08-28 03:20:47,WARN,API,"Authentication failed"
10008065,2026-08-28 03:20:48,DEBUG,Authentication,"High memory usage"
10008066,2026-08-28 03:20:50,INFO,Network,"Database unavailable"
10008067,2026-08-28 03:20:53,DEBUG,Payment,"Authentication failed"
10008068,2026-08-28 03:20:56,WARN,Authentication,"Request completed"
10008069,2026-08-28 03:20:57,ERROR,API,"Server overloaded"
10008070,2026-08-28 03:20:58,DEBUG,Server,"Connection timeout"
10008071,2026-08-28 03:20:59,DEBUG,Storage,"Database unavailable"
10008072,2026-08-28 03:20:59,DEBUG,Server,"File not found"
10008073,2026-08-28 03:20:59,INFO,Database,"Request completed"
10008074,2026-08-28 03:21:02,DEBUG,Server,"Authentication failed"
10008075,2026-08-28 03:21:04,DEBUG,API,"Authentication failed"
10008076,2026-08-28 03:21:05,ERROR,Storage,"Invalid request"
10008077,2026-08-28 03:21:07,DEBUG,Database,"Server overloaded"
10008078,2026-08-28 03:21:09,WARN,Storage,"Connection refused"
10008079,2026-08-28 03:21:10,DEBUG,Database,"Authentication failed"
10008080,2026-08-28 03:21:13,DEBUG,Database,"Authentication failed"
10008081,2026-08-28 03:21:15,INFO,Database,"Request completed"
10008082,2026-08-28 03:21:18,ERROR,Server,"Database unavailable"
10008083,2026-08-28 03:21:21,ERROR,Server,"Server overloaded"
10008084,2026-08-28 03:21:23,DEBUG,Server,"High memory usage"
10008085,2026-08-28 03:21:26,DEBUG,Database,"Server overloaded"
10008086,2026-08-28 03:21:29,INFO,Network,"Server overloaded"
10008087,2026-08-28 03:21:32,INFO,Storage,"Invalid request"
10008088,2026-08-28 03:21:35,ERROR,Authentication,"Connection refused"
10008089,2026-08-28 03:21:38,INFO,Server,"Connection timeout"
10008090,2026-08-28 03:21:38,WARN,Storage,"File not found"
10008091,2026-08-28 03:21:41,ERROR,Network,"Invalid request"
10008092,2026-08-28 03:21:44,INFO,Network,"Payment failed"
10008093,2026-08-28 03:21:47,WARN,Network,"Payment failed"
10008094,2026-08-28 03:21:50,WARN,Server,"Server overloaded"
10008095,2026-08-28 03:21:51,INFO,Storage,"Database unavailable"
10008096,2026-08-28 03:21:51,DEBUG,API,"Database unavailable"
10008097,2026-08-28 03:21:51,DEBUG,Server,"Server overloaded"
10008098,2026-08-28 03:21:53,INFO,Authentication,"Connection timeout"
10008099,2026-08-28 03:21:55,DEBUG,Server,"Payment failed"
10008100,2026-08-28 03:21:55,ERROR,Server,"High memory usage"
10008101,2026-08-28 03:21:57,WARN,Payment,"Connection refused"
10008102,2026-08-28 03:22:00,WARN,Database,"Authentication failed"
10008103,2026-08-28 03:22:02,INFO,Network,"Payment failed"
10008104,2026-08-28 03:22:04,WARN,Authentication,"High memory usage"
10008105,2026-08-28 03:22:04,INFO,Storage,"Database unavailable"
10008106,2026-08-28 03:22:04,DEBUG,Server,"Database unavailable"
10008107,2026-08-28 03:22:07,WARN,Authentication,"Database unavailable"
10008108,2026-08-28 03:22:08,ERROR,API,"Invalid request"
10008109,2026-08-28 03:22:10,WARN,Network,"Payment failed"
10008110,2026-08-28 03:22:11,DEBUG,Storage,"File not found"
10008111,2026-08-28 03:22:14,DEBUG,Payment,"Authentication failed"
10008112,2026-08-28 03:22:17,WARN,Database,"Request completed"
10008113,2026-08-28 03:22:17,DEBUG,Database,"Server overloaded"
10008114,2026-08-28 03:22:18,DEBUG,Payment,"Invalid request"
10008115,2026-08-28 03:22:20,ERROR,Server,"Invalid request"
10008116,2026-08-28 03:22:20,DEBUG,Storage,"Invalid request"
10008117,2026-08-28 03:22:20,WARN,Database,"Authentication failed"
10008118,2026-08-28 03:22:22,ERROR,Storage,"Database unavailable"
10008119,2026-08-28 03:22:22,WARN,Database,"Database unavailable"
10008120,2026-08-28 03:22:25,DEBUG,Network,"Payment failed"
10008121,2026-08-28 03:22:28,INFO,Payment,"High memory usage"
10008122,2026-08-28 03:22:30,ERROR,Network,"Authentication failed"
10008123,2026-08-28 03:22:30,DEBUG,Authentication,"Database unavailable"
10008124,2026-08-28 03:22:30,DEBUG,Network,"High memory usage"
10008125,2026-08-28 03:22:30,INFO,Authentication,"High memory usage"
10008126,2026-08-28 03:22:31,WARN,Server,"Payment failed"
10008127,2026-08-28 03:22:31,INFO,Storage,"File not found"
10008128,2026-08-28 03:22:34,WARN,Payment,"Connection refused"
10008129,2026-08-28 03:22:37,INFO,API,"Database unavailable"
10008130,2026-08-28 03:22:40,DEBUG,API,"Connection timeout"
10008131,2026-08-28 03:22:41,WARN,Payment,"Payment failed"
10008132,2026-08-28 03:22:41,INFO,Server,"Database unavailable"
10008133,2026-08-28 03:22:41,DEBUG,Authentication,"High memory usage"
10008134,2026-08-28 03:22:43,WARN,Database,"Connection refused"
10008135,2026-08-28 03:22:44,WARN,Database,"Request completed"
10008136,2026-08-28 03:22:44,INFO,API,"Request completed"
10008137,2026-08-28 03:22:46,DEBUG,Database,"Server overloaded"
10008138,2026-08-28 03:22:47,WARN,Authentication,"Database unavailable"
10008139,2026-08-28 03:22:47,DEBUG,API,"High memory usage"
10008140,2026-08-28 03:22:50,ERROR,Payment,"File not found"
10008141,2026-08-28 03:22:50,WARN,Storage,"Invalid request"
10008142,2026-08-28 03:22:53,DEBUG,Network,"Database unavailable"
10008143,2026-08-28 03:22:56,DEBUG,Network,"Connection timeout"
10008144,2026-08-28 03:22:58,DEBUG,Network,"Invalid request"
10008145,2026-08-28 03:23:01,WARN,Storage,"File not found"
10008146,2026-08-28 03:23:01,DEBUG,Authentication,"Connection refused"
10008147,2026-08-28 03:23:04,INFO,Payment,"File not found"
10008148,2026-08-28 03:23:04,DEBUG,API,"Request completed"
10008149,2026-08-28 03:23:05,INFO,Database,"Invalid request"
10008150,2026-08-28 03:23:05,WARN,Payment,"File not found"
10008151,2026-08-28 03:23:07,ERROR,Network,"High memory usage"
10008152,2026-08-28 03:23:10,INFO,Storage,"Request completed"
10008153,2026-08-28 03:23:10,INFO,Authentication,"High memory usage"
10008154,2026-08-28 03:23:13,WARN,Authentication,"Payment failed"
10008155,2026-08-28 03:23:13,INFO,Server,"Request completed"
10008156,2026-08-28 03:23:16,WARN,Server,"Connection refused"
10008157,2026-08-28 03:23:18,DEBUG,Server,"Request completed"
10008158,2026-08-28 03:23:21,ERROR,Network,"Payment failed"
10008159,2026-08-28 03:23:24,INFO,Authentication,"Connection timeout"
10008160,2026-08-28 03:23:27,ERROR,Payment,"Invalid request"
10008161,2026-08-28 03:23:30,WARN,Payment,"Database unavailable"
10008162,2026-08-28 03:23:33,WARN,Storage,"Invalid request"
10008163,2026-08-28 03:23:34,INFO,Storage,"File not found"
10008164,2026-08-28 03:23:34,ERROR,Database,"Payment failed"
10008165,2026-08-28 03:23:35,WARN,Database,"Server overloaded"
10008166,2026-08-28 03:23:37,DEBUG,Authentication,"Server overloaded"
10008167,2026-08-28 03:23:39,ERROR,Storage,"Authentication failed"
10008168,2026-08-28 03:23:39,ERROR,Database,"High memory usage"
10008169,2026-08-28 03:23:42,INFO,Server,"Invalid request"
10008170,2026-08-28 03:23:45,INFO,API,"Database unavailable"
10008171,2026-08-28 03:23:47,INFO,API,"Connection refused"
10008172,2026-08-28 03:23:50,INFO,API,"File not found"
10008173,2026-08-28 03:23:50,INFO,Payment,"Connection refused"
10008174,2026-08-28 03:23:52,INFO,API,"High memory usage"
10008175,2026-08-28 03:23:55,INFO,Payment,"Invalid request"
10008176,2026-08-28 03:23:55,ERROR,Database,"Authentication failed"
10008177,2026-08-28 03:23:56,WARN,Authentication,"High memory usage"
10008178,2026-08-28 03:23:59,ERROR,Database,"Server overloaded"
10008179,2026-08-28 03:24:02,WARN,Network,"File not found"
10008180,2026-08-28 03:24:02,INFO,API,"Connection refused"
10008181,2026-08-28 03:24:04,DEBUG,Authentication,"High memory usage"
10008182,2026-08-28 03:24:07,DEBUG,Network,"Connection refused"
10008183,2026-08-28 03:24:09,ERROR,Authentication,"Connection timeout"
10008184,2026-08-28 03:24:12,INFO,Database,"High memory usage"
10008185,2026-08-28 03:24:12,INFO,API,"Request completed"
10008186,2026-08-28 03:24:13,DEBUG,Payment,"Connection timeout"
10008187,2026-08-28 03:24:16,DEBUG,Network,"Request completed"
10008188,2026-08-28 03:24:19,ERROR,Payment,"Connection timeout"
10008189,2026-08-28 03:24:22,INFO,Server,"Authentication failed"
10008190,2026-08-28 03:24:23,WARN,Database,"Connection timeout"
10008191,2026-08-28 03:24:23,WARN,API,"Server overloaded"
10008192,2026-08-28 03:24:25,ERROR,Server,"Invalid request"
10008193,2026-08-28 03:24:25,DEBUG,Authentication,"Database unavailable"
10008194,2026-08-28 03:24:28,DEBUG,Payment,"Connection timeout"
10008195,2026-08-28 03:24:28,ERROR,Authentication,"Connection refused"
10008196,2026-08-28 03:24:30,DEBUG,API,"Connection refused"
10008197,2026-08-28 03:24:32,ERROR,Server,"Authentication failed"
10008198,2026-08-28 03:24:32,INFO,Payment,"Authentication failed"
10008199,2026-08-28 03:24:35,DEBUG,Payment,"Payment failed"
10008200,2026-08-28 03:24:38,ERROR,Network,"File not found"
10008201,2026-08-28 03:24:38,DEBUG,API,"Database unavailable"
10008202,2026-08-28 03:24:41,DEBUG,Network,"Authentication failed"
10008203,2026-08-28 03:24:43,ERROR,API,"File not found"
10008204,2026-08-28 03:24:44,ERROR,Payment,"Connection timeout"
10008205,2026-08-28 03:24:47,ERROR,API,"Request completed"
10008206,2026-08-28 03:24:48,DEBUG,Database,"Database unavailable"
10008207,2026-08-28 03:24:48,WARN,API,"Authentication failed"
10008208,2026-08-28 03:24:49,ERROR,Storage,"Connection timeout"
10008209,2026-08-28 03:24:51,ERROR,API,"Connection timeout"
10008210,2026-08-28 03:24:53,ERROR,Server,"Database unavailable"
10008211,2026-08-28 03:24:53,INFO,Storage,"Request completed"
10008212,2026-08-28 03:24:54,DEBUG,API,"Payment failed"
10008213,2026-08-28 03:24:56,DEBUG,Payment,"Connection refused"
10008214,2026-08-28 03:24:56,DEBUG,Database,"High memory usage"
10008215,2026-08-28 03:24:56,WARN,Network,"Invalid request"
10008216,2026-08-28 03:24:57,DEBUG,API,"File not found"
10008217,2026-08-28 03:24:57,ERROR,Authentication,"Connection refused"
10008218,2026-08-28 03:24:59,WARN,Payment,"Connection timeout"
10008219,2026-08-28 03:24:59,INFO,Storage,"Connection timeout"
10008220,2026-08-28 03:24:59,WARN,Authentication,"Connection refused"
10008221,2026-08-28 03:24:59,INFO,Storage,"High memory usage"
10008222,2026-08-28 03:25:01,ERROR,Database,"Connection timeout"
10008223,2026-08-28 03:25:03,WARN,Storage,"Connection refused"
10008224,2026-08-28 03:25:06,ERROR,Authentication,"Request completed"
10008225,2026-08-28 03:25:07,ERROR,Storage,"Request completed"
10008226,2026-08-28 03:25:10,WARN,API,"Payment failed"
10008227,2026-08-28 03:25:10,DEBUG,API,"High memory usage"
10008228,2026-08-28 03:25:13,DEBUG,Database,"Request completed"
10008229,2026-08-28 03:25:14,WARN,Authentication,"File not found"
10008230,2026-08-28 03:25:16,INFO,Storage,"Request completed"
10008231,2026-08-28 03:25:19,WARN,Payment,"Request completed"
10008232,2026-08-28 03:25:19,INFO,API,"Request completed"
10008233,2026-08-28 03:25:21,INFO,API,"Database unavailable"
10008234,2026-08-28 03:25:21,INFO,Authentication,"Connection refused"
10008235,2026-08-28 03:25:21,ERROR,Storage,"High memory usage"
10008236,2026-08-28 03:25:23,WARN,Server,"Request completed"
10008237,2026-08-28 03:25:26,INFO,Authentication,"Payment failed"
10008238,2026-08-28 03:25:28,INFO,Database,"Authentication failed"
10008239,2026-08-28 03:25:28,INFO,Storage,"Connection timeout"
10008240,2026-08-28 03:25:31,ERROR,Storage,"Server overloaded"
10008241,2026-08-28 03:25:34,DEBUG,API,"File not found"
10008242,2026-08-28 03:25:35,ERROR,Storage,"High memory usage"
10008243,2026-08-28 03:25:38,ERROR,Database,"Invalid request"
10008244,2026-08-28 03:25:39,ERROR,Server,"Invalid request"
10008245,2026-08-28 03:25:40,ERROR,Database,"Server overloaded"
10008246,2026-08-28 03:25:40,INFO,Network,"Request completed"
10008247,2026-08-28 03:25:41,INFO,Authentication,"Request completed"
10008248,2026-08-28 03:25:41,WARN,Storage,"Server overloaded"
10008249,2026-08-28 03:25:44,WARN,Network,"Server overloaded"
10008250,2026-08-28 03:25:44,ERROR,Payment,"Connection refused"
10008251,2026-08-28 03:25:45,WARN,Payment,"Request completed"
10008252,2026-08-28 03:25:46,ERROR,API,"Invalid request"
10008253,2026-08-28 03:25:46,INFO,Payment,"Authentication failed"
10008254,2026-08-28 03:25:48,ERROR,Server,"Server overloaded"
10008255,2026-08-28 03:25:49,INFO,Network,"Server overloaded"
10008256,2026-08-28 03:25:50,DEBUG,Server,"Authentication failed"
10008257,2026-08-28 03:25:53,DEBUG,Payment,"Database unavailable"
10008258,2026-08-28 03:25:56,ERROR,Network,"Payment failed"
10008259,2026-08-28 03:25:58,WARN,Server,"Database unavailable"
10008260,2026-08-28 03:25:59,DEBUG,Database,"Invalid request"
10008261,2026-08-28 03:25:59,DEBUG,Authentication,"Authentication failed"
10008262,2026-08-28 03:25:59,DEBUG,Database,"Connection timeout"
10008263,2026-08-28 03:26:02,ERROR,Network,"High memory usage"
10008264,2026-08-28 03:26:05,WARN,Server,"Database unavailable"
10008265,2026-08-28 03:26:06,WARN,Payment,"Authentication failed"
10008266,2026-08-28 03:26:06,ERROR,Server,"Authentication failed"
10008267,2026-08-28 03:26:07,WARN,API,"High memory usage"
10008268,2026-08-28 03:26:08,WARN,Payment,"Connection refused"
10008269,2026-08-28 03:26:08,DEBUG,Storage,"Server overloaded"
10008270,2026-08-28 03:26:08,WARN,Payment,"Authentication failed"
10008271,2026-08-28 03:26:10,ERROR,Network,"Payment failed"
10008272,2026-08-28 03:26:10,WARN,Storage,"Connection refused"
10008273,2026-08-28 03:26:13,INFO,API,"Payment failed"
10008274,2026-08-28 03:26:13,WARN,Payment,"Server overloaded"
10008275,2026-08-28 03:26:16,DEBUG,Authentication,"Connection timeout"
10008276,2026-08-28 03:26:16,WARN,Database,"Payment failed"
10008277,2026-08-28 03:26:17,INFO,API,"Payment failed"
10008278,2026-08-28 03:26:20,ERROR,API,"Payment failed"
10008279,2026-08-28 03:26:22,DEBUG,API,"Database unavailable"
10008280,2026-08-28 03:26:22,WARN,Network,"Connection timeout"
10008281,2026-08-28 03:26:25,WARN,Storage,"Request completed"
10008282,2026-08-28 03:26:26,WARN,Payment,"Connection refused"
10008283,2026-08-28 03:26:28,ERROR,API,"Database unavailable"
10008284,2026-08-28 03:26:29,ERROR,Payment,"Invalid request"
10008285,2026-08-28 03:26:31,DEBUG,API,"Invalid request"
10008286,2026-08-28 03:26:31,ERROR,Storage,"Connection refused"
10008287,2026-08-28 03:26:33,INFO,Authentication,"Server overloaded"
10008288,2026-08-28 03:26:35,DEBUG,API,"Server overloaded"
10008289,2026-08-28 03:26:36,WARN,Authentication,"Authentication failed"
10008290,2026-08-28 03:26:38,ERROR,API,"High memory usage"
10008291,2026-08-28 03:26:41,DEBUG,Payment,"High memory usage"
10008292,2026-08-28 03:26:41,INFO,Authentication,"Database unavailable"
10008293,2026-08-28 03:26:44,DEBUG,Authentication,"Request completed"
10008294,2026-08-28 03:26:44,DEBUG,Database,"Request completed"
10008295,2026-08-28 03:26:46,DEBUG,API,"Request completed"
10008296,2026-08-28 03:26:49,DEBUG,Network,"Database unavailable"
10008297,2026-08-28 03:26:52,WARN,Database,"Connection refused"
10008298,2026-08-28 03:26:53,DEBUG,Server,"Connection timeout"
10008299,2026-08-28 03:26:54,INFO,Server,"Invalid request"
10008300,2026-08-28 03:26:56,WARN,Payment,"Database unavailable"
10008301,2026-08-28 03:26:59,ERROR,API,"Authentication failed"
10008302,2026-08-28 03:27:02,WARN,Authentication,"Request completed"
10008303,2026-08-28 03:27:03,INFO,Storage,"Authentication failed"
10008304,2026-08-28 03:27:04,INFO,Payment,"Connection timeout"
10008305,2026-08-28 03:27:06,WARN,Payment,"Connection timeout"
10008306,2026-08-28 03:27:09,DEBUG,Server,"File not found"
10008307,2026-08-28 03:27:11,ERROR,API,"File not found"
10008308,2026-08-28 03:27:13,DEBUG,Network,"Authentication failed"
10008309,2026-08-28 03:27:15,INFO,Network,"Invalid request"
10008310,2026-08-28 03:27:18,DEBUG,Authentication,"File not found"
10008311,2026-08-28 03:27:21,ERROR,API,"Database unavailable"
10008312,2026-08-28 03:27:21,ERROR,Network,"Connection refused"
10008313,2026-08-28 03:27:23,WARN,Server,"Database unavailable"
10008314,2026-08-28 03:27:24,WARN,Database,"High memory usage"
10008315,2026-08-28 03:27:24,DEBUG,Database,"Authentication failed"
10008316,2026-08-28 03:27:27,ERROR,Storage,"Connection timeout"
10008317,2026-08-28 03:27:29,DEBUG,API,"Authentication failed"
10008318,2026-08-28 03:27:32,INFO,Server,"Connection timeout"
10008319,2026-08-28 03:27:35,INFO,Storage,"File not found"
10008320,2026-08-28 03:27:36,INFO,Network,"Request completed"
10008321,2026-08-28 03:27:37,INFO,Server,"Server overloaded"
10008322,2026-08-28 03:27:40,ERROR,Payment,"Server overloaded"
10008323,2026-08-28 03:27:43,DEBUG,Database,"Request completed"
10008324,2026-08-28 03:27:45,DEBUG,Network,"Connection refused"
10008325,2026-08-28 03:27:48,ERROR,Payment,"Payment failed"
10008326,2026-08-28 03:27:50,DEBUG,Storage,"High memory usage"
10008327,2026-08-28 03:27:51,ERROR,Server,"Connection timeout"
10008328,2026-08-28 03:27:53,WARN,Payment,"Invalid request"
10008329,2026-08-28 03:27:54,DEBUG,Payment,"Payment failed"
10008330,2026-08-28 03:27:56,WARN,Server,"Invalid request"
10008331,2026-08-28 03:27:56,ERROR,Database,"Invalid request"
10008332,2026-08-28 03:27:58,ERROR,Storage,"Payment failed"
10008333,2026-08-28 03:27:59,DEBUG,Payment,"Database unavailable"
10008334,2026-08-28 03:28:01,ERROR,Payment,"Connection timeout"
10008335,2026-08-28 03:28:01,ERROR,Network,"Database unavailable"
10008336,2026-08-28 03:28:03,WARN,API,"Server overloaded"
10008337,2026-08-28 03:28:05,DEBUG,Storage,"Connection refused"
10008338,2026-08-28 03:28:08,WARN,Server,"Connection timeout"
10008339,2026-08-28 03:28:11,WARN,API,"Request completed"
10008340,2026-08-28 03:28:14,ERROR,API,"Server overloaded"
10008341,2026-08-28 03:28:15,ERROR,Storage,"Connection refused"
10008342,2026-08-28 03:28:17,ERROR,Payment,"Authentication failed"
10008343,2026-08-28 03:28:20,ERROR,Authentication,"File not found"
10008344,2026-08-28 03:28:23,ERROR,Database,"Connection refused"
10008345,2026-08-28 03:28:26,ERROR,API,"Request completed"
10008346,2026-08-28 03:28:27,WARN,Authentication,"Payment failed"
10008347,2026-08-28 03:28:27,INFO,Payment,"Server overloaded"
10008348,2026-08-28 03:28:27,ERROR,Server,"High memory usage"
10008349,2026-08-28 03:28:27,INFO,Database,"File not found"
10008350,2026-08-28 03:28:30,WARN,Storage,"File not found"
10008351,2026-08-28 03:28:30,WARN,API,"Payment failed"
10008352,2026-08-28 03:28:31,DEBUG,Network,"Payment failed"
10008353,2026-08-28 03:28:34,ERROR,API,"Invalid request"
10008354,2026-08-28 03:28:34,ERROR,API,"Server overloaded"
10008355,2026-08-28 03:28:36,DEBUG,Authentication,"File not found"
10008356,2026-08-28 03:28:38,DEBUG,Authentication,"Request completed"
10008357,2026-08-28 03:28:40,ERROR,Payment,"Database unavailable"
10008358,2026-08-28 03:28:43,WARN,Database,"Server overloaded"
10008359,2026-08-28 03:28:45,DEBUG,API,"Request completed"
10008360,2026-08-28 03:28:47,ERROR,API,"File not found"
10008361,2026-08-28 03:28:49,ERROR,Network,"Invalid request"
10008362,2026-08-28 03:28:52,WARN,Server,"Server overloaded"
10008363,2026-08-28 03:28:52,WARN,API,"High memory usage"
10008364,2026-08-28 03:28:53,ERROR,Authentication,"Invalid request"
10008365,2026-08-28 03:28:54,WARN,Server,"Server overloaded"
10008366,2026-08-28 03:28:57,DEBUG,Server,"Payment failed"
10008367,2026-08-28 03:28:59,DEBUG,Network,"Connection refused"
10008368,2026-08-28 03:28:59,INFO,Storage,"File not found"
10008369,2026-08-28 03:29:00,WARN,Network,"Invalid request"
10008370,2026-08-28 03:29:02,DEBUG,API,"Database unavailable"
10008371,2026-08-28 03:29:05,ERROR,Network,"Connection refused"
10008372,2026-08-28 03:29:08,WARN,API,"Connection timeout"
10008373,2026-08-28 03:29:11,INFO,API,"File not found"
10008374,2026-08-28 03:29:14,WARN,API,"Connection refused"
10008375,2026-08-28 03:29:14,INFO,Storage,"Connection timeout"
10008376,2026-08-28 03:29:16,WARN,Storage,"High memory usage"
10008377,2026-08-28 03:29:17,ERROR,Storage,"Payment failed"
10008378,2026-08-28 03:29:18,DEBUG,API,"Connection refused"
10008379,2026-08-28 03:29:19,DEBUG,Authentication,"High memory usage"
10008380,2026-08-28 03:29:20,ERROR,Network,"Invalid request"
10008381,2026-08-28 03:29:20,ERROR,Database,"Connection timeout"
10008382,2026-08-28 03:29:23,INFO,Storage,"Authentication failed"
10008383,2026-08-28 03:29:26,DEBUG,API,"Server overloaded"
10008384,2026-08-28 03:29:29,DEBUG,Database,"Payment failed"
10008385,2026-08-28 03:29:32,DEBUG,Payment,"Authentication failed"
10008386,2026-08-28 03:29:33,ERROR,Network,"Authentication failed"
10008387,2026-08-28 03:29:33,INFO,API,"Connection timeout"
10008388,2026-08-28 03:29:34,WARN,Payment,"Server overloaded"
10008389,2026-08-28 03:29:36,DEBUG,API,"Connection refused"
10008390,2026-08-28 03:29:36,INFO,Authentication,"Server overloaded"
10008391,2026-08-28 03:29:37,INFO,Server,"Connection refused"
10008392,2026-08-28 03:29:40,DEBUG,Server,"High memory usage"
10008393,2026-08-28 03:29:42,WARN,Database,"File not found"
10008394,2026-08-28 03:29:45,ERROR,API,"Server overloaded"
10008395,2026-08-28 03:29:47,DEBUG,Network,"File not found"
10008396,2026-08-28 03:29:50,DEBUG,API,"Server overloaded"
10008397,2026-08-28 03:29:52,INFO,Server,"Request completed"
10008398,2026-08-28 03:29:55,ERROR,Server,"Request completed"
10008399,2026-08-28 03:29:58,ERROR,Authentication,"Server overloaded"
10008400,2026-08-28 03:29:58,ERROR,Database,"Database unavailable"
10008401,2026-08-28 03:30:01,INFO,Network,"Payment failed"
10008402,2026-08-28 03:30:03,WARN,Server,"File not found"
10008403,2026-08-28 03:30:06,DEBUG,Storage,"Authentication failed"
10008404,2026-08-28 03:30:07,ERROR,Network,"Invalid request"
10008405,2026-08-28 03:30:07,WARN,Server,"Payment failed"
10008406,2026-08-28 03:30:07,INFO,Authentication,"Connection timeout"
10008407,2026-08-28 03:30:08,INFO,Database,"Authentication failed"
10008408,2026-08-28 03:30:08,ERROR,Authentication,"High memory usage"
10008409,2026-08-28 03:30:10,DEBUG,Server,"Database unavailable"
10008410,2026-08-28 03:30:10,WARN,Authentication,"Authentication failed"
10008411,2026-08-28 03:30:11,ERROR,Database,"Request completed"
10008412,2026-08-28 03:30:11,ERROR,Payment,"Payment failed"
10008413,2026-08-28 03:30:11,WARN,Authentication,"Payment failed"
10008414,2026-08-28 03:30:12,WARN,Network,"File not found"
10008415,2026-08-28 03:30:14,DEBUG,Authentication,"Database unavailable"
10008416,2026-08-28 03:30:14,INFO,Database,"High memory usage"
10008417,2026-08-28 03:30:15,WARN,Authentication,"Connection timeout"
10008418,2026-08-28 03:30:15,WARN,Network,"Connection timeout"
10008419,2026-08-28 03:30:15,INFO,Storage,"Request completed"
10008420,2026-08-28 03:30:18,ERROR,API,"Invalid request"
10008421,2026-08-28 03:30:18,WARN,Database,"Database unavailable"
10008422,2026-08-28 03:30:20,INFO,Database,"Connection timeout"
10008423,2026-08-28 03:30:20,ERROR,Server,"Request completed"
10008424,2026-08-28 03:30:23,WARN,Network,"Connection refused"
10008425,2026-08-28 03:30:23,ERROR,Database,"Connection refused"
10008426,2026-08-28 03:30:26,DEBUG,API,"Connection timeout"
10008427,2026-08-28 03:30:28,ERROR,Server,"File not found"
10008428,2026-08-28 03:30:28,ERROR,Payment,"Authentication failed"
10008429,2026-08-28 03:30:31,DEBUG,Storage,"Request completed"
10008430,2026-08-28 03:30:33,ERROR,Authentication,"Authentication failed"
10008431,2026-08-28 03:30:34,DEBUG,API,"Invalid request"
10008432,2026-08-28 03:30:35,ERROR,Authentication,"High memory usage"
10008433,2026-08-28 03:30:38,INFO,Payment,"Authentication failed"
10008434,2026-08-28 03:30:40,DEBUG,Network,"Authentication failed"
10008435,2026-08-28 03:30:41,ERROR,Authentication,"Authentication failed"
10008436,2026-08-28 03:30:44,WARN,Payment,"Request completed"
10008437,2026-08-28 03:30:46,ERROR,Authentication,"Payment failed"
10008438,2026-08-28 03:30:47,ERROR,Database,"Connection refused"
10008439,2026-08-28 03:30:47,WARN,Payment,"Connection refused"
10008440,2026-08-28 03:30:47,ERROR,Authentication,"Connection timeout"
10008441,2026-08-28 03:30:49,DEBUG,Storage,"Authentication failed"
10008442,2026-08-28 03:30:49,ERROR,API,"Database unavailable"
10008443,2026-08-28 03:30:50,DEBUG,Payment,"Payment failed"
10008444,2026-08-28 03:30:50,ERROR,API,"Server overloaded"
10008445,2026-08-28 03:30:50,INFO,Storage,"Authentication failed"
10008446,2026-08-28 03:30:52,WARN,Server,"Authentication failed"
10008447,2026-08-28 03:30:53,DEBUG,Payment,"File not found"
10008448,2026-08-28 03:30:53,ERROR,Authentication,"File not found"
10008449,2026-08-28 03:30:56,ERROR,Server,"File not found"
10008450,2026-08-28 03:30:56,DEBUG,Storage,"High memory usage"
10008451,2026-08-28 03:30:59,DEBUG,Storage,"Payment failed"
10008452,2026-08-28 03:31:00,DEBUG,Authentication,"Server overloaded"
10008453,2026-08-28 03:31:02,WARN,Storage,"File not found"
10008454,2026-08-28 03:31:04,INFO,Database,"High memory usage"
10008455,2026-08-28 03:31:04,ERROR,Storage,"Authentication failed"
10008456,2026-08-28 03:31:04,INFO,Storage,"High memory usage"
10008457,2026-08-28 03:31:07,WARN,Network,"Connection refused"
10008458,2026-08-28 03:31:10,WARN,Authentication,"Authentication failed"
10008459,2026-08-28 03:31:10,ERROR,Payment,"Database unavailable"
10008460,2026-08-28 03:31:10,INFO,Network,"Request completed"
10008461,2026-08-28 03:31:11,INFO,Network,"File not found"
10008462,2026-08-28 03:31:12,DEBUG,Storage,"Database unavailable"
10008463,2026-08-28 03:31:13,DEBUG,Server,"Connection timeout"
10008464,2026-08-28 03:31:16,DEBUG,Authentication,"Connection timeout"
10008465,2026-08-28 03:31:17,WARN,Storage,"Authentication failed"
10008466,2026-08-28 03:31:18,DEBUG,Network,"Connection timeout"
10008467,2026-08-28 03:31:18,WARN,Payment,"Server overloaded"
10008468,2026-08-28 03:31:21,INFO,Payment,"Invalid request"
10008469,2026-08-28 03:31:22,DEBUG,Authentication,"Connection refused"
10008470,2026-08-28 03:31:24,INFO,Network,"Invalid request"
10008471,2026-08-28 03:31:24,WARN,Network,"Connection timeout"
10008472,2026-08-28 03:31:27,ERROR,Storage,"Connection timeout"
10008473,2026-08-28 03:31:30,WARN,Authentication,"Payment failed"
10008474,2026-08-28 03:31:31,WARN,Server,"Connection refused"
10008475,2026-08-28 03:31:32,ERROR,Storage,"Payment failed"
10008476,2026-08-28 03:31:34,ERROR,Network,"High memory usage"
10008477,2026-08-28 03:31:37,INFO,Storage,"Connection timeout"
10008478,2026-08-28 03:31:40,INFO,Authentication,"Payment failed"
10008479,2026-08-28 03:31:42,ERROR,API,"Authentication failed"
10008480,2026-08-28 03:31:44,DEBUG,Server,"High memory usage"
10008481,2026-08-28 03:31:45,INFO,Server,"Invalid request"
10008482,2026-08-28 03:31:47,ERROR,Server,"Invalid request"
10008483,2026-08-28 03:31:48,INFO,Storage,"Connection refused"
10008484,2026-08-28 03:31:48,ERROR,API,"Database unavailable"
10008485,2026-08-28 03:31:48,ERROR,Payment,"Connection refused"
10008486,2026-08-28 03:31:49,DEBUG,Storage,"Server overloaded"
10008487,2026-08-28 03:31:50,DEBUG,Database,"High memory usage"
10008488,2026-08-28 03:31:52,DEBUG,Storage,"Server overloaded"
10008489,2026-08-28 03:31:54,INFO,Storage,"Connection refused"
10008490,2026-08-28 03:31:56,WARN,Authentication,"Database unavailable"
10008491,2026-08-28 03:31:58,INFO,Authentication,"Authentication failed"
10008492,2026-08-28 03:32:01,INFO,API,"Server overloaded"
10008493,2026-08-28 03:32:02,INFO,API,"Database unavailable"
10008494,2026-08-28 03:32:02,WARN,Server,"Payment failed"
10008495,2026-08-28 03:32:02,WARN,Authentication,"Server overloaded"
10008496,2026-08-28 03:32:02,WARN,Server,"Payment failed"
10008497,2026-08-28 03:32:05,DEBUG,Network,"Payment failed"
10008498,2026-08-28 03:32:07,INFO,Network,"Database unavailable"
10008499,2026-08-28 03:32:08,WARN,Authentication,"Invalid request"
10008500,2026-08-28 03:32:11,ERROR,Payment,"Authentication failed"
10008501,2026-08-28 03:32:12,DEBUG,API,"Connection timeout"
10008502,2026-08-28 03:32:13,WARN,Authentication,"Connection timeout"
10008503,2026-08-28 03:32:13,DEBUG,Server,"Connection refused"
10008504,2026-08-28 03:32:16,DEBUG,Network,"High memory usage"
10008505,2026-08-28 03:32:17,DEBUG,Network,"File not found"
10008506,2026-08-28 03:32:20,INFO,Server,"Connection refused"
10008507,2026-08-28 03:32:20,ERROR,Database,"Database unavailable"
10008508,2026-08-28 03:32:21,WARN,Storage,"Payment failed"
10008509,2026-08-28 03:32:21,DEBUG,Payment,"Authentication failed"
10008510,2026-08-28 03:32:24,INFO,Storage,"Database unavailable"
10008511,2026-08-28 03:32:27,INFO,Authentication,"Authentication failed"
10008512,2026-08-28 03:32:28,ERROR,API,"Connection timeout"
10008513,2026-08-28 03:32:28,WARN,Network,"Connection timeout"
10008514,2026-08-28 03:32:29,ERROR,Network,"Payment failed"
10008515,2026-08-28 03:32:32,INFO,Storage,"Payment failed"
10008516,2026-08-28 03:32:32,DEBUG,API,"Server overloaded"
10008517,2026-08-28 03:32:34,WARN,Authentication,"High memory usage"
10008518,2026-08-28 03:32:36,DEBUG,Network,"Connection timeout"
10008519,2026-08-28 03:32:37,INFO,Authentication,"Connection refused"
10008520,2026-08-28 03:32:38,INFO,Database,"Database unavailable"
10008521,2026-08-28 03:32:38,DEBUG,Network,"Connection timeout"
10008522,2026-08-28 03:32:38,INFO,Payment,"High memory usage"
10008523,2026-08-28 03:32:39,DEBUG,Payment,"Authentication failed"
10008524,2026-08-28 03:32:40,ERROR,Server,"Payment failed"
10008525,2026-08-28 03:32:43,WARN,Payment,"Payment failed"
10008526,2026-08-28 03:32:46,INFO,Payment,"Payment failed"
10008527,2026-08-28 03:32:47,ERROR,Payment,"Connection refused"
10008528,2026-08-28 03:32:49,WARN,Server,"High memory usage"
10008529,2026-08-28 03:32:52,INFO,Payment,"File not found"
10008530,2026-08-28 03:32:53,DEBUG,Database,"Request completed"
10008531,2026-08-28 03:32:54,INFO,API,"File not found"
10008532,2026-08-28 03:32:57,WARN,Database,"File not found"
10008533,2026-08-28 03:32:57,DEBUG,Authentication,"Invalid request"
10008534,2026-08-28 03:32:58,DEBUG,Storage,"High memory usage"
10008535,2026-08-28 03:33:00,INFO,Storage,"Connection refused"
10008536,2026-08-28 03:33:02,DEBUG,API,"Request completed"
10008537,2026-08-28 03:33:02,INFO,API,"Connection timeout"
10008538,2026-08-28 03:33:03,DEBUG,Server,"File not found"
10008539,2026-08-28 03:33:03,INFO,Payment,"Connection timeout"
10008540,2026-08-28 03:33:06,INFO,Authentication,"Connection refused"
10008541,2026-08-28 03:33:06,DEBUG,Network,"High memory usage"
10008542,2026-08-28 03:33:08,ERROR,Payment,"Request completed"
10008543,2026-08-28 03:33:10,DEBUG,Storage,"Database unavailable"
10008544,2026-08-28 03:33:12,ERROR,Storage,"Server overloaded"
10008545,2026-08-28 03:33:15,ERROR,Network,"Invalid request"
10008546,2026-08-28 03:33:16,INFO,Payment,"Payment failed"
10008547,2026-08-28 03:33:16,WARN,Authentication,"High memory usage"
10008548,2026-08-28 03:33:17,DEBUG,Storage,"Authentication failed"
10008549,2026-08-28 03:33:19,INFO,Storage,"Authentication failed"
10008550,2026-08-28 03:33:22,WARN,Network,"Authentication failed"
10008551,2026-08-28 03:33:25,ERROR,Payment,"Payment failed"
10008552,2026-08-28 03:33:25,DEBUG,Storage,"Invalid request"
10008553,2026-08-28 03:33:25,WARN,Network,"Payment failed"
10008554,2026-08-28 03:33:25,ERROR,Database,"Payment failed"
10008555,2026-08-28 03:33:26,DEBUG,Payment,"Connection timeout"
10008556,2026-08-28 03:33:28,DEBUG,Network,"High memory usage"
10008557,2026-08-28 03:33:29,ERROR,Payment,"Invalid request"
10008558,2026-08-28 03:33:32,DEBUG,Storage,"Database unavailable"
10008559,2026-08-28 03:33:32,WARN,Storage,"Server overloaded"
10008560,2026-08-28 03:33:33,DEBUG,Payment,"Database unavailable"
10008561,2026-08-28 03:33:36,ERROR,Database,"Connection refused"
10008562,2026-08-28 03:33:37,DEBUG,Storage,"Server overloaded"
10008563,2026-08-28 03:33:38,ERROR,Authentication,"Connection timeout"
10008564,2026-08-28 03:33:40,INFO,Server,"Connection refused"
10008565,2026-08-28 03:33:42,INFO,Payment,"Connection timeout"
10008566,2026-08-28 03:33:42,WARN,Authentication,"Invalid request"
10008567,2026-08-28 03:33:45,ERROR,API,"Request completed"
10008568,2026-08-28 03:33:47,INFO,Database,"High memory usage"
10008569,2026-08-28 03:33:50,INFO,Payment,"Connection refused"
10008570,2026-08-28 03:33:52,DEBUG,Server,"Payment failed"
10008571,2026-08-28 03:33:52,INFO,Storage,"File not found"
10008572,2026-08-28 03:33:55,DEBUG,API,"Connection timeout"
10008573,2026-08-28 03:33:55,INFO,API,"Server overloaded"
10008574,2026-08-28 03:33:57,DEBUG,Network,"Database unavailable"
10008575,2026-08-28 03:33:58,DEBUG,Database,"Connection timeout"
10008576,2026-08-28 03:33:58,DEBUG,Database,"High memory usage"
10008577,2026-08-28 03:34:00,DEBUG,Storage,"Authentication failed"
10008578,2026-08-28 03:34:01,WARN,API,"Authentication failed"
10008579,2026-08-28 03:34:01,WARN,Server,"Server overloaded"
10008580,2026-08-28 03:34:01,INFO,Authentication,"Authentication failed"
10008581,2026-08-28 03:34:04,ERROR,API,"Connection refused"
10008582,2026-08-28 03:34:04,DEBUG,Payment,"High memory usage"
10008583,2026-08-28 03:34:05,INFO,API,"Payment failed"
10008584,2026-08-28 03:34:05,DEBUG,Storage,"Connection refused"
10008585,2026-08-28 03:34:06,DEBUG,API,"Database unavailable"
10008586,2026-08-28 03:34:06,ERROR,Payment,"Authentication failed"
10008587,2026-08-28 03:34:06,INFO,API,"Invalid request"
10008588,2026-08-28 03:34:09,INFO,Authentication,"Database unavailable"
10008589,2026-08-28 03:34:11,ERROR,Database,"Authentication failed"
10008590,2026-08-28 03:34:13,WARN,Server,"High memory usage"
10008591,2026-08-28 03:34:15,ERROR,Storage,"Payment failed"
10008592,2026-08-28 03:34:15,WARN,Database,"High memory usage"
10008593,2026-08-28 03:34:18,WARN,Network,"Authentication failed"
10008594,2026-08-28 03:34:20,WARN,API,"Connection timeout"
10008595,2026-08-28 03:34:21,INFO,Network,"Authentication failed"
10008596,2026-08-28 03:34:23,ERROR,Payment,"High memory usage"
10008597,2026-08-28 03:34:24,DEBUG,Storage,"Payment failed"
10008598,2026-08-28 03:34:26,DEBUG,API,"Payment failed"
10008599,2026-08-28 03:34:29,ERROR,API,"Database unavailable"
10008600,2026-08-28 03:34:30,DEBUG,Server,"Connection timeout"
10008601,2026-08-28 03:34:33,INFO,Authentication,"Authentication failed"
10008602,2026-08-28 03:34:36,INFO,Network,"High memory usage"
10008603,2026-08-28 03:34:39,INFO,Server,"Server overloaded"
10008604,2026-08-28 03:34:41,WARN,API,"Payment failed"
10008605,2026-08-28 03:34:43,ERROR,API,"Request completed"
10008606,2026-08-28 03:34:44,INFO,Server,"Database unavailable"
10008607,2026-08-28 03:34:44,DEBUG,Server,"Request completed"
10008608,2026-08-28 03:34:44,DEBUG,Network,"Connection timeout"
10008609,2026-08-28 03:34:46,WARN,Authentication,"Request completed"
10008610,2026-08-28 03:34:48,DEBUG,Database,"Connection timeout"
10008611,2026-08-28 03:34:48,ERROR,API,"Request completed"
10008612,2026-08-28 03:34:49,INFO,Authentication,"Payment failed"
10008613,2026-08-28 03:34:51,ERROR,Network,"File not found"
10008614,2026-08-28 03:34:54,INFO,API,"File not found"
10008615,2026-08-28 03:34:57,ERROR,Payment,"Payment failed"
10008616,2026-08-28 03:35:00,DEBUG,Payment,"High memory usage"
10008617,2026-08-28 03:35:00,WARN,API,"Invalid request"
10008618,2026-08-28 03:35:03,INFO,Database,"Connection refused"
10008619,2026-08-28 03:35:06,DEBUG,Server,"Request completed"
10008620,2026-08-28 03:35:08,ERROR,Network,"Connection refused"
10008621,2026-08-28 03:35:10,INFO,Payment,"Connection refused"
10008622,2026-08-28 03:35:12,DEBUG,Storage,"Authentication failed"
10008623,2026-08-28 03:35:12,WARN,API,"Invalid request"
10008624,2026-08-28 03:35:15,INFO,Server,"Invalid request"
10008625,2026-08-28 03:35:18,WARN,Storage,"Request completed"
10008626,2026-08-28 03:35:18,WARN,Server,"Invalid request"
10008627,2026-08-28 03:35:19,ERROR,Authentication,"Database unavailable"
10008628,2026-08-28 03:35:21,INFO,Server,"Payment failed"
10008629,2026-08-28 03:35:24,INFO,Network,"High memory usage"
10008630,2026-08-28 03:35:25,DEBUG,Network,"Database unavailable"
10008631,2026-08-28 03:35:28,DEBUG,Server,"Connection refused"
10008632,2026-08-28 03:35:29,ERROR,Storage,"File not found"
10008633,2026-08-28 03:35:29,DEBUG,Authentication,"Database unavailable"
10008634,2026-08-28 03:35:31,INFO,Server,"File not found"
10008635,2026-08-28 03:35:31,DEBUG,API,"Server overloaded"
10008636,2026-08-28 03:35:31,ERROR,Authentication,"Invalid request"
10008637,2026-08-28 03:35:31,INFO,Payment,"High memory usage"
10008638,2026-08-28 03:35:34,DEBUG,Server,"Connection refused"
10008639,2026-08-28 03:35:36,ERROR,API,"Authentication failed"
10008640,2026-08-28 03:35:36,WARN,Payment,"Invalid request"
10008641,2026-08-28 03:35:36,INFO,Server,"High memory usage"
10008642,2026-08-28 03:35:38,INFO,Payment,"File not found"
10008643,2026-08-28 03:35:41,INFO,Network,"File not found"
10008644,2026-08-28 03:35:42,ERROR,API,"Connection refused"
10008645,2026-08-28 03:35:45,INFO,Server,"Connection timeout"
10008646,2026-08-28 03:35:47,ERROR,Database,"File not found"
10008647,2026-08-28 03:35:49,WARN,Authentication,"Connection timeout"
10008648,2026-08-28 03:35:49,ERROR,Payment,"Invalid request"
10008649,2026-08-28 03:35:52,INFO,Server,"Server overloaded"
10008650,2026-08-28 03:35:54,INFO,Network,"Connection timeout"
10008651,2026-08-28 03:35:54,INFO,Payment,"File not found"
10008652,2026-08-28 03:35:57,DEBUG,Payment,"Request completed"
10008653,2026-08-28 03:35:59,ERROR,Network,"Server overloaded"
10008654,2026-08-28 03:36:00,INFO,Network,"Database unavailable"
10008655,2026-08-28 03:36:03,WARN,Authentication,"Connection timeout"
10008656,2026-08-28 03:36:04,DEBUG,Payment,"Connection timeout"
10008657,2026-08-28 03:36:07,INFO,Server,"File not found"
10008658,2026-08-28 03:36:07,ERROR,Network,"Server overloaded"
10008659,2026-08-28 03:36:08,WARN,API,"Server overloaded"
10008660,2026-08-28 03:36:11,DEBUG,Payment,"Server overloaded"
10008661,2026-08-28 03:36:14,DEBUG,API,"High memory usage"
10008662,2026-08-28 03:36:17,DEBUG,API,"File not found"
10008663,2026-08-28 03:36:18,ERROR,Network,"Invalid request"
10008664,2026-08-28 03:36:21,WARN,Server,"Payment failed"
10008665,2026-08-28 03:36:23,ERROR,Server,"Payment failed"
10008666,2026-08-28 03:36:23,ERROR,Database,"Authentication failed"
10008667,2026-08-28 03:36:26,ERROR,Storage,"High memory usage"
10008668,2026-08-28 03:36:27,WARN,Database,"Payment failed"
10008669,2026-08-28 03:36:29,WARN,Network,"Connection refused"
10008670,2026-08-28 03:36:29,DEBUG,Database,"Request completed"
10008671,2026-08-28 03:36:32,INFO,Database,"Connection refused"
10008672,2026-08-28 03:36:33,DEBUG,Payment,"Payment failed"
10008673,2026-08-28 03:36:35,INFO,API,"High memory usage"
10008674,2026-08-28 03:36:36,INFO,API,"Connection timeout"
10008675,2026-08-28 03:36:38,INFO,Authentication,"Database unavailable"
10008676,2026-08-28 03:36:38,DEBUG,Server,"Connection timeout"
10008677,2026-08-28 03:36:39,WARN,Storage,"High memory usage"
10008678,2026-08-28 03:36:41,INFO,Database,"Connection timeout"
10008679,2026-08-28 03:36:44,WARN,Network,"Connection refused"
10008680,2026-08-28 03:36:46,INFO,Payment,"File not found"
10008681,2026-08-28 03:36:47,ERROR,Authentication,"Connection refused"
10008682,2026-08-28 03:36:50,ERROR,Server,"Authentication failed"
10008683,2026-08-28 03:36:50,ERROR,Storage,"File not found"
10008684,2026-08-28 03:36:52,WARN,Storage,"Request completed"
10008685,2026-08-28 03:36:52,ERROR,API,"Authentication failed"
10008686,2026-08-28 03:36:54,WARN,Server,"High memory usage"
10008687,2026-08-28 03:36:54,ERROR,API,"Database unavailable"
10008688,2026-08-28 03:36:54,INFO,Authentication,"High memory usage"
10008689,2026-08-28 03:36:57,INFO,API,"Database unavailable"
10008690,2026-08-28 03:36:59,ERROR,Network,"Connection timeout"
10008691,2026-08-28 03:37:00,ERROR,Payment,"Server overloaded"
10008692,2026-08-28 03:37:03,ERROR,Database,"Database unavailable"
10008693,2026-08-28 03:37:03,ERROR,API,"Connection timeout"
10008694,2026-08-28 03:37:03,ERROR,Payment,"Connection timeout"
10008695,2026-08-28 03:37:06,INFO,Network,"Connection refused"
10008696,2026-08-28 03:37:09,DEBUG,Storage,"Authentication failed"
10008697,2026-08-28 03:37:12,DEBUG,Server,"Authentication failed"
10008698,2026-08-28 03:37:14,ERROR,Authentication,"File not found"
10008699,2026-08-28 03:37:15,ERROR,Storage,"File not found"
10008700,2026-08-28 03:37:15,ERROR,Database,"Authentication failed"
10008701,2026-08-28 03:37:15,ERROR,Payment,"Database unavailable"
10008702,2026-08-28 03:37:17,DEBUG,Payment,"High memory usage"
10008703,2026-08-28 03:37:17,INFO,API,"File not found"
10008704,2026-08-28 03:37:18,INFO,Database,"Authentication failed"
10008705,2026-08-28 03:37:20,ERROR,Payment,"Connection refused"
10008706,2026-08-28 03:37:21,DEBUG,Payment,"Connection refused"
10008707,2026-08-28 03:37:23,WARN,Server,"Connection timeout"
10008708,2026-08-28 03:37:25,DEBUG,API,"High memory usage"
10008709,2026-08-28 03:37:28,WARN,API,"Authentication failed"
10008710,2026-08-28 03:37:31,INFO,Database,"Invalid request"
10008711,2026-08-28 03:37:33,DEBUG,Authentication,"Invalid request"
10008712,2026-08-28 03:37:36,INFO,Authentication,"Request completed"
10008713,2026-08-28 03:37:36,DEBUG,Network,"High memory usage"
10008714,2026-08-28 03:37:39,ERROR,Storage,"Connection refused"
10008715,2026-08-28 03:37:40,DEBUG,Authentication,"Request completed"
10008716,2026-08-28 03:37:42,ERROR,Storage,"Server overloaded"
10008717,2026-08-28 03:37:42,ERROR,API,"Connection refused"
10008718,2026-08-28 03:37:43,INFO,Database,"Authentication failed"
10008719,2026-08-28 03:37:43,WARN,Database,"File not found"
10008720,2026-08-28 03:37:43,WARN,Server,"Connection refused"
10008721,2026-08-28 03:37:44,WARN,Server,"Connection refused"
10008722,2026-08-28 03:37:44,DEBUG,Network,"Connection timeout"
10008723,2026-08-28 03:37:45,INFO,Authentication,"Invalid request"
10008724,2026-08-28 03:37:48,DEBUG,Authentication,"File not found"
10008725,2026-08-28 03:37:51,DEBUG,Storage,"Authentication failed"
10008726,2026-08-28 03:37:53,INFO,Payment,"Request completed"
10008727,2026-08-28 03:37:56,DEBUG,Payment,"Server overloaded"
10008728,2026-08-28 03:37:59,WARN,Payment,"Database unavailable"
10008729,2026-08-28 03:38:01,DEBUG,Network,"Invalid request"
10008730,2026-08-28 03:38:03,INFO,Database,"Connection timeout"
10008731,2026-08-28 03:38:04,DEBUG,Storage,"Connection timeout"
10008732,2026-08-28 03:38:04,DEBUG,Payment,"Connection refused"
10008733,2026-08-28 03:38:07,WARN,Storage,"Server overloaded"
10008734,2026-08-28 03:38:08,WARN,Authentication,"Server overloaded"
10008735,2026-08-28 03:38:09,INFO,Server,"File not found"
10008736,2026-08-28 03:38:12,INFO,Database,"Connection refused"
10008737,2026-08-28 03:38:15,DEBUG,Server,"Server overloaded"
10008738,2026-08-28 03:38:16,DEBUG,Network,"File not found"
10008739,2026-08-28 03:38:17,INFO,API,"Database unavailable"
10008740,2026-08-28 03:38:20,INFO,Server,"Authentication failed"
10008741,2026-08-28 03:38:22,WARN,Network,"Payment failed"
10008742,2026-08-28 03:38:24,WARN,API,"Authentication failed"
10008743,2026-08-28 03:38:24,DEBUG,Payment,"Payment failed"
10008744,2026-08-28 03:38:25,DEBUG,Storage,"Connection refused"
10008745,2026-08-28 03:38:26,WARN,Database,"High memory usage"
10008746,2026-08-28 03:38:26,WARN,Storage,"File not found"
10008747,2026-08-28 03:38:27,WARN,Storage,"Request completed"
10008748,2026-08-28 03:38:27,WARN,Database,"Request completed"
10008749,2026-08-28 03:38:27,INFO,Storage,"Server overloaded"
10008750,2026-08-28 03:38:27,DEBUG,Network,"High memory usage"
10008751,2026-08-28 03:38:30,INFO,Payment,"Authentication failed"
10008752,2026-08-28 03:38:32,ERROR,Storage,"High memory usage"
10008753,2026-08-28 03:38:32,WARN,Database,"Request completed"
10008754,2026-08-28 03:38:32,WARN,API,"Connection refused"
10008755,2026-08-28 03:38:33,DEBUG,Server,"Payment failed"
10008756,2026-08-28 03:38:34,INFO,Authentication,"File not found"
10008757,2026-08-28 03:38:35,DEBUG,Database,"Database unavailable"
10008758,2026-08-28 03:38:36,WARN,Network,"Server overloaded"
10008759,2026-08-28 03:38:38,DEBUG,API,"Request completed"
10008760,2026-08-28 03:38:41,INFO,Server,"Invalid request"
10008761,2026-08-28 03:38:44,ERROR,Storage,"Request completed"
10008762,2026-08-28 03:38:45,ERROR,Payment,"Connection timeout"
10008763,2026-08-28 03:38:48,ERROR,Database,"Database unavailable"
10008764,2026-08-28 03:38:48,DEBUG,Payment,"Database unavailable"
10008765,2026-08-28 03:38:50,INFO,Storage,"Invalid request"
10008766,2026-08-28 03:38:53,INFO,Database,"Connection refused"
10008767,2026-08-28 03:38:55,WARN,Authentication,"High memory usage"
10008768,2026-08-28 03:38:56,ERROR,Storage,"Database unavailable"
10008769,2026-08-28 03:38:57,WARN,Database,"Payment failed"
10008770,2026-08-28 03:38:58,ERROR,Payment,"Request completed"
10008771,2026-08-28 03:38:58,INFO,Network,"Invalid request"
10008772,2026-08-28 03:38:58,ERROR,Database,"Database unavailable"
10008773,2026-08-28 03:38:58,INFO,Payment,"Database unavailable"
10008774,2026-08-28 03:39:01,WARN,Network,"Connection timeout"
10008775,2026-08-28 03:39:04,WARN,Database,"Request completed"
10008776,2026-08-28 03:39:04,WARN,API,"Authentication failed"
10008777,2026-08-28 03:39:05,ERROR,Storage,"File not found"
10008778,2026-08-28 03:39:08,DEBUG,API,"Server overloaded"
10008779,2026-08-28 03:39:08,DEBUG,API,"High memory usage"
10008780,2026-08-28 03:39:09,INFO,Server,"Invalid request"
10008781,2026-08-28 03:39:10,ERROR,Server,"Database unavailable"
10008782,2026-08-28 03:39:12,INFO,API,"Connection timeout"
10008783,2026-08-28 03:39:12,INFO,Server,"Connection refused"
10008784,2026-08-28 03:39:13,DEBUG,Server,"File not found"
10008785,2026-08-28 03:39:14,DEBUG,Authentication,"Invalid request"
10008786,2026-08-28 03:39:16,DEBUG,Authentication,"Authentication failed"
10008787,2026-08-28 03:39:19,INFO,Payment,"Payment failed"
10008788,2026-08-28 03:39:21,WARN,Storage,"Database unavailable"
10008789,2026-08-28 03:39:22,INFO,Authentication,"Request completed"
10008790,2026-08-28 03:39:23,DEBUG,Server,"Payment failed"
10008791,2026-08-28 03:39:25,ERROR,Server,"Authentication failed"
10008792,2026-08-28 03:39:25,DEBUG,Authentication,"Payment failed"
10008793,2026-08-28 03:39:26,ERROR,Payment,"File not found"
10008794,2026-08-28 03:39:29,ERROR,API,"Database unavailable"
10008795,2026-08-28 03:39:29,WARN,Authentication,"Connection refused"
10008796,2026-08-28 03:39:32,INFO,Authentication,"Invalid request"
10008797,2026-08-28 03:39:34,INFO,Database,"Connection timeout"
10008798,2026-08-28 03:39:36,INFO,Server,"Database unavailable"
10008799,2026-08-28 03:39:36,INFO,Network,"Connection refused"
10008800,2026-08-28 03:39:37,INFO,Network,"Payment failed"
10008801,2026-08-28 03:39:38,INFO,Storage,"Authentication failed"
10008802,2026-08-28 03:39:41,WARN,Storage,"High memory usage"
10008803,2026-08-28 03:39:44,ERROR,Server,"Request completed"
10008804,2026-08-28 03:39:44,ERROR,Server,"Connection refused"
10008805,2026-08-28 03:39:44,DEBUG,Storage,"Invalid request"
10008806,2026-08-28 03:39:44,WARN,Server,"Request completed"
10008807,2026-08-28 03:39:46,INFO,Database,"Connection timeout"
10008808,2026-08-28 03:39:47,DEBUG,Network,"Connection timeout"
10008809,2026-08-28 03:39:48,INFO,Network,"High memory usage"
10008810,2026-08-28 03:39:51,DEBUG,API,"Server overloaded"
10008811,2026-08-28 03:39:51,DEBUG,API,"Payment failed"
10008812,2026-08-28 03:39:53,WARN,Database,"High memory usage"
10008813,2026-08-28 03:39:53,DEBUG,Storage,"Payment failed"
10008814,2026-08-28 03:39:54,ERROR,Authentication,"Server overloaded"
10008815,2026-08-28 03:39:55,WARN,Payment,"High memory usage"
10008816,2026-08-28 03:39:57,WARN,Storage,"Database unavailable"
10008817,2026-08-28 03:40:00,WARN,Database,"File not found"
10008818,2026-08-28 03:40:00,WARN,Database,"Payment failed"
10008819,2026-08-28 03:40:03,WARN,API,"File not found"
10008820,2026-08-28 03:40:05,WARN,Server,"File not found"
10008821,2026-08-28 03:40:07,INFO,Payment,"File not found"
10008822,2026-08-28 03:40:10,DEBUG,Payment,"Invalid request"
10008823,2026-08-28 03:40:10,DEBUG,Payment,"High memory usage"
10008824,2026-08-28 03:40:11,ERROR,Payment,"Authentication failed"
10008825,2026-08-28 03:40:13,ERROR,Authentication,"Connection refused"
10008826,2026-08-28 03:40:13,DEBUG,Storage,"Connection timeout"
10008827,2026-08-28 03:40:14,DEBUG,API,"Database unavailable"
10008828,2026-08-28 03:40:15,WARN,API,"Authentication failed"
10008829,2026-08-28 03:40:18,ERROR,API,"Invalid request"
10008830,2026-08-28 03:40:21,ERROR,API,"Authentication failed"
10008831,2026-08-28 03:40:23,DEBUG,Network,"Connection refused"
10008832,2026-08-28 03:40:23,INFO,Network,"Payment failed"
10008833,2026-08-28 03:40:23,INFO,Payment,"Invalid request"
10008834,2026-08-28 03:40:23,ERROR,Network,"Connection timeout"
10008835,2026-08-28 03:40:24,ERROR,Authentication,"Connection refused"
10008836,2026-08-28 03:40:24,INFO,Network,"Connection refused"
10008837,2026-08-28 03:40:26,DEBUG,Payment,"File not found"
10008838,2026-08-28 03:40:27,INFO,Authentication,"High memory usage"
10008839,2026-08-28 03:40:29,WARN,Network,"Invalid request"
10008840,2026-08-28 03:40:32,WARN,Database,"Connection timeout"
10008841,2026-08-28 03:40:35,DEBUG,API,"High memory usage"
10008842,2026-08-28 03:40:36,DEBUG,Network,"File not found"
10008843,2026-08-28 03:40:39,DEBUG,Database,"Server overloaded"
10008844,2026-08-28 03:40:40,WARN,Authentication,"High memory usage"
10008845,2026-08-28 03:40:40,DEBUG,Storage,"Server overloaded"
10008846,2026-08-28 03:40:43,WARN,Payment,"Connection timeout"
10008847,2026-08-28 03:40:45,ERROR,Authentication,"Invalid request"
10008848,2026-08-28 03:40:48,DEBUG,Database,"Payment failed"
10008849,2026-08-28 03:40:51,ERROR,Database,"Connection refused"
10008850,2026-08-28 03:40:54,DEBUG,Database,"Connection timeout"
10008851,2026-08-28 03:40:57,ERROR,Authentication,"Connection refused"
10008852,2026-08-28 03:40:58,ERROR,API,"File not found"
10008853,2026-08-28 03:41:01,ERROR,Database,"Request completed"
10008854,2026-08-28 03:41:03,DEBUG,Storage,"Database unavailable"
10008855,2026-08-28 03:41:03,WARN,Storage,"Connection timeout"
10008856,2026-08-28 03:41:05,WARN,Payment,"Request completed"
10008857,2026-08-28 03:41:05,DEBUG,Database,"Server overloaded"
10008858,2026-08-28 03:41:07,WARN,Storage,"Authentication failed"
10008859,2026-08-28 03:41:09,WARN,Server,"Payment failed"
10008860,2026-08-28 03:41:09,WARN,Storage,"Invalid request"
10008861,2026-08-28 03:41:10,INFO,API,"Connection refused"
10008862,2026-08-28 03:41:12,DEBUG,Network,"File not found"
10008863,2026-08-28 03:41:15,ERROR,API,"Server overloaded"
10008864,2026-08-28 03:41:18,INFO,Database,"Connection timeout"
10008865,2026-08-28 03:41:21,DEBUG,Database,"Invalid request"
10008866,2026-08-28 03:41:24,INFO,Network,"Connection refused"
10008867,2026-08-28 03:41:24,ERROR,API,"Server overloaded"
10008868,2026-08-28 03:41:27,DEBUG,Storage,"Connection timeout"
10008869,2026-08-28 03:41:29,WARN,Authentication,"Server overloaded"
10008870,2026-08-28 03:41:31,WARN,API,"Server overloaded"
10008871,2026-08-28 03:41:31,WARN,API,"Server overloaded"
10008872,2026-08-28 03:41:34,INFO,Authentication,"High memory usage"
10008873,2026-08-28 03:41:36,ERROR,API,"Invalid request"
10008874,2026-08-28 03:41:38,INFO,Database,"Invalid request"
10008875,2026-08-28 03:41:38,WARN,API,"Invalid request"
10008876,2026-08-28 03:41:38,WARN,Storage,"High memory usage"
10008877,2026-08-28 03:41:40,DEBUG,Authentication,"Invalid request"
10008878,2026-08-28 03:41:42,DEBUG,Payment,"High memory usage"
10008879,2026-08-28 03:41:43,ERROR,Storage,"Database unavailable"
10008880,2026-08-28 03:41:45,DEBUG,Storage,"High memory usage"
10008881,2026-08-28 03:41:46,ERROR,Storage,"Payment failed"
10008882,2026-08-28 03:41:48,DEBUG,Network,"Connection timeout"
10008883,2026-08-28 03:41:51,ERROR,Server,"Authentication failed"
10008884,2026-08-28 03:41:51,INFO,Storage,"Authentication failed"
10008885,2026-08-28 03:41:53,DEBUG,Authentication,"Payment failed"
10008886,2026-08-28 03:41:56,DEBUG,Authentication,"High memory usage"
10008887,2026-08-28 03:41:57,ERROR,Server,"Invalid request"
10008888,2026-08-28 03:41:59,WARN,API,"Connection timeout"
10008889,2026-08-28 03:41:59,WARN,Payment,"Invalid request"
10008890,2026-08-28 03:42:01,WARN,Database,"File not found"
10008891,2026-08-28 03:42:04,INFO,Payment,"High memory usage"
10008892,2026-08-28 03:42:05,ERROR,API,"Invalid request"
10008893,2026-08-28 03:42:07,INFO,Authentication,"Payment failed"
10008894,2026-08-28 03:42:10,DEBUG,Network,"Connection timeout"
10008895,2026-08-28 03:42:11,INFO,API,"Database unavailable"
10008896,2026-08-28 03:42:14,WARN,Network,"Connection timeout"
10008897,2026-08-28 03:42:14,DEBUG,Storage,"Connection timeout"
10008898,2026-08-28 03:42:16,ERROR,Authentication,"Database unavailable"
10008899,2026-08-28 03:42:17,ERROR,Authentication,"File not found"
10008900,2026-08-28 03:42:17,ERROR,Database,"Database unavailable"
10008901,2026-08-28 03:42:20,ERROR,Payment,"Server overloaded"
10008902,2026-08-28 03:42:22,INFO,API,"Request completed"
10008903,2026-08-28 03:42:23,ERROR,Server,"Connection refused"
10008904,2026-08-28 03:42:23,ERROR,Network,"File not found"
10008905,2026-08-28 03:42:24,WARN,Network,"File not found"
10008906,2026-08-28 03:42:27,ERROR,Network,"Invalid request"
10008907,2026-08-28 03:42:27,WARN,Storage,"Invalid request"
10008908,2026-08-28 03:42:28,INFO,Server,"Authentication failed"
10008909,2026-08-28 03:42:28,DEBUG,API,"Connection refused"
10008910,2026-08-28 03:42:31,INFO,Network,"Connection refused"
10008911,2026-08-28 03:42:32,ERROR,Database,"Payment failed"
10008912,2026-08-28 03:42:32,DEBUG,Server,"Connection timeout"
10008913,2026-08-28 03:42:35,DEBUG,Database,"Connection refused"
10008914,2026-08-28 03:42:38,INFO,Payment,"Request completed"
10008915,2026-08-28 03:42:40,ERROR,Payment,"High memory usage"
10008916,2026-08-28 03:42:41,INFO,Payment,"High memory usage"
10008917,2026-08-28 03:42:41,ERROR,Network,"Authentication failed"
10008918,2026-08-28 03:42:43,WARN,Network,"File not found"
10008919,2026-08-28 03:42:45,INFO,API,"Connection timeout"
10008920,2026-08-28 03:42:45,DEBUG,Network,"Connection timeout"
10008921,2026-08-28 03:42:46,DEBUG,Payment,"Database unavailable"
10008922,2026-08-28 03:42:48,INFO,Storage,"Database unavailable"
10008923,2026-08-28 03:42:50,ERROR,Authentication,"Connection timeout"
10008924,2026-08-28 03:42:52,INFO,Payment,"High memory usage"
10008925,2026-08-28 03:42:55,INFO,Storage,"File not found"
10008926,2026-08-28 03:42:56,DEBUG,Storage,"Database unavailable"
10008927,2026-08-28 03:42:56,INFO,Payment,"Payment failed"
10008928,2026-08-28 03:42:58,ERROR,Network,"Connection timeout"
10008929,2026-08-28 03:43:01,DEBUG,Authentication,"Request completed"
10008930,2026-08-28 03:43:03,INFO,Payment,"File not found"
10008931,2026-08-28 03:43:04,DEBUG,Storage,"Connection refused"
10008932,2026-08-28 03:43:07,ERROR,API,"Connection refused"
10008933,2026-08-28 03:43:07,ERROR,Payment,"Server overloaded"
10008934,2026-08-28 03:43:08,WARN,Payment,"Connection timeout"
10008935,2026-08-28 03:43:09,INFO,Payment,"Request completed"
10008936,2026-08-28 03:43:12,WARN,Server,"Request completed"
10008937,2026-08-28 03:43:12,ERROR,Payment,"Connection refused"
10008938,2026-08-28 03:43:15,INFO,Server,"High memory usage"
10008939,2026-08-28 03:43:15,WARN,API,"Connection refused"
10008940,2026-08-28 03:43:18,INFO,Network,"Authentication failed"
10008941,2026-08-28 03:43:20,DEBUG,Database,"Payment failed"
10008942,2026-08-28 03:43:21,INFO,Network,"Database unavailable"
10008943,2026-08-28 03:43:23,DEBUG,Database,"Authentication failed"
10008944,2026-08-28 03:43:24,DEBUG,API,"Payment failed"
10008945,2026-08-28 03:43:25,ERROR,Database,"Request completed"
10008946,2026-08-28 03:43:27,WARN,Database,"Invalid request"
10008947,2026-08-28 03:43:28,WARN,Storage,"High memory usage"
10008948,2026-08-28 03:43:30,DEBUG,Payment,"Authentication failed"
10008949,2026-08-28 03:43:33,WARN,API,"Request completed"
10008950,2026-08-28 03:43:33,INFO,Server,"Authentication failed"
10008951,2026-08-28 03:43:36,INFO,Authentication,"File not found"
10008952,2026-08-28 03:43:37,INFO,Authentication,"Invalid request"
10008953,2026-08-28 03:43:38,INFO,Server,"Connection timeout"
10008954,2026-08-28 03:43:40,ERROR,Server,"Request completed"
10008955,2026-08-28 03:43:42,WARN,Payment,"Authentication failed"
10008956,2026-08-28 03:43:44,INFO,Authentication,"Authentication failed"
10008957,2026-08-28 03:43:46,INFO,Database,"Payment failed"
10008958,2026-08-28 03:43:49,INFO,API,"Server overloaded"
10008959,2026-08-28 03:43:51,ERROR,Server,"Connection refused"
10008960,2026-08-28 03:43:51,INFO,Server,"Connection timeout"
10008961,2026-08-28 03:43:53,DEBUG,Authentication,"Request completed"
10008962,2026-08-28 03:43:55,ERROR,Storage,"High memory usage"
10008963,2026-08-28 03:43:58,DEBUG,Authentication,"File not found"
10008964,2026-08-28 03:43:58,ERROR,Storage,"File not found"
10008965,2026-08-28 03:44:00,DEBUG,Storage,"High memory usage"
10008966,2026-08-28 03:44:00,ERROR,Database,"High memory usage"
10008967,2026-08-28 03:44:00,ERROR,Server,"Authentication failed"
10008968,2026-08-28 03:44:00,ERROR,Authentication,"Connection timeout"
10008969,2026-08-28 03:44:02,INFO,Payment,"Database unavailable"
10008970,2026-08-28 03:44:04,DEBUG,API,"Connection timeout"
10008971,2026-08-28 03:44:07,WARN,Database,"Request completed"
10008972,2026-08-28 03:44:09,WARN,API,"Request completed"
10008973,2026-08-28 03:44:10,WARN,Authentication,"Database unavailable"
10008974,2026-08-28 03:44:13,WARN,Server,"Payment failed"
10008975,2026-08-28 03:44:16,ERROR,Storage,"Authentication failed"
10008976,2026-08-28 03:44:18,WARN,Storage,"Payment failed"
10008977,2026-08-28 03:44:21,WARN,Payment,"Connection timeout"
10008978,2026-08-28 03:44:22,WARN,Database,"Database unavailable"
10008979,2026-08-28 03:44:24,INFO,Network,"Database unavailable"
10008980,2026-08-28 03:44:27,WARN,Network,"Payment failed"
10008981,2026-08-28 03:44:27,ERROR,Payment,"Connection timeout"
10008982,2026-08-28 03:44:29,ERROR,API,"Connection timeout"
10008983,2026-08-28 03:44:32,ERROR,Authentication,"High memory usage"
10008984,2026-08-28 03:44:35,WARN,Network,"File not found"
10008985,2026-08-28 03:44:36,DEBUG,Network,"Payment failed"
10008986,2026-08-28 03:44:38,ERROR,Network,"Server overloaded"
10008987,2026-08-28 03:44:38,ERROR,API,"Invalid request"
10008988,2026-08-28 03:44:38,DEBUG,Server,"Database unavailable"
10008989,2026-08-28 03:44:40,WARN,Payment,"Database unavailable"
10008990,2026-08-28 03:44:41,ERROR,Network,"Server overloaded"
10008991,2026-08-28 03:44:42,ERROR,Server,"Authentication failed"
10008992,2026-08-28 03:44:42,INFO,Authentication,"High memory usage"
10008993,2026-08-28 03:44:42,WARN,Storage,"Payment failed"
10008994,2026-08-28 03:44:43,DEBUG,API,"Request completed"
10008995,2026-08-28 03:44:43,INFO,API,"Database unavailable"
10008996,2026-08-28 03:44:46,ERROR,Network,"Payment failed"
10008997,2026-08-28 03:44:47,INFO,Storage,"Database unavailable"
10008998,2026-08-28 03:44:50,WARN,Authentication,"File not found"
10008999,2026-08-28 03:44:53,DEBUG,Authentication,"Authentication failed"
10009000,2026-08-28 03:44:53,ERROR,Server,"High memory usage"
10009001,2026-08-28 03:44:54,INFO,Database,"Invalid request"
10009002,2026-08-28 03:44:57,DEBUG,Payment,"Database unavailable"
10009003,2026-08-28 03:44:58,ERROR,Payment,"Invalid request"
10009004,2026-08-28 03:45:01,WARN,Authentication,"Authentication failed"
10009005,2026-08-28 03:45:03,ERROR,API,"File not found"
10009006,2026-08-28 03:45:05,DEBUG,Server,"Request completed"
10009007,2026-08-28 03:45:08,ERROR,Server,"File not found"
10009008,2026-08-28 03:45:11,WARN,Network,"High memory usage"
10009009,2026-08-28 03:45:13,DEBUG,Storage,"Payment failed"
10009010,2026-08-28 03:45:13,INFO,Database,"Authentication failed"
10009011,2026-08-28 03:45:13,INFO,Network,"Request completed"
10009012,2026-08-28 03:45:14,ERROR,Database,"Connection refused"
10009013,2026-08-28 03:45:15,DEBUG,Server,"Payment failed"
10009014,2026-08-28 03:45:18,WARN,Server,"Authentication failed"
10009015,2026-08-28 03:45:18,ERROR,Database,"Connection refused"
10009016,2026-08-28 03:45:19,DEBUG,Network,"Connection timeout"
10009017,2026-08-28 03:45:22,ERROR,API,"Connection timeout"
10009018,2026-08-28 03:45:25,WARN,Authentication,"Invalid request"
10009019,2026-08-28 03:45:28,INFO,Authentication,"File not found"
10009020,2026-08-28 03:45:31,INFO,Storage,"High memory usage"
10009021,2026-08-28 03:45:34,WARN,Authentication,"Connection refused"
10009022,2026-08-28 03:45:34,DEBUG,Storage,"Server overloaded"
10009023,2026-08-28 03:45:36,INFO,Payment,"High memory usage"
10009024,2026-08-28 03:45:37,ERROR,Authentication,"Invalid request"
10009025,2026-08-28 03:45:40,ERROR,Storage,"Authentication failed"
10009026,2026-08-28 03:45:41,ERROR,Storage,"Connection timeout"
10009027,2026-08-28 03:45:43,INFO,Payment,"Invalid request"
10009028,2026-08-28 03:45:44,ERROR,Server,"Server overloaded"
10009029,2026-08-28 03:45:44,DEBUG,Storage,"Authentication failed"
10009030,2026-08-28 03:45:44,WARN,Network,"Connection timeout"
10009031,2026-08-28 03:45:46,INFO,Authentication,"Invalid request"
10009032,2026-08-28 03:45:49,DEBUG,Database,"Request completed"
10009033,2026-08-28 03:45:51,ERROR,Payment,"Request completed"
10009034,2026-08-28 03:45:52,ERROR,Server,"Server overloaded"
10009035,2026-08-28 03:45:52,WARN,Database,"High memory usage"
10009036,2026-08-28 03:45:54,DEBUG,API,"Invalid request"
10009037,2026-08-28 03:45:55,DEBUG,Server,"File not found"
10009038,2026-08-28 03:45:55,INFO,Authentication,"Payment failed"
10009039,2026-08-28 03:45:56,ERROR,Payment,"Authentication failed"
10009040,2026-08-28 03:45:57,DEBUG,Storage,"File not found"
10009041,2026-08-28 03:46:00,DEBUG,API,"File not found"
10009042,2026-08-28 03:46:03,DEBUG,API,"Invalid request"
10009043,2026-08-28 03:46:03,DEBUG,Network,"High memory usage"
10009044,2026-08-28 03:46:04,WARN,Database,"Server overloaded"
10009045,2026-08-28 03:46:06,ERROR,Server,"Connection timeout"
10009046,2026-08-28 03:46:06,INFO,Network,"Payment failed"
10009047,2026-08-28 03:46:07,ERROR,Payment,"Invalid request"
10009048,2026-08-28 03:46:08,DEBUG,Database,"High memory usage"
10009049,2026-08-28 03:46:11,DEBUG,Database,"Request completed"
10009050,2026-08-28 03:46:11,DEBUG,Authentication,"Connection refused"
10009051,2026-08-28 03:46:12,INFO,Authentication,"Payment failed"
10009052,2026-08-28 03:46:13,ERROR,Network,"Database unavailable"
10009053,2026-08-28 03:46:14,ERROR,Server,"Connection timeout"
10009054,2026-08-28 03:46:14,ERROR,API,"Server overloaded"
10009055,2026-08-28 03:46:17,WARN,API,"Connection refused"
10009056,2026-08-28 03:46:20,INFO,Server,"Invalid request"
10009057,2026-08-28 03:46:20,DEBUG,Server,"Payment failed"
10009058,2026-08-28 03:46:22,INFO,Network,"Authentication failed"
10009059,2026-08-28 03:46:22,ERROR,Storage,"File not found"
10009060,2026-08-28 03:46:24,WARN,Network,"Request completed"
10009061,2026-08-28 03:46:26,DEBUG,Server,"High memory usage"
10009062,2026-08-28 03:46:28,ERROR,Network,"File not found"
10009063,2026-08-28 03:46:30,ERROR,Authentication,"File not found"
10009064,2026-08-28 03:46:33,WARN,Database,"Database unavailable"
10009065,2026-08-28 03:46:35,INFO,Payment,"Database unavailable"
10009066,2026-08-28 03:46:37,WARN,Authentication,"Connection timeout"
10009067,2026-08-28 03:46:40,WARN,Storage,"Database unavailable"
10009068,2026-08-28 03:46:40,DEBUG,Payment,"File not found"
10009069,2026-08-28 03:46:42,WARN,Database,"Server overloaded"
10009070,2026-08-28 03:46:44,INFO,Server,"High memory usage"
10009071,2026-08-28 03:46:47,ERROR,Authentication,"High memory usage"
10009072,2026-08-28 03:46:50,WARN,Storage,"Server overloaded"
10009073,2026-08-28 03:46:53,DEBUG,Server,"Database unavailable"
10009074,2026-08-28 03:46:55,ERROR,Network,"Payment failed"
10009075,2026-08-28 03:46:58,ERROR,Storage,"Payment failed"
10009076,2026-08-28 03:46:59,ERROR,Database,"Invalid request"
10009077,2026-08-28 03:47:02,INFO,Database,"Request completed"
10009078,2026-08-28 03:47:02,WARN,Authentication,"Invalid request"
10009079,2026-08-28 03:47:02,WARN,API,"File not found"
10009080,2026-08-28 03:47:04,WARN,Server,"Request completed"
10009081,2026-08-28 03:47:04,ERROR,Storage,"Database unavailable"
10009082,2026-08-28 03:47:06,WARN,Payment,"Connection refused"
10009083,2026-08-28 03:47:08,INFO,Storage,"File not found"
10009084,2026-08-28 03:47:10,ERROR,Database,"Server overloaded"
10009085,2026-08-28 03:47:10,ERROR,Database,"Connection refused"
10009086,2026-08-28 03:47:11,DEBUG,API,"Connection timeout"
10009087,2026-08-28 03:47:11,INFO,Server,"High memory usage"
10009088,2026-08-28 03:47:12,DEBUG,Payment,"File not found"
10009089,2026-08-28 03:47:14,WARN,Storage,"Authentication failed"
10009090,2026-08-28 03:47:15,ERROR,Payment,"Database unavailable"
10009091,2026-08-28 03:47:16,INFO,Payment,"Connection refused"
10009092,2026-08-28 03:47:18,DEBUG,Storage,"Server overloaded"
10009093,2026-08-28 03:47:18,DEBUG,Authentication,"Server overloaded"
10009094,2026-08-28 03:47:20,INFO,Network,"Database unavailable"
10009095,2026-08-28 03:47:23,INFO,Authentication,"Server overloaded"
10009096,2026-08-28 03:47:26,ERROR,API,"Request completed"
10009097,2026-08-28 03:47:27,WARN,Storage,"High memory usage"
10009098,2026-08-28 03:47:27,ERROR,Authentication,"Connection refused"
10009099,2026-08-28 03:47:27,INFO,Network,"High memory usage"
10009100,2026-08-28 03:47:30,INFO,Database,"Authentication failed"
10009101,2026-08-28 03:47:32,ERROR,Network,"Payment failed"
10009102,2026-08-28 03:47:32,INFO,API,"File not found"
10009103,2026-08-28 03:47:35,WARN,Database,"High memory usage"
10009104,2026-08-28 03:47:35,ERROR,Database,"Invalid request"
10009105,2026-08-28 03:47:38,ERROR,Payment,"Connection timeout"
10009106,2026-08-28 03:47:38,DEBUG,Storage,"High memory usage"
10009107,2026-08-28 03:47:41,WARN,Storage,"High memory usage"
10009108,2026-08-28 03:47:41,WARN,Database,"Invalid request"
10009109,2026-08-28 03:47:42,DEBUG,Server,"Authentication failed"
10009110,2026-08-28 03:47:44,INFO,Database,"High memory usage"
10009111,2026-08-28 03:47:47,WARN,Authentication,"High memory usage"
10009112,2026-08-28 03:47:50,DEBUG,Database,"Connection refused"
10009113,2026-08-28 03:47:52,INFO,API,"Authentication failed"
10009114,2026-08-28 03:47:52,ERROR,Database,"Invalid request"
10009115,2026-08-28 03:47:55,WARN,Authentication,"Server overloaded"
10009116,2026-08-28 03:47:58,ERROR,Authentication,"High memory usage"
10009117,2026-08-28 03:48:01,ERROR,API,"High memory usage"
10009118,2026-08-28 03:48:02,INFO,Authentication,"High memory usage"
10009119,2026-08-28 03:48:05,DEBUG,API,"Request completed"
10009120,2026-08-28 03:48:05,DEBUG,Database,"High memory usage"
10009121,2026-08-28 03:48:06,INFO,Storage,"Connection timeout"
10009122,2026-08-28 03:48:06,WARN,Authentication,"Connection refused"
10009123,2026-08-28 03:48:08,WARN,Database,"Invalid request"
10009124,2026-08-28 03:48:09,ERROR,Payment,"Payment failed"
10009125,2026-08-28 03:48:10,DEBUG,Network,"High memory usage"
10009126,2026-08-28 03:48:13,INFO,Authentication,"Authentication failed"
10009127,2026-08-28 03:48:16,WARN,API,"High memory usage"
10009128,2026-08-28 03:48:18,DEBUG,API,"Server overloaded"
10009129,2026-08-28 03:48:21,ERROR,Payment,"Database unavailable"
10009130,2026-08-28 03:48:23,ERROR,Authentication,"File not found"
10009131,2026-08-28 03:48:25,WARN,Payment,"Request completed"
10009132,2026-08-28 03:48:28,WARN,Network,"Invalid request"
10009133,2026-08-28 03:48:28,WARN,Payment,"Authentication failed"
10009134,2026-08-28 03:48:30,DEBUG,Storage,"File not found"
10009135,2026-08-28 03:48:33,WARN,Storage,"Invalid request"
10009136,2026-08-28 03:48:36,INFO,Payment,"File not found"
10009137,2026-08-28 03:48:36,DEBUG,Database,"Authentication failed"
10009138,2026-08-28 03:48:38,DEBUG,Authentication,"Server overloaded"
10009139,2026-08-28 03:48:38,WARN,Authentication,"Connection timeout"
10009140,2026-08-28 03:48:39,DEBUG,Payment,"High memory usage"
10009141,2026-08-28 03:48:42,WARN,API,"File not found"
10009142,2026-08-28 03:48:44,ERROR,API,"Connection refused"
10009143,2026-08-28 03:48:45,DEBUG,Server,"Request completed"
10009144,2026-08-28 03:48:46,DEBUG,Payment,"Payment failed"
10009145,2026-08-28 03:48:47,ERROR,API,"Payment failed"
10009146,2026-08-28 03:48:50,ERROR,Storage,"Database unavailable"
10009147,2026-08-28 03:48:50,DEBUG,Authentication,"Payment failed"
10009148,2026-08-28 03:48:51,DEBUG,Payment,"High memory usage"
10009149,2026-08-28 03:48:51,DEBUG,Authentication,"Request completed"
10009150,2026-08-28 03:48:51,DEBUG,Storage,"Payment failed"
10009151,2026-08-28 03:48:54,DEBUG,Payment,"Invalid request"
10009152,2026-08-28 03:48:54,DEBUG,Network,"Server overloaded"
10009153,2026-08-28 03:48:54,WARN,Authentication,"High memory usage"
10009154,2026-08-28 03:48:56,INFO,API,"High memory usage"
10009155,2026-08-28 03:48:58,DEBUG,Authentication,"Connection refused"
10009156,2026-08-28 03:48:58,DEBUG,Authentication,"Server overloaded"
10009157,2026-08-28 03:48:58,ERROR,Server,"Payment failed"
10009158,2026-08-28 03:48:59,ERROR,API,"Connection timeout"
10009159,2026-08-28 03:49:00,ERROR,Authentication,"Database unavailable"
10009160,2026-08-28 03:49:03,WARN,Network,"High memory usage"
10009161,2026-08-28 03:49:04,INFO,Database,"Request completed"
10009162,2026-08-28 03:49:04,INFO,Server,"Request completed"
10009163,2026-08-28 03:49:05,DEBUG,Network,"Server overloaded"
10009164,2026-08-28 03:49:07,WARN,Authentication,"File not found"
10009165,2026-08-28 03:49:09,INFO,Payment,"Database unavailable"
10009166,2026-08-28 03:49:12,INFO,Server,"Connection timeout"
10009167,2026-08-28 03:49:15,WARN,Network,"Database unavailable"
10009168,2026-08-28 03:49:18,ERROR,Storage,"Connection timeout"
10009169,2026-08-28 03:49:19,DEBUG,Server,"Request completed"
10009170,2026-08-28 03:49:19,INFO,Payment,"Payment failed"
10009171,2026-08-28 03:49:21,WARN,Server,"Payment failed"
10009172,2026-08-28 03:49:22,ERROR,API,"Connection refused"
10009173,2026-08-28 03:49:22,ERROR,Database,"Request completed"
10009174,2026-08-28 03:49:24,ERROR,Payment,"Request completed"
10009175,2026-08-28 03:49:26,WARN,Payment,"Connection timeout"
10009176,2026-08-28 03:49:28,DEBUG,Server,"Payment failed"
10009177,2026-08-28 03:49:28,WARN,Payment,"Payment failed"
10009178,2026-08-28 03:49:28,WARN,Server,"Server overloaded"
10009179,2026-08-28 03:49:29,DEBUG,Network,"Invalid request"
10009180,2026-08-28 03:49:30,INFO,Database,"Payment failed"
10009181,2026-08-28 03:49:30,DEBUG,Storage,"File not found"
10009182,2026-08-28 03:49:30,DEBUG,Authentication,"Connection timeout"
10009183,2026-08-28 03:49:33,WARN,API,"Database unavailable"
10009184,2026-08-28 03:49:36,INFO,Server,"Server overloaded"
10009185,2026-08-28 03:49:38,INFO,Server,"High memory usage"
10009186,2026-08-28 03:49:41,WARN,API,"Database unavailable"
10009187,2026-08-28 03:49:41,INFO,API,"Database unavailable"
10009188,2026-08-28 03:49:41,INFO,Server,"Server overloaded"
10009189,2026-08-28 03:49:43,WARN,Authentication,"File not found"
10009190,2026-08-28 03:49:45,WARN,Database,"Request completed"
10009191,2026-08-28 03:49:48,ERROR,Payment,"Invalid request"
10009192,2026-08-28 03:49:49,DEBUG,Database,"Connection refused"
10009193,2026-08-28 03:49:52,INFO,Database,"Connection refused"
10009194,2026-08-28 03:49:54,ERROR,Payment,"Connection timeout"
10009195,2026-08-28 03:49:56,WARN,Storage,"Server overloaded"
10009196,2026-08-28 03:49:57,INFO,API,"Database unavailable"
10009197,2026-08-28 03:49:59,WARN,Payment,"Database unavailable"
10009198,2026-08-28 03:49:59,DEBUG,Network,"File not found"
10009199,2026-08-28 03:50:00,ERROR,Database,"Server overloaded"
10009200,2026-08-28 03:50:03,WARN,Storage,"File not found"
10009201,2026-08-28 03:50:04,WARN,Network,"Database unavailable"
10009202,2026-08-28 03:50:07,DEBUG,Server,"Invalid request"
10009203,2026-08-28 03:50:09,INFO,Payment,"Database unavailable"
10009204,2026-08-28 03:50:11,INFO,Authentication,"Payment failed"
10009205,2026-08-28 03:50:12,WARN,Authentication,"Connection refused"
10009206,2026-08-28 03:50:15,DEBUG,Database,"Request completed"
10009207,2026-08-28 03:50:15,ERROR,Payment,"High memory usage"
10009208,2026-08-28 03:50:17,INFO,Authentication,"Server overloaded"
10009209,2026-08-28 03:50:18,INFO,Server,"Server overloaded"
10009210,2026-08-28 03:50:19,INFO,Authentication,"High memory usage"
10009211,2026-08-28 03:50:20,DEBUG,Payment,"Connection refused"
10009212,2026-08-28 03:50:21,WARN,Network,"Server overloaded"
10009213,2026-08-28 03:50:24,WARN,Database,"Connection timeout"
10009214,2026-08-28 03:50:25,WARN,Authentication,"Payment failed"
10009215,2026-08-28 03:50:25,INFO,Network,"Connection refused"
10009216,2026-08-28 03:50:25,ERROR,Storage,"High memory usage"
10009217,2026-08-28 03:50:28,INFO,API,"Payment failed"
10009218,2026-08-28 03:50:29,DEBUG,Storage,"File not found"
10009219,2026-08-28 03:50:32,ERROR,Server,"Authentication failed"
10009220,2026-08-28 03:50:35,WARN,API,"Database unavailable"
10009221,2026-08-28 03:50:35,WARN,Authentication,"Database unavailable"
10009222,2026-08-28 03:50:35,INFO,Database,"Invalid request"
10009223,2026-08-28 03:50:36,DEBUG,Authentication,"Database unavailable"
10009224,2026-08-28 03:50:36,WARN,Storage,"Connection refused"
10009225,2026-08-28 03:50:39,ERROR,Server,"High memory usage"
10009226,2026-08-28 03:50:40,ERROR,API,"Connection timeout"
10009227,2026-08-28 03:50:42,INFO,Database,"Payment failed"
10009228,2026-08-28 03:50:44,ERROR,Network,"Connection refused"
10009229,2026-08-28 03:50:44,WARN,Payment,"Connection timeout"
10009230,2026-08-28 03:50:45,WARN,Payment,"Authentication failed"
10009231,2026-08-28 03:50:48,ERROR,Storage,"Server overloaded"
10009232,2026-08-28 03:50:51,WARN,Server,"File not found"
10009233,2026-08-28 03:50:54,DEBUG,API,"Database unavailable"
10009234,2026-08-28 03:50:55,INFO,Database,"Invalid request"
10009235,2026-08-28 03:50:56,ERROR,Payment,"Payment failed"
10009236,2026-08-28 03:50:56,ERROR,Payment,"File not found"
10009237,2026-08-28 03:50:56,WARN,Network,"Connection timeout"
10009238,2026-08-28 03:50:59,WARN,Network,"File not found"
10009239,2026-08-28 03:51:00,ERROR,Server,"Server overloaded"
10009240,2026-08-28 03:51:01,DEBUG,Server,"Request completed"
10009241,2026-08-28 03:51:02,INFO,Authentication,"Invalid request"
10009242,2026-08-28 03:51:04,WARN,Authentication,"Invalid request"
10009243,2026-08-28 03:51:05,WARN,Network,"Payment failed"
10009244,2026-08-28 03:51:05,INFO,Storage,"Database unavailable"
10009245,2026-08-28 03:51:07,INFO,Payment,"Server overloaded"
10009246,2026-08-28 03:51:09,ERROR,Network,"Invalid request"
10009247,2026-08-28 03:51:10,WARN,API,"Request completed"
10009248,2026-08-28 03:51:12,INFO,Storage,"Server overloaded"
10009249,2026-08-28 03:51:12,WARN,API,"Authentication failed"
10009250,2026-08-28 03:51:13,DEBUG,Payment,"Request completed"
10009251,2026-08-28 03:51:16,WARN,API,"Request completed"
10009252,2026-08-28 03:51:19,INFO,Server,"Invalid request"
10009253,2026-08-28 03:51:22,WARN,Server,"Request completed"
10009254,2026-08-28 03:51:22,ERROR,Server,"Connection timeout"
10009255,2026-08-28 03:51:24,ERROR,API,"Payment failed"
10009256,2026-08-28 03:51:27,ERROR,Server,"Server overloaded"
10009257,2026-08-28 03:51:28,ERROR,Server,"Connection refused"
10009258,2026-08-28 03:51:30,ERROR,Database,"Invalid request"
10009259,2026-08-28 03:51:31,ERROR,Network,"Authentication failed"
10009260,2026-08-28 03:51:34,INFO,Storage,"Authentication failed"
10009261,2026-08-28 03:51:36,ERROR,Network,"Connection refused"
10009262,2026-08-28 03:51:39,INFO,Server,"Database unavailable"
10009263,2026-08-28 03:51:40,DEBUG,Storage,"Connection timeout"
10009264,2026-08-28 03:51:42,DEBUG,Payment,"Connection timeout"
10009265,2026-08-28 03:51:45,INFO,Server,"Payment failed"
10009266,2026-08-28 03:51:46,WARN,Authentication,"File not found"
10009267,2026-08-28 03:51:47,INFO,Database,"File not found"
10009268,2026-08-28 03:51:48,ERROR,Storage,"Authentication failed"
10009269,2026-08-28 03:51:50,WARN,Network,"Server overloaded"
10009270,2026-08-28 03:51:50,ERROR,Network,"File not found"
10009271,2026-08-28 03:51:50,DEBUG,Storage,"Request completed"
10009272,2026-08-28 03:51:53,DEBUG,Network,"Connection timeout"
10009273,2026-08-28 03:51:56,INFO,Server,"Connection timeout"
10009274,2026-08-28 03:51:56,WARN,Network,"Connection refused"
10009275,2026-08-28 03:51:56,DEBUG,Authentication,"Invalid request"
10009276,2026-08-28 03:51:57,DEBUG,Database,"Payment failed"
10009277,2026-08-28 03:51:57,WARN,Network,"Authentication failed"
10009278,2026-08-28 03:51:59,WARN,Network,"Database unavailable"
10009279,2026-08-28 03:52:02,ERROR,Payment,"High memory usage"
10009280,2026-08-28 03:52:03,ERROR,API,"Database unavailable"
10009281,2026-08-28 03:52:06,DEBUG,Payment,"Payment failed"
10009282,2026-08-28 03:52:07,DEBUG,Database,"File not found"
10009283,2026-08-28 03:52:08,INFO,Storage,"Server overloaded"
10009284,2026-08-28 03:52:09,WARN,Network,"High memory usage"
10009285,2026-08-28 03:52:11,WARN,Server,"Connection timeout"
10009286,2026-08-28 03:52:12,INFO,API,"File not found"
10009287,2026-08-28 03:52:15,WARN,Authentication,"File not found"
10009288,2026-08-28 03:52:16,WARN,Storage,"Payment failed"
10009289,2026-08-28 03:52:18,DEBUG,Server,"File not found"
10009290,2026-08-28 03:52:21,DEBUG,API,"Database unavailable"
10009291,2026-08-28 03:52:23,ERROR,Database,"Request completed"
10009292,2026-08-28 03:52:25,ERROR,Server,"Connection refused"
10009293,2026-08-28 03:52:28,WARN,Database,"File not found"
10009294,2026-08-28 03:52:29,WARN,API,"Connection timeout"
10009295,2026-08-28 03:52:32,INFO,Storage,"Authentication failed"
10009296,2026-08-28 03:52:33,INFO,Server,"Connection refused"
10009297,2026-08-28 03:52:35,DEBUG,API,"Invalid request"
10009298,2026-08-28 03:52:35,ERROR,Storage,"Database unavailable"
10009299,2026-08-28 03:52:36,ERROR,API,"Invalid request"
10009300,2026-08-28 03:52:37,WARN,Server,"Invalid request"
10009301,2026-08-28 03:52:39,ERROR,API,"Payment failed"
10009302,2026-08-28 03:52:39,INFO,Network,"Database unavailable"
10009303,2026-08-28 03:52:42,INFO,Database,"File not found"
10009304,2026-08-28 03:52:42,ERROR,Network,"Connection timeout"
10009305,2026-08-28 03:52:43,ERROR,API,"Server overloaded"
10009306,2026-08-28 03:52:45,ERROR,Storage,"Connection timeout"
10009307,2026-08-28 03:52:48,WARN,Server,"Request completed"
10009308,2026-08-28 03:52:49,DEBUG,Database,"Invalid request"
10009309,2026-08-28 03:52:49,DEBUG,Database,"Payment failed"
10009310,2026-08-28 03:52:50,INFO,Authentication,"File not found"
10009311,2026-08-28 03:52:51,ERROR,Database,"Connection refused"
10009312,2026-08-28 03:52:51,WARN,Authentication,"Connection timeout"
10009313,2026-08-28 03:52:54,WARN,Storage,"High memory usage"
10009314,2026-08-28 03:52:55,WARN,Server,"Authentication failed"
10009315,2026-08-28 03:52:56,WARN,Storage,"Authentication failed"
10009316,2026-08-28 03:52:57,WARN,Authentication,"Connection refused"
10009317,2026-08-28 03:52:57,DEBUG,Payment,"Connection timeout"
10009318,2026-08-28 03:52:58,INFO,Database,"File not found"
10009319,2026-08-28 03:52:58,ERROR,Database,"Payment failed"
10009320,2026-08-28 03:53:00,INFO,Server,"Payment failed"
10009321,2026-08-28 03:53:03,INFO,Payment,"Invalid request"
10009322,2026-08-28 03:53:04,ERROR,API,"Database unavailable"
10009323,2026-08-28 03:53:06,INFO,API,"Authentication failed"
10009324,2026-08-28 03:53:09,ERROR,Authentication,"File not found"
10009325,2026-08-28 03:53:11,DEBUG,API,"Connection refused"
10009326,2026-08-28 03:53:12,ERROR,Server,"Request completed"
10009327,2026-08-28 03:53:13,INFO,API,"Payment failed"
10009328,2026-08-28 03:53:14,INFO,Database,"Connection timeout"
10009329,2026-08-28 03:53:17,ERROR,Server,"Server overloaded"
10009330,2026-08-28 03:53:18,INFO,Storage,"Payment failed"
10009331,2026-08-28 03:53:19,WARN,Server,"Invalid request"
10009332,2026-08-28 03:53:22,ERROR,API,"Connection timeout"
10009333,2026-08-28 03:53:25,INFO,API,"Invalid request"
10009334,2026-08-28 03:53:27,ERROR,Network,"High memory usage"
10009335,2026-08-28 03:53:29,DEBUG,API,"Authentication failed"
10009336,2026-08-28 03:53:29,INFO,Server,"Payment failed"
10009337,2026-08-28 03:53:31,INFO,Database,"Payment failed"
10009338,2026-08-28 03:53:32,ERROR,API,"Connection refused"
10009339,2026-08-28 03:53:34,INFO,Authentication,"Connection refused"
10009340,2026-08-28 03:53:35,INFO,Payment,"Authentication failed"
10009341,2026-08-28 03:53:36,WARN,Database,"Authentication failed"
10009342,2026-08-28 03:53:36,DEBUG,API,"Payment failed"
10009343,2026-08-28 03:53:37,INFO,Storage,"Invalid request"
10009344,2026-08-28 03:53:38,WARN,Storage,"Server overloaded"
10009345,2026-08-28 03:53:39,ERROR,Authentication,"Payment failed"
10009346,2026-08-28 03:53:41,INFO,Storage,"High memory usage"
10009347,2026-08-28 03:53:43,ERROR,Network,"Connection refused"
10009348,2026-08-28 03:53:44,ERROR,Server,"Database unavailable"
10009349,2026-08-28 03:53:44,INFO,Authentication,"High memory usage"
10009350,2026-08-28 03:53:46,DEBUG,API,"Invalid request"
10009351,2026-08-28 03:53:46,DEBUG,Storage,"High memory usage"
10009352,2026-08-28 03:53:48,DEBUG,Storage,"Payment failed"
10009353,2026-08-28 03:53:51,DEBUG,Server,"Connection refused"
10009354,2026-08-28 03:53:52,INFO,Payment,"Authentication failed"
10009355,2026-08-28 03:53:54,ERROR,Authentication,"Connection refused"
10009356,2026-08-28 03:53:55,INFO,Network,"File not found"
10009357,2026-08-28 03:53:56,INFO,Server,"Payment failed"
10009358,2026-08-28 03:53:56,WARN,Server,"Connection refused"
10009359,2026-08-28 03:53:56,WARN,Server,"Invalid request"
10009360,2026-08-28 03:53:59,INFO,Database,"Request completed"
10009361,2026-08-28 03:54:01,INFO,Storage,"Database unavailable"
10009362,2026-08-28 03:54:04,WARN,API,"Payment failed"
10009363,2026-08-28 03:54:04,ERROR,Authentication,"Invalid request"
10009364,2026-08-28 03:54:05,DEBUG,Database,"File not found"
10009365,2026-08-28 03:54:06,WARN,Payment,"Invalid request"
10009366,2026-08-28 03:54:07,WARN,Authentication,"Invalid request"
10009367,2026-08-28 03:54:10,INFO,API,"Database unavailable"
10009368,2026-08-28 03:54:11,INFO,Server,"Server overloaded"
10009369,2026-08-28 03:54:14,ERROR,Server,"Authentication failed"
10009370,2026-08-28 03:54:17,DEBUG,Payment,"Payment failed"
10009371,2026-08-28 03:54:20,INFO,Server,"Database unavailable"
10009372,2026-08-28 03:54:23,ERROR,Authentication,"Payment failed"
10009373,2026-08-28 03:54:25,DEBUG,Network,"Connection timeout"
10009374,2026-08-28 03:54:28,WARN,Storage,"Request completed"
10009375,2026-08-28 03:54:31,DEBUG,Payment,"File not found"
10009376,2026-08-28 03:54:31,WARN,Authentication,"High memory usage"
10009377,2026-08-28 03:54:31,ERROR,Server,"High memory usage"
10009378,2026-08-28 03:54:32,WARN,Network,"Connection refused"
10009379,2026-08-28 03:54:32,INFO,Server,"Payment failed"
10009380,2026-08-28 03:54:35,ERROR,Payment,"Connection timeout"
10009381,2026-08-28 03:54:36,INFO,Server,"Connection refused"
10009382,2026-08-28 03:54:38,WARN,Database,"Connection timeout"
10009383,2026-08-28 03:54:41,INFO,Server,"High memory usage"
10009384,2026-08-28 03:54:41,INFO,Server,"File not found"
10009385,2026-08-28 03:54:43,WARN,Payment,"High memory usage"
10009386,2026-08-28 03:54:44,INFO,Database,"Payment failed"
10009387,2026-08-28 03:54:44,ERROR,Server,"Connection timeout"
10009388,2026-08-28 03:54:45,DEBUG,Authentication,"Connection refused"
10009389,2026-08-28 03:54:47,ERROR,Payment,"Connection timeout"
10009390,2026-08-28 03:54:50,INFO,Storage,"Authentication failed"
10009391,2026-08-28 03:54:52,INFO,Database,"Invalid request"
10009392,2026-08-28 03:54:54,ERROR,Server,"Connection timeout"
10009393,2026-08-28 03:54:54,ERROR,Server,"Payment failed"
10009394,2026-08-28 03:54:57,INFO,Storage,"Server overloaded"
10009395,2026-08-28 03:54:57,INFO,API,"Connection timeout"
10009396,2026-08-28 03:54:58,WARN,Storage,"Connection timeout"
10009397,2026-08-28 03:54:59,DEBUG,Database,"File not found"
10009398,2026-08-28 03:55:01,WARN,Storage,"Server overloaded"
10009399,2026-08-28 03:55:01,DEBUG,API,"Database unavailable"
10009400,2026-08-28 03:55:02,WARN,Storage,"Request completed"
10009401,2026-08-28 03:55:03,INFO,Storage,"File not found"
10009402,2026-08-28 03:55:05,DEBUG,Database,"Connection timeout"
10009403,2026-08-28 03:55:07,ERROR,Authentication,"Server overloaded"
10009404,2026-08-28 03:55:08,WARN,Server,"Payment failed"
10009405,2026-08-28 03:55:11,WARN,Network,"Authentication failed"
10009406,2026-08-28 03:55:11,INFO,API,"Authentication failed"
10009407,2026-08-28 03:55:13,WARN,Authentication,"Database unavailable"
10009408,2026-08-28 03:55:15,WARN,Payment,"Database unavailable"
10009409,2026-08-28 03:55:17,DEBUG,Storage,"Authentication failed"
10009410,2026-08-28 03:55:17,DEBUG,Authentication,"Request completed"
10009411,2026-08-28 03:55:19,WARN,Server,"Connection refused"
10009412,2026-08-28 03:55:19,DEBUG,API,"High memory usage"
10009413,2026-08-28 03:55:21,DEBUG,Authentication,"High memory usage"
10009414,2026-08-28 03:55:24,WARN,Authentication,"Request completed"
10009415,2026-08-28 03:55:26,WARN,API,"File not found"
10009416,2026-08-28 03:55:26,DEBUG,Authentication,"Connection refused"
10009417,2026-08-28 03:55:29,ERROR,Network,"Authentication failed"
10009418,2026-08-28 03:55:29,DEBUG,Payment,"Authentication failed"
10009419,2026-08-28 03:55:32,ERROR,Authentication,"Payment failed"
10009420,2026-08-28 03:55:32,DEBUG,Server,"Connection timeout"
10009421,2026-08-28 03:55:34,DEBUG,Authentication,"File not found"
10009422,2026-08-28 03:55:36,INFO,Database,"Invalid request"
10009423,2026-08-28 03:55:36,WARN,Server,"High memory usage"
10009424,2026-08-28 03:55:38,INFO,API,"Invalid request"
10009425,2026-08-28 03:55:40,WARN,Database,"High memory usage"
10009426,2026-08-28 03:55:43,INFO,API,"High memory usage"
10009427,2026-08-28 03:55:44,INFO,Storage,"Invalid request"
10009428,2026-08-28 03:55:44,WARN,Database,"Server overloaded"
10009429,2026-08-28 03:55:47,DEBUG,Network,"Connection refused"
10009430,2026-08-28 03:55:48,DEBUG,Authentication,"Payment failed"
10009431,2026-08-28 03:55:51,ERROR,Server,"Payment failed"
10009432,2026-08-28 03:55:51,DEBUG,Network,"Invalid request"
10009433,2026-08-28 03:55:53,ERROR,Payment,"Authentication failed"
10009434,2026-08-28 03:55:53,INFO,API,"Authentication failed"
10009435,2026-08-28 03:55:53,WARN,Authentication,"High memory usage"
10009436,2026-08-28 03:55:53,DEBUG,Storage,"Connection refused"
10009437,2026-08-28 03:55:55,DEBUG,Storage,"Connection refused"
10009438,2026-08-28 03:55:58,WARN,Payment,"Database unavailable"
10009439,2026-08-28 03:55:58,ERROR,Storage,"High memory usage"
10009440,2026-08-28 03:55:58,ERROR,Server,"Payment failed"
10009441,2026-08-28 03:55:58,INFO,Network,"Server overloaded"
10009442,2026-08-28 03:56:01,WARN,Authentication,"High memory usage"
10009443,2026-08-28 03:56:04,INFO,Server,"Payment failed"
10009444,2026-08-28 03:56:05,WARN,Server,"Database unavailable"
10009445,2026-08-28 03:56:05,INFO,Payment,"High memory usage"
10009446,2026-08-28 03:56:06,DEBUG,Storage,"High memory usage"
10009447,2026-08-28 03:56:07,WARN,API,"Connection timeout"
10009448,2026-08-28 03:56:07,DEBUG,API,"Authentication failed"
10009449,2026-08-28 03:56:07,ERROR,Network,"Invalid request"
10009450,2026-08-28 03:56:08,INFO,API,"File not found"
10009451,2026-08-28 03:56:11,DEBUG,API,"File not found"
10009452,2026-08-28 03:56:12,ERROR,Payment,"High memory usage"
10009453,2026-08-28 03:56:12,DEBUG,Database,"File not found"
10009454,2026-08-28 03:56:12,WARN,Payment,"Payment failed"
10009455,2026-08-28 03:56:15,DEBUG,API,"Request completed"
10009456,2026-08-28 03:56:18,INFO,API,"File not found"
10009457,2026-08-28 03:56:18,INFO,Database,"File not found"
10009458,2026-08-28 03:56:20,INFO,Storage,"Connection refused"
10009459,2026-08-28 03:56:23,WARN,Payment,"Payment failed"
10009460,2026-08-28 03:56:23,DEBUG,Network,"High memory usage"
10009461,2026-08-28 03:56:23,DEBUG,Authentication,"Payment failed"
10009462,2026-08-28 03:56:24,WARN,Network,"Request completed"
10009463,2026-08-28 03:56:24,INFO,Storage,"Server overloaded"
10009464,2026-08-28 03:56:27,INFO,Database,"Authentication failed"
10009465,2026-08-28 03:56:28,DEBUG,Network,"Authentication failed"
10009466,2026-08-28 03:56:31,INFO,Network,"Server overloaded"
10009467,2026-08-28 03:56:31,WARN,API,"File not found"
10009468,2026-08-28 03:56:33,ERROR,Database,"File not found"
10009469,2026-08-28 03:56:36,WARN,Payment,"Request completed"
10009470,2026-08-28 03:56:36,INFO,Server,"Server overloaded"
10009471,2026-08-28 03:56:39,DEBUG,Authentication,"Connection refused"
10009472,2026-08-28 03:56:40,ERROR,Network,"Payment failed"
10009473,2026-08-28 03:56:41,INFO,API,"File not found"
10009474,2026-08-28 03:56:41,WARN,Database,"Request completed"
10009475,2026-08-28 03:56:44,ERROR,Server,"Server overloaded"
10009476,2026-08-28 03:56:46,DEBUG,Authentication,"Invalid request"
10009477,2026-08-28 03:56:46,ERROR,Authentication,"Request completed"
10009478,2026-08-28 03:56:48,DEBUG,Server,"Database unavailable"
10009479,2026-08-28 03:56:48,INFO,Database,"Payment failed"
10009480,2026-08-28 03:56:50,WARN,Payment,"Invalid request"
10009481,2026-08-28 03:56:51,ERROR,Database,"High memory usage"
10009482,2026-08-28 03:56:51,INFO,Database,"Connection refused"
10009483,2026-08-28 03:56:53,INFO,Payment,"Authentication failed"
10009484,2026-08-28 03:56:53,DEBUG,Database,"Database unavailable"
10009485,2026-08-28 03:56:55,INFO,Database,"Server overloaded"
10009486,2026-08-28 03:56:55,ERROR,Authentication,"High memory usage"
10009487,2026-08-28 03:56:57,DEBUG,Payment,"Database unavailable"
10009488,2026-08-28 03:57:00,WARN,Storage,"Server overloaded"
10009489,2026-08-28 03:57:02,WARN,API,"Connection timeout"
10009490,2026-08-28 03:57:04,ERROR,Database,"High memory usage"
10009491,2026-08-28 03:57:06,DEBUG,API,"Invalid request"
10009492,2026-08-28 03:57:06,WARN,Authentication,"Connection refused"
10009493,2026-08-28 03:57:06,INFO,API,"Connection refused"
10009494,2026-08-28 03:57:07,WARN,Payment,"File not found"
10009495,2026-08-28 03:57:07,WARN,Authentication,"Invalid request"
10009496,2026-08-28 03:57:09,INFO,Storage,"High memory usage"
10009497,2026-08-28 03:57:10,ERROR,Storage,"Payment failed"
10009498,2026-08-28 03:57:13,WARN,Authentication,"Server overloaded"
10009499,2026-08-28 03:57:14,INFO,Server,"Request completed"
10009500,2026-08-28 03:57:14,DEBUG,API,"Database unavailable"
10009501,2026-08-28 03:57:16,DEBUG,API,"Connection timeout"
10009502,2026-08-28 03:57:18,DEBUG,Storage,"Connection timeout"
10009503,2026-08-28 03:57:19,INFO,Network,"Connection timeout"
10009504,2026-08-28 03:57:20,ERROR,Server,"Server overloaded"
10009505,2026-08-28 03:57:23,WARN,Storage,"Invalid request"
10009506,2026-08-28 03:57:23,DEBUG,Authentication,"Connection refused"
10009507,2026-08-28 03:57:23,INFO,API,"Authentication failed"
10009508,2026-08-28 03:57:24,ERROR,Authentication,"Authentication failed"
10009509,2026-08-28 03:57:27,WARN,Database,"Authentication failed"
10009510,2026-08-28 03:57:28,WARN,Server,"Connection refused"
10009511,2026-08-28 03:57:28,WARN,API,"File not found"
10009512,2026-08-28 03:57:28,INFO,Database,"High memory usage"
10009513,2026-08-28 03:57:30,DEBUG,Database,"Payment failed"
10009514,2026-08-28 03:57:33,DEBUG,Server,"Connection timeout"
10009515,2026-08-28 03:57:33,INFO,Database,"Database unavailable"
10009516,2026-08-28 03:57:36,DEBUG,Payment,"Server overloaded"
10009517,2026-08-28 03:57:36,ERROR,Authentication,"Payment failed"
10009518,2026-08-28 03:57:36,INFO,Authentication,"File not found"
10009519,2026-08-28 03:57:36,DEBUG,Authentication,"Connection refused"
10009520,2026-08-28 03:57:37,WARN,Server,"Server overloaded"
10009521,2026-08-28 03:57:39,DEBUG,Authentication,"Request completed"
10009522,2026-08-28 03:57:40,INFO,Payment,"Server overloaded"
10009523,2026-08-28 03:57:40,INFO,Payment,"File not found"
10009524,2026-08-28 03:57:41,DEBUG,Authentication,"Invalid request"
10009525,2026-08-28 03:57:44,ERROR,Storage,"Authentication failed"
10009526,2026-08-28 03:57:46,INFO,Server,"Database unavailable"
10009527,2026-08-28 03:57:49,INFO,Network,"Authentication failed"
10009528,2026-08-28 03:57:51,WARN,Network,"Connection refused"
10009529,2026-08-28 03:57:52,WARN,API,"Connection refused"
10009530,2026-08-28 03:57:52,INFO,Storage,"Connection timeout"
10009531,2026-08-28 03:57:54,WARN,Storage,"Authentication failed"
10009532,2026-08-28 03:57:54,WARN,Database,"Invalid request"
10009533,2026-08-28 03:57:55,DEBUG,Network,"Authentication failed"
10009534,2026-08-28 03:57:57,WARN,Network,"Server overloaded"
10009535,2026-08-28 03:57:58,INFO,Storage,"Payment failed"
10009536,2026-08-28 03:57:59,ERROR,Server,"File not found"
10009537,2026-08-28 03:58:02,WARN,API,"Request completed"
10009538,2026-08-28 03:58:04,ERROR,Database,"Payment failed"
10009539,2026-08-28 03:58:04,DEBUG,Storage,"File not found"
10009540,2026-08-28 03:58:04,WARN,Storage,"File not found"
10009541,2026-08-28 03:58:04,DEBUG,API,"File not found"
10009542,2026-08-28 03:58:04,WARN,Storage,"Request completed"
10009543,2026-08-28 03:58:04,WARN,Database,"Database unavailable"
10009544,2026-08-28 03:58:07,INFO,Authentication,"Invalid request"
10009545,2026-08-28 03:58:09,ERROR,Database,"File not found"
10009546,2026-08-28 03:58:10,INFO,Network,"Server overloaded"
10009547,2026-08-28 03:58:10,DEBUG,Storage,"Invalid request"
10009548,2026-08-28 03:58:10,ERROR,API,"Invalid request"
10009549,2026-08-28 03:58:10,WARN,Network,"Payment failed"
10009550,2026-08-28 03:58:11,ERROR,API,"Authentication failed"
10009551,2026-08-28 03:58:13,ERROR,Payment,"Connection timeout"
10009552,2026-08-28 03:58:15,DEBUG,Storage,"Connection refused"
10009553,2026-08-28 03:58:18,ERROR,Server,"Authentication failed"
10009554,2026-08-28 03:58:19,ERROR,Database,"Invalid request"
10009555,2026-08-28 03:58:20,ERROR,Authentication,"Request completed"
10009556,2026-08-28 03:58:22,ERROR,Database,"Authentication failed"
10009557,2026-08-28 03:58:23,INFO,Storage,"Database unavailable"
10009558,2026-08-28 03:58:24,ERROR,Network,"Authentication failed"
10009559,2026-08-28 03:58:25,DEBUG,Authentication,"Payment failed"
10009560,2026-08-28 03:58:25,DEBUG,Database,"Server overloaded"
10009561,2026-08-28 03:58:26,ERROR,Payment,"Invalid request"
10009562,2026-08-28 03:58:26,WARN,Payment,"High memory usage"
10009563,2026-08-28 03:58:29,DEBUG,Storage,"Database unavailable"
10009564,2026-08-28 03:58:29,ERROR,API,"Database unavailable"
10009565,2026-08-28 03:58:29,INFO,API,"High memory usage"
10009566,2026-08-28 03:58:31,DEBUG,API,"Invalid request"
10009567,2026-08-28 03:58:32,ERROR,Server,"Connection refused"
10009568,2026-08-28 03:58:34,DEBUG,Database,"Server overloaded"
10009569,2026-08-28 03:58:36,ERROR,Network,"Request completed"
10009570,2026-08-28 03:58:39,WARN,Authentication,"Request completed"
10009571,2026-08-28 03:58:39,WARN,Database,"High memory usage"
10009572,2026-08-28 03:58:40,DEBUG,Database,"Authentication failed"
10009573,2026-08-28 03:58:40,INFO,Database,"Authentication failed"
10009574,2026-08-28 03:58:41,DEBUG,Server,"Database unavailable"
10009575,2026-08-28 03:58:43,DEBUG,Database,"File not found"
10009576,2026-08-28 03:58:44,WARN,Database,"Connection timeout"
10009577,2026-08-28 03:58:45,ERROR,Server,"Connection refused"
10009578,2026-08-28 03:58:45,DEBUG,Storage,"File not found"
10009579,2026-08-28 03:58:46,INFO,API,"Invalid request"
10009580,2026-08-28 03:58:46,DEBUG,Server,"File not found"
10009581,2026-08-28 03:58:47,INFO,Network,"Connection refused"
10009582,2026-08-28 03:58:49,ERROR,Network,"Connection refused"
10009583,2026-08-28 03:58:51,WARN,Authentication,"Payment failed"
10009584,2026-08-28 03:58:52,INFO,Database,"File not found"
10009585,2026-08-28 03:58:54,DEBUG,Database,"Connection refused"
10009586,2026-08-28 03:58:54,ERROR,API,"Request completed"
10009587,2026-08-28 03:58:54,WARN,Network,"Invalid request"
10009588,2026-08-28 03:58:57,WARN,Storage,"Connection refused"
10009589,2026-08-28 03:59:00,DEBUG,Storage,"Database unavailable"
10009590,2026-08-28 03:59:02,INFO,Payment,"Connection refused"
10009591,2026-08-28 03:59:03,DEBUG,Storage,"High memory usage"
10009592,2026-08-28 03:59:05,ERROR,Payment,"File not found"
10009593,2026-08-28 03:59:06,WARN,Server,"High memory usage"
10009594,2026-08-28 03:59:09,INFO,Storage,"Connection timeout"
10009595,2026-08-28 03:59:11,ERROR,Storage,"Database unavailable"
10009596,2026-08-28 03:59:12,WARN,API,"High memory usage"
10009597,2026-08-28 03:59:13,DEBUG,Storage,"Connection refused"
10009598,2026-08-28 03:59:13,INFO,API,"File not found"
10009599,2026-08-28 03:59:14,INFO,Authentication,"Payment failed"
10009600,2026-08-28 03:59:16,ERROR,API,"File not found"
10009601,2026-08-28 03:59:19,INFO,Payment,"Authentication failed"
10009602,2026-08-28 03:59:22,ERROR,Network,"Database unavailable"
10009603,2026-08-28 03:59:23,ERROR,Payment,"Server overloaded"
10009604,2026-08-28 03:59:26,WARN,Network,"Authentication failed"
10009605,2026-08-28 03:59:27,INFO,Database,"Connection refused"
10009606,2026-08-28 03:59:29,WARN,Payment,"Payment failed"
10009607,2026-08-28 03:59:31,INFO,Network,"Connection timeout"
10009608,2026-08-28 03:59:31,ERROR,Server,"File not found"
10009609,2026-08-28 03:59:31,WARN,API,"Connection refused"
10009610,2026-08-28 03:59:31,INFO,Authentication,"Authentication failed"
10009611,2026-08-28 03:59:34,DEBUG,Storage,"Request completed"
10009612,2026-08-28 03:59:35,ERROR,Authentication,"Request completed"
10009613,2026-08-28 03:59:37,INFO,Payment,"Connection timeout"
10009614,2026-08-28 03:59:39,ERROR,Server,"Connection timeout"
10009615,2026-08-28 03:59:40,ERROR,Payment,"Authentication failed"
10009616,2026-08-28 03:59:41,WARN,Authentication,"File not found"
10009617,2026-08-28 03:59:43,WARN,Server,"Connection timeout"
10009618,2026-08-28 03:59:45,WARN,Storage,"Payment failed"
10009619,2026-08-28 03:59:46,ERROR,Storage,"Connection timeout"
10009620,2026-08-28 03:59:47,INFO,Storage,"High memory usage"
10009621,2026-08-28 03:59:50,WARN,API,"Database unavailable"
10009622,2026-08-28 03:59:52,DEBUG,Network,"Connection refused"
10009623,2026-08-28 03:59:54,ERROR,Storage,"Authentication failed"
10009624,2026-08-28 03:59:57,ERROR,Authentication,"File not found"
10009625,2026-08-28 03:59:57,WARN,Database,"Request completed"
10009626,2026-08-28 03:59:59,WARN,Authentication,"File not found"
10009627,2026-08-28 04:00:01,ERROR,API,"Database unavailable"
10009628,2026-08-28 04:00:03,INFO,Storage,"Invalid request"
10009629,2026-08-28 04:00:06,ERROR,Authentication,"File not found"
10009630,2026-08-28 04:00:08,DEBUG,Storage,"High memory usage"
10009631,2026-08-28 04:00:10,ERROR,Payment,"High memory usage"
10009632,2026-08-28 04:00:11,ERROR,Payment,"Connection timeout"
10009633,2026-08-28 04:00:13,ERROR,Database,"Request completed"
10009634,2026-08-28 04:00:14,DEBUG,API,"Request completed"
10009635,2026-08-28 04:00:15,ERROR,Authentication,"Payment failed"
10009636,2026-08-28 04:00:17,ERROR,Server,"Invalid request"
10009637,2026-08-28 04:00:17,ERROR,Storage,"Request completed"
10009638,2026-08-28 04:00:20,ERROR,Authentication,"Connection refused"
10009639,2026-08-28 04:00:21,WARN,Database,"Connection timeout"
10009640,2026-08-28 04:00:22,INFO,API,"Database unavailable"
10009641,2026-08-28 04:00:25,ERROR,Server,"High memory usage"
10009642,2026-08-28 04:00:27,WARN,Storage,"Database unavailable"
10009643,2026-08-28 04:00:27,DEBUG,Database,"High memory usage"
10009644,2026-08-28 04:00:29,DEBUG,Authentication,"Database unavailable"
10009645,2026-08-28 04:00:31,ERROR,API,"Invalid request"
10009646,2026-08-28 04:00:33,INFO,Authentication,"High memory usage"
10009647,2026-08-28 04:00:36,WARN,Network,"File not found"
10009648,2026-08-28 04:00:37,WARN,Database,"Connection timeout"
10009649,2026-08-28 04:00:37,ERROR,API,"Request completed"
10009650,2026-08-28 04:00:38,ERROR,Payment,"Payment failed"
10009651,2026-08-28 04:00:38,WARN,API,"Connection timeout"
10009652,2026-08-28 04:00:41,DEBUG,Server,"Payment failed"
10009653,2026-08-28 04:00:42,WARN,Database,"File not found"
10009654,2026-08-28 04:00:42,DEBUG,API,"Server overloaded"
10009655,2026-08-28 04:00:42,INFO,Database,"Connection timeout"
10009656,2026-08-28 04:00:43,DEBUG,Network,"Request completed"
10009657,2026-08-28 04:00:44,WARN,Server,"Server overloaded"
10009658,2026-08-28 04:00:46,ERROR,Database,"Connection timeout"
10009659,2026-08-28 04:00:49,ERROR,Storage,"Payment failed"
10009660,2026-08-28 04:00:49,ERROR,API,"Connection timeout"
10009661,2026-08-28 04:00:52,ERROR,API,"High memory usage"
10009662,2026-08-28 04:00:55,ERROR,Authentication,"Authentication failed"
10009663,2026-08-28 04:00:57,INFO,Server,"Payment failed"
10009664,2026-08-28 04:00:57,ERROR,Payment,"Invalid request"
10009665,2026-08-28 04:00:58,ERROR,Network,"Payment failed"
10009666,2026-08-28 04:00:59,ERROR,API,"Server overloaded"
10009667,2026-08-28 04:01:00,DEBUG,Payment,"Database unavailable"
10009668,2026-08-28 04:01:03,ERROR,API,"Connection timeout"
10009669,2026-08-28 04:01:05,WARN,Authentication,"Authentication failed"
10009670,2026-08-28 04:01:05,DEBUG,Storage,"Connection timeout"
10009671,2026-08-28 04:01:07,ERROR,Storage,"High memory usage"
10009672,2026-08-28 04:01:07,INFO,Authentication,"Server overloaded"
10009673,2026-08-28 04:01:09,INFO,API,"Server overloaded"
10009674,2026-08-28 04:01:12,INFO,API,"Database unavailable"
10009675,2026-08-28 04:01:15,INFO,API,"Database unavailable"
10009676,2026-08-28 04:01:17,WARN,Authentication,"Request completed"
10009677,2026-08-28 04:01:19,WARN,Payment,"Server overloaded"
10009678,2026-08-28 04:01:19,WARN,Network,"Request completed"
10009679,2026-08-28 04:01:21,DEBUG,Database,"Payment failed"
10009680,2026-08-28 04:01:22,ERROR,API,"Database unavailable"
10009681,2026-08-28 04:01:25,INFO,Payment,"Authentication failed"
10009682,2026-08-28 04:01:25,INFO,Authentication,"High memory usage"
10009683,2026-08-28 04:01:28,ERROR,Payment,"File not found"
10009684,2026-08-28 04:01:31,ERROR,Authentication,"Connection refused"
10009685,2026-08-28 04:01:31,DEBUG,Storage,"Invalid request"
10009686,2026-08-28 04:01:31,DEBUG,Storage,"Invalid request"
10009687,2026-08-28 04:01:33,ERROR,Database,"Request completed"
10009688,2026-08-28 04:01:33,WARN,Database,"File not found"
10009689,2026-08-28 04:01:34,ERROR,Payment,"Authentication failed"
10009690,2026-08-28 04:01:37,ERROR,Storage,"High memory usage"
10009691,2026-08-28 04:01:39,INFO,Authentication,"Request completed"
10009692,2026-08-28 04:01:39,DEBUG,API,"High memory usage"
10009693,2026-08-28 04:01:42,WARN,Storage,"File not found"
10009694,2026-08-28 04:01:42,DEBUG,Authentication,"Connection timeout"
10009695,2026-08-28 04:01:43,WARN,Network,"Server overloaded"
10009696,2026-08-28 04:01:44,ERROR,Storage,"Payment failed"
10009697,2026-08-28 04:01:47,WARN,Authentication,"Invalid request"
10009698,2026-08-28 04:01:49,INFO,Network,"Invalid request"
10009699,2026-08-28 04:01:52,WARN,Authentication,"Connection timeout"
10009700,2026-08-28 04:01:53,INFO,Network,"File not found"
10009701,2026-08-28 04:01:53,WARN,Network,"Connection refused"
10009702,2026-08-28 04:01:53,INFO,Server,"Payment failed"
10009703,2026-08-28 04:01:56,DEBUG,Database,"Authentication failed"
10009704,2026-08-28 04:01:59,DEBUG,Network,"Connection timeout"
10009705,2026-08-28 04:01:59,WARN,Network,"High memory usage"
10009706,2026-08-28 04:02:00,WARN,API,"High memory usage"
10009707,2026-08-28 04:02:02,DEBUG,API,"Connection refused"
10009708,2026-08-28 04:02:03,INFO,Storage,"Payment failed"
10009709,2026-08-28 04:02:04,ERROR,Authentication,"Connection timeout"
10009710,2026-08-28 04:02:06,DEBUG,Authentication,"Server overloaded"
10009711,2026-08-28 04:02:06,WARN,Payment,"Connection timeout"
10009712,2026-08-28 04:02:09,WARN,Network,"High memory usage"
10009713,2026-08-28 04:02:09,ERROR,Authentication,"Invalid request"
10009714,2026-08-28 04:02:09,DEBUG,Payment,"File not found"
10009715,2026-08-28 04:02:12,ERROR,Server,"Payment failed"
10009716,2026-08-28 04:02:13,ERROR,Payment,"Server overloaded"
10009717,2026-08-28 04:02:15,ERROR,Payment,"Authentication failed"
10009718,2026-08-28 04:02:17,ERROR,Storage,"Connection timeout"
10009719,2026-08-28 04:02:19,ERROR,Storage,"Authentication failed"
10009720,2026-08-28 04:02:21,INFO,Authentication,"Connection refused"
10009721,2026-08-28 04:02:24,WARN,Server,"File not found"
10009722,2026-08-28 04:02:25,ERROR,Database,"Authentication failed"
10009723,2026-08-28 04:02:27,ERROR,Authentication,"High memory usage"
10009724,2026-08-28 04:02:27,ERROR,Storage,"Database unavailable"
10009725,2026-08-28 04:02:27,WARN,Authentication,"Database unavailable"
10009726,2026-08-28 04:02:29,DEBUG,API,"Invalid request"
10009727,2026-08-28 04:02:30,ERROR,Authentication,"High memory usage"
10009728,2026-08-28 04:02:31,INFO,Authentication,"Connection timeout"
10009729,2026-08-28 04:02:32,DEBUG,Authentication,"Invalid request"
10009730,2026-08-28 04:02:35,ERROR,Database,"Authentication failed"
10009731,2026-08-28 04:02:36,DEBUG,Database,"High memory usage"
10009732,2026-08-28 04:02:37,INFO,Payment,"File not found"
10009733,2026-08-28 04:02:39,ERROR,Server,"Authentication failed"
10009734,2026-08-28 04:02:41,ERROR,Payment,"Payment failed"
10009735,2026-08-28 04:02:41,WARN,Network,"Connection timeout"
10009736,2026-08-28 04:02:41,WARN,Storage,"Authentication failed"
10009737,2026-08-28 04:02:44,DEBUG,Payment,"Payment failed"
10009738,2026-08-28 04:02:46,ERROR,Authentication,"Request completed"
10009739,2026-08-28 04:02:46,INFO,Network,"File not found"
10009740,2026-08-28 04:02:48,ERROR,Storage,"Connection refused"
10009741,2026-08-28 04:02:50,DEBUG,Database,"Connection refused"
10009742,2026-08-28 04:02:52,ERROR,Server,"Connection timeout"
10009743,2026-08-28 04:02:55,DEBUG,Database,"High memory usage"
10009744,2026-08-28 04:02:58,ERROR,Authentication,"File not found"
10009745,2026-08-28 04:03:00,DEBUG,Server,"Invalid request"
10009746,2026-08-28 04:03:00,WARN,Database,"File not found"
10009747,2026-08-28 04:03:02,WARN,Network,"Request completed"
10009748,2026-08-28 04:03:03,DEBUG,Storage,"Connection timeout"
10009749,2026-08-28 04:03:05,WARN,Database,"High memory usage"
10009750,2026-08-28 04:03:08,DEBUG,Authentication,"Authentication failed"
10009751,2026-08-28 04:03:08,INFO,Authentication,"Request completed"
10009752,2026-08-28 04:03:09,ERROR,Storage,"Invalid request"
10009753,2026-08-28 04:03:10,DEBUG,Storage,"Database unavailable"
10009754,2026-08-28 04:03:12,WARN,Payment,"File not found"
10009755,2026-08-28 04:03:14,ERROR,Network,"Database unavailable"
10009756,2026-08-28 04:03:16,INFO,Storage,"Invalid request"
10009757,2026-08-28 04:03:16,DEBUG,Database,"Database unavailable"
10009758,2026-08-28 04:03:17,DEBUG,Storage,"Connection refused"
10009759,2026-08-28 04:03:19,ERROR,Authentication,"Invalid request"
10009760,2026-08-28 04:03:21,WARN,Authentication,"Invalid request"
10009761,2026-08-28 04:03:24,ERROR,Database,"Authentication failed"
10009762,2026-08-28 04:03:24,DEBUG,Server,"Invalid request"
10009763,2026-08-28 04:03:27,WARN,Authentication,"File not found"
10009764,2026-08-28 04:03:27,ERROR,API,"Database unavailable"
10009765,2026-08-28 04:03:27,ERROR,Authentication,"High memory usage"
10009766,2026-08-28 04:03:27,DEBUG,Storage,"Connection refused"
10009767,2026-08-28 04:03:29,INFO,API,"Payment failed"
10009768,2026-08-28 04:03:30,INFO,Database,"Database unavailable"
10009769,2026-08-28 04:03:33,INFO,Network,"Database unavailable"
10009770,2026-08-28 04:03:35,INFO,Storage,"Invalid request"
10009771,2026-08-28 04:03:35,ERROR,Server,"Invalid request"
10009772,2026-08-28 04:03:35,ERROR,Storage,"Server overloaded"
10009773,2026-08-28 04:03:36,ERROR,Network,"Connection timeout"
10009774,2026-08-28 04:03:38,DEBUG,Network,"Invalid request"
10009775,2026-08-28 04:03:41,WARN,Authentication,"Payment failed"
10009776,2026-08-28 04:03:41,DEBUG,Database,"High memory usage"
10009777,2026-08-28 04:03:41,WARN,Database,"Invalid request"
10009778,2026-08-28 04:03:42,WARN,Network,"Payment failed"
10009779,2026-08-28 04:03:42,DEBUG,API,"Invalid request"
10009780,2026-08-28 04:03:43,ERROR,Authentication,"Request completed"
10009781,2026-08-28 04:03:45,INFO,Storage,"High memory usage"
10009782,2026-08-28 04:03:46,ERROR,Storage,"Connection refused"
10009783,2026-08-28 04:03:48,INFO,Payment,"Database unavailable"
10009784,2026-08-28 04:03:49,WARN,Server,"Invalid request"
10009785,2026-08-28 04:03:52,WARN,Server,"Payment failed"
10009786,2026-08-28 04:03:53,ERROR,Network,"Connection refused"
10009787,2026-08-28 04:03:56,DEBUG,Authentication,"Request completed"
10009788,2026-08-28 04:03:57,INFO,API,"Connection timeout"
10009789,2026-08-28 04:03:57,DEBUG,Network,"Connection refused"
10009790,2026-08-28 04:03:58,WARN,Server,"Database unavailable"
10009791,2026-08-28 04:04:01,INFO,Authentication,"Connection refused"
10009792,2026-08-28 04:04:04,ERROR,Network,"Connection timeout"
10009793,2026-08-28 04:04:06,DEBUG,Network,"High memory usage"
10009794,2026-08-28 04:04:08,INFO,Payment,"Database unavailable"
10009795,2026-08-28 04:04:10,INFO,Storage,"File not found"
10009796,2026-08-28 04:04:11,ERROR,Payment,"Connection refused"
10009797,2026-08-28 04:04:13,WARN,Authentication,"Connection refused"
10009798,2026-08-28 04:04:16,DEBUG,Storage,"Database unavailable"
10009799,2026-08-28 04:04:18,ERROR,Storage,"Payment failed"
10009800,2026-08-28 04:04:21,WARN,Authentication,"Request completed"
10009801,2026-08-28 04:04:21,DEBUG,Network,"Connection timeout"
10009802,2026-08-28 04:04:24,DEBUG,API,"Server overloaded"
10009803,2026-08-28 04:04:26,WARN,Authentication,"File not found"
10009804,2026-08-28 04:04:26,WARN,Storage,"High memory usage"
10009805,2026-08-28 04:04:29,WARN,Database,"Connection timeout"
10009806,2026-08-28 04:04:29,ERROR,Storage,"High memory usage"
10009807,2026-08-28 04:04:30,ERROR,Payment,"File not found"
10009808,2026-08-28 04:04:33,WARN,Server,"Connection timeout"
10009809,2026-08-28 04:04:34,INFO,Database,"High memory usage"
10009810,2026-08-28 04:04:34,ERROR,API,"Request completed"
10009811,2026-08-28 04:04:35,DEBUG,Storage,"Server overloaded"
10009812,2026-08-28 04:04:37,DEBUG,Storage,"Connection refused"
10009813,2026-08-28 04:04:39,INFO,Storage,"Server overloaded"
10009814,2026-08-28 04:04:41,DEBUG,Storage,"Connection timeout"
10009815,2026-08-28 04:04:43,ERROR,Payment,"Payment failed"
10009816,2026-08-28 04:04:46,WARN,API,"Database unavailable"
10009817,2026-08-28 04:04:46,ERROR,Storage,"Payment failed"
10009818,2026-08-28 04:04:49,WARN,Authentication,"High memory usage"
10009819,2026-08-28 04:04:49,INFO,Storage,"Connection refused"
10009820,2026-08-28 04:04:52,INFO,Network,"Invalid request"
10009821,2026-08-28 04:04:55,INFO,Payment,"Connection timeout"
10009822,2026-08-28 04:04:58,INFO,Payment,"Authentication failed"
10009823,2026-08-28 04:05:00,WARN,Storage,"Connection timeout"
10009824,2026-08-28 04:05:03,INFO,API,"Request completed"
10009825,2026-08-28 04:05:06,DEBUG,Payment,"High memory usage"
10009826,2026-08-28 04:05:09,WARN,Authentication,"High memory usage"
10009827,2026-08-28 04:05:10,ERROR,Database,"Payment failed"
10009828,2026-08-28 04:05:13,WARN,Authentication,"Authentication failed"
10009829,2026-08-28 04:05:14,INFO,Storage,"File not found"
10009830,2026-08-28 04:05:15,INFO,Database,"Payment failed"
10009831,2026-08-28 04:05:18,INFO,API,"Payment failed"
10009832,2026-08-28 04:05:19,DEBUG,Storage,"Request completed"
10009833,2026-08-28 04:05:19,WARN,Payment,"High memory usage"
10009834,2026-08-28 04:05:19,INFO,Database,"File not found"
10009835,2026-08-28 04:05:22,INFO,Payment,"Connection refused"
10009836,2026-08-28 04:05:24,WARN,Storage,"File not found"
10009837,2026-08-28 04:05:24,INFO,Authentication,"File not found"
10009838,2026-08-28 04:05:24,ERROR,Database,"Database unavailable"
10009839,2026-08-28 04:05:27,INFO,Database,"Invalid request"
10009840,2026-08-28 04:05:28,WARN,Authentication,"Invalid request"
10009841,2026-08-28 04:05:29,ERROR,Database,"File not found"
10009842,2026-08-28 04:05:29,DEBUG,Network,"Authentication failed"
10009843,2026-08-28 04:05:31,WARN,Database,"Connection timeout"
10009844,2026-08-28 04:05:34,WARN,Server,"Authentication failed"
10009845,2026-08-28 04:05:34,INFO,Database,"Request completed"
10009846,2026-08-28 04:05:37,DEBUG,Server,"Connection refused"
10009847,2026-08-28 04:05:38,ERROR,Payment,"Authentication failed"
10009848,2026-08-28 04:05:41,INFO,Server,"Authentication failed"
10009849,2026-08-28 04:05:43,DEBUG,API,"Payment failed"
10009850,2026-08-28 04:05:44,DEBUG,Storage,"Connection refused"
10009851,2026-08-28 04:05:45,WARN,API,"File not found"
10009852,2026-08-28 04:05:45,WARN,Database,"Connection refused"
10009853,2026-08-28 04:05:48,ERROR,API,"Payment failed"
10009854,2026-08-28 04:05:49,ERROR,Database,"High memory usage"
10009855,2026-08-28 04:05:49,ERROR,Server,"Database unavailable"
10009856,2026-08-28 04:05:51,DEBUG,Authentication,"Payment failed"
10009857,2026-08-28 04:05:53,WARN,Storage,"Payment failed"
10009858,2026-08-28 04:05:55,WARN,Network,"Request completed"
10009859,2026-08-28 04:05:55,DEBUG,Server,"Authentication failed"
10009860,2026-08-28 04:05:58,INFO,Server,"Connection refused"
10009861,2026-08-28 04:06:00,WARN,Database,"File not found"
10009862,2026-08-28 04:06:01,DEBUG,Network,"Connection timeout"
10009863,2026-08-28 04:06:02,WARN,Storage,"Database unavailable"
10009864,2026-08-28 04:06:04,ERROR,Storage,"Request completed"
10009865,2026-08-28 04:06:05,ERROR,Database,"Payment failed"
10009866,2026-08-28 04:06:06,DEBUG,Authentication,"High memory usage"
10009867,2026-08-28 04:06:06,WARN,Payment,"Payment failed"
10009868,2026-08-28 04:06:06,WARN,Database,"Request completed"
10009869,2026-08-28 04:06:09,DEBUG,Payment,"Authentication failed"
10009870,2026-08-28 04:06:10,ERROR,API,"Invalid request"
10009871,2026-08-28 04:06:13,WARN,Authentication,"Authentication failed"
10009872,2026-08-28 04:06:16,DEBUG,Payment,"Invalid request"
10009873,2026-08-28 04:06:19,DEBUG,Server,"Database unavailable"
10009874,2026-08-28 04:06:22,ERROR,Database,"Request completed"
10009875,2026-08-28 04:06:23,DEBUG,Storage,"Authentication failed"
10009876,2026-08-28 04:06:23,ERROR,Network,"Database unavailable"
10009877,2026-08-28 04:06:26,WARN,Storage,"File not found"
10009878,2026-08-28 04:06:28,DEBUG,Server,"Database unavailable"
10009879,2026-08-28 04:06:30,DEBUG,Network,"Invalid request"
10009880,2026-08-28 04:06:33,ERROR,Server,"Database unavailable"
10009881,2026-08-28 04:06:36,DEBUG,Database,"Authentication failed"
10009882,2026-08-28 04:06:38,WARN,Database,"Invalid request"
10009883,2026-08-28 04:06:39,DEBUG,API,"Request completed"
10009884,2026-08-28 04:06:39,DEBUG,Network,"Connection refused"
10009885,2026-08-28 04:06:41,INFO,API,"High memory usage"
10009886,2026-08-28 04:06:44,ERROR,Database,"Payment failed"
10009887,2026-08-28 04:06:47,INFO,Storage,"Invalid request"
10009888,2026-08-28 04:06:47,ERROR,Storage,"Request completed"
10009889,2026-08-28 04:06:50,WARN,Server,"Database unavailable"
10009890,2026-08-28 04:06:52,INFO,Network,"Server overloaded"
10009891,2026-08-28 04:06:53,INFO,Server,"Payment failed"
10009892,2026-08-28 04:06:56,DEBUG,Payment,"Request completed"
10009893,2026-08-28 04:06:58,WARN,API,"Server overloaded"
10009894,2026-08-28 04:06:59,ERROR,Database,"Invalid request"
10009895,2026-08-28 04:06:59,DEBUG,Payment,"Database unavailable"
10009896,2026-08-28 04:07:00,DEBUG,Database,"Request completed"
10009897,2026-08-28 04:07:01,DEBUG,Database,"Invalid request"
10009898,2026-08-28 04:07:04,WARN,Database,"Authentication failed"
10009899,2026-08-28 04:07:07,INFO,Server,"File not found"
10009900,2026-08-28 04:07:07,WARN,Network,"Invalid request"
10009901,2026-08-28 04:07:09,INFO,Storage,"High memory usage"
10009902,2026-08-28 04:07:12,ERROR,Storage,"File not found"
10009903,2026-08-28 04:07:14,INFO,Database,"Server overloaded"
10009904,2026-08-28 04:07:14,INFO,Database,"Database unavailable"
10009905,2026-08-28 04:07:16,INFO,Database,"Invalid request"
10009906,2026-08-28 04:07:19,DEBUG,Network,"High memory usage"
10009907,2026-08-28 04:07:22,DEBUG,Payment,"Invalid request"
10009908,2026-08-28 04:07:24,WARN,API,"Connection timeout"
10009909,2026-08-28 04:07:24,ERROR,API,"Connection refused"
10009910,2026-08-28 04:07:24,INFO,Database,"Authentication failed"
10009911,2026-08-28 04:07:24,WARN,Server,"Payment failed"
10009912,2026-08-28 04:07:26,INFO,API,"Database unavailable"
10009913,2026-08-28 04:07:29,INFO,Storage,"Connection timeout"
10009914,2026-08-28 04:07:30,INFO,Server,"Database unavailable"
10009915,2026-08-28 04:07:30,WARN,Payment,"Authentication failed"
10009916,2026-08-28 04:07:32,DEBUG,API,"Authentication failed"
10009917,2026-08-28 04:07:32,ERROR,Server,"Invalid request"
10009918,2026-08-28 04:07:33,INFO,Authentication,"Connection refused"
10009919,2026-08-28 04:07:33,ERROR,Payment,"Database unavailable"
10009920,2026-08-28 04:07:35,ERROR,API,"Payment failed"
10009921,2026-08-28 04:07:35,ERROR,API,"Authentication failed"
10009922,2026-08-28 04:07:38,INFO,Authentication,"Connection timeout"
10009923,2026-08-28 04:07:41,ERROR,API,"Database unavailable"
10009924,2026-08-28 04:07:43,WARN,Network,"Payment failed"
10009925,2026-08-28 04:07:43,WARN,Database,"Connection timeout"
10009926,2026-08-28 04:07:45,WARN,Authentication,"Database unavailable"
10009927,2026-08-28 04:07:46,DEBUG,API,"Authentication failed"
10009928,2026-08-28 04:07:48,INFO,Network,"Server overloaded"
10009929,2026-08-28 04:07:49,WARN,Payment,"Request completed"
10009930,2026-08-28 04:07:50,DEBUG,API,"Authentication failed"
10009931,2026-08-28 04:07:50,WARN,Network,"Authentication failed"
10009932,2026-08-28 04:07:52,DEBUG,Payment,"Request completed"
10009933,2026-08-28 04:07:55,WARN,Authentication,"High memory usage"
10009934,2026-08-28 04:07:55,INFO,Storage,"Payment failed"
10009935,2026-08-28 04:07:55,ERROR,Database,"Database unavailable"
10009936,2026-08-28 04:07:55,ERROR,Database,"Authentication failed"
10009937,2026-08-28 04:07:58,DEBUG,Server,"Invalid request"
10009938,2026-08-28 04:08:00,WARN,Payment,"Request completed"
10009939,2026-08-28 04:08:03,WARN,Server,"Connection timeout"
10009940,2026-08-28 04:08:03,INFO,Network,"Authentication failed"
10009941,2026-08-28 04:08:03,ERROR,Payment,"Authentication failed"
10009942,2026-08-28 04:08:06,DEBUG,Payment,"Connection refused"
10009943,2026-08-28 04:08:08,INFO,Database,"Connection refused"
10009944,2026-08-28 04:08:09,DEBUG,Network,"Request completed"
10009945,2026-08-28 04:08:09,DEBUG,Database,"Server overloaded"
10009946,2026-08-28 04:08:09,ERROR,Storage,"Server overloaded"
10009947,2026-08-28 04:08:10,WARN,Payment,"High memory usage"
10009948,2026-08-28 04:08:12,INFO,Server,"Invalid request"
10009949,2026-08-28 04:08:15,WARN,Network,"Server overloaded"
10009950,2026-08-28 04:08:18,ERROR,API,"Invalid request"
10009951,2026-08-28 04:08:20,ERROR,Network,"Connection timeout"
10009952,2026-08-28 04:08:21,WARN,Authentication,"Server overloaded"
10009953,2026-08-28 04:08:23,WARN,Storage,"Server overloaded"
10009954,2026-08-28 04:08:24,DEBUG,Network,"Request completed"
10009955,2026-08-28 04:08:26,WARN,API,"Authentication failed"
10009956,2026-08-28 04:08:28,DEBUG,Storage,"Connection refused"
10009957,2026-08-28 04:08:31,DEBUG,Server,"Authentication failed"
10009958,2026-08-28 04:08:31,INFO,Payment,"Connection refused"
10009959,2026-08-28 04:08:33,ERROR,Payment,"High memory usage"
10009960,2026-08-28 04:08:35,INFO,Network,"Invalid request"
10009961,2026-08-28 04:08:35,WARN,Database,"High memory usage"
10009962,2026-08-28 04:08:38,WARN,API,"Server overloaded"
10009963,2026-08-28 04:08:40,WARN,Payment,"Server overloaded"
10009964,2026-08-28 04:08:42,WARN,API,"Invalid request"
10009965,2026-08-28 04:08:42,INFO,Authentication,"High memory usage"
10009966,2026-08-28 04:08:44,ERROR,Network,"Database unavailable"
10009967,2026-08-28 04:08:47,WARN,Authentication,"File not found"
10009968,2026-08-28 04:08:49,INFO,Storage,"Database unavailable"
10009969,2026-08-28 04:08:51,ERROR,Database,"Authentication failed"
10009970,2026-08-28 04:08:51,WARN,Storage,"Authentication failed"
10009971,2026-08-28 04:08:53,ERROR,Database,"Request completed"
10009972,2026-08-28 04:08:54,DEBUG,Storage,"Invalid request"
10009973,2026-08-28 04:08:54,WARN,Network,"Server overloaded"
10009974,2026-08-28 04:08:56,DEBUG,Network,"Connection timeout"
10009975,2026-08-28 04:08:57,INFO,Network,"Connection refused"
10009976,2026-08-28 04:08:58,DEBUG,Network,"Payment failed"
10009977,2026-08-28 04:08:58,ERROR,Storage,"Connection timeout"
10009978,2026-08-28 04:08:59,DEBUG,API,"Database unavailable"
10009979,2026-08-28 04:09:02,INFO,Payment,"Connection refused"
10009980,2026-08-28 04:09:03,INFO,Database,"Invalid request"
10009981,2026-08-28 04:09:06,INFO,Authentication,"Database unavailable"
10009982,2026-08-28 04:09:07,WARN,Network,"Database unavailable"
10009983,2026-08-28 04:09:07,WARN,API,"Request completed"
10009984,2026-08-28 04:09:08,WARN,Network,"Authentication failed"
10009985,2026-08-28 04:09:08,WARN,Network,"Authentication failed"
10009986,2026-08-28 04:09:10,WARN,Storage,"Payment failed"
10009987,2026-08-28 04:09:10,DEBUG,Database,"High memory usage"
10009988,2026-08-28 04:09:11,DEBUG,Payment,"Invalid request"
10009989,2026-08-28 04:09:13,INFO,Database,"Invalid request"
10009990,2026-08-28 04:09:15,INFO,Payment,"Authentication failed"
10009991,2026-08-28 04:09:17,INFO,API,"High memory usage"
10009992,2026-08-28 04:09:19,ERROR,Payment,"Connection timeout"
10009993,2026-08-28 04:09:21,INFO,Storage,"Connection refused"
10009994,2026-08-28 04:09:23,INFO,Server,"Request completed"
10009995,2026-08-28 04:09:23,ERROR,Storage,"Database unavailable"
10009996,2026-08-28 04:09:24,DEBUG,Storage,"Connection refused"
10009997,2026-08-28 04:09:25,DEBUG,Server,"Connection refused"
10009998,2026-08-28 04:09:28,DEBUG,Payment,"Server overloaded"
10009999,2026-08-28 04:09:28,WARN,Storage,"Connection refused"
10010000,2026-08-28 04:09:30,DEBUG,Server,"High memory usage"
